method,mechanism,model,severity,seed,rmse,mae,r2,train_time_sec
hybrid_linear_seasonal,MAR,lightgbm,10,1,22.606114359963488,12.128697875020269,0.9241924107393096,5.818257200007793
hybrid_linear_seasonal,MAR,lightgbm,10,2,22.62709400220804,12.112442137002756,0.9240516387277256,5.215890999999829
hybrid_linear_seasonal,MAR,lightgbm,10,3,22.700129139359795,12.156774272762416,0.9235605592237878,4.5526333000161685
hybrid_linear_seasonal,MAR,lightgbm,10,4,22.711908095678364,12.14835209252474,0.9234812107382908,3.812314399983734
hybrid_linear_seasonal,MAR,lightgbm,10,5,22.7298629471445,12.16129536589911,0.9233601793788704,4.062460399989504
hybrid_linear_seasonal,MAR,lightgbm,10,6,22.67277786024264,12.13973000550344,0.9237446512983448,4.325071999977808
hybrid_linear_seasonal,MAR,lightgbm,10,7,22.757066494829967,12.17389836366536,0.9231766215079352,3.5329196999955457
hybrid_linear_seasonal,MAR,lightgbm,10,8,22.6342082144578,12.13573431976926,0.9240038731859148,3.5674365000159014
hybrid_linear_seasonal,MAR,lightgbm,10,9,22.64545043635924,12.11076731264574,0.9239283611564016,3.3306063000054564
hybrid_linear_seasonal,MAR,lightgbm,10,10,22.820075683754443,12.150741378809125,0.9227506193247248,3.3798395000048918
hybrid_linear_seasonal,MAR,lightgbm,10,11,22.74344207741302,12.128616018914316,0.9232685806767392,5.235123399994336
hybrid_linear_seasonal,MAR,lightgbm,10,12,22.67811349088644,12.14235175221692,0.9237087564245356,5.239003700000467
hybrid_linear_seasonal,MAR,lightgbm,10,13,22.673172379994107,12.157291525442384,0.9237419974988728,4.530805399990641
hybrid_linear_seasonal,MAR,lightgbm,10,14,22.61049894795795,12.121455307192033,0.924163001237572,4.621796599996742
hybrid_linear_seasonal,MAR,lightgbm,10,15,22.733339256631474,12.14650388241374,0.9233367349692342,4.232432599994354
hybrid_linear_seasonal,MAR,lightgbm,10,16,22.66502037238818,12.137418167183968,0.9237968238857244,3.893751299998257
hybrid_linear_seasonal,MAR,lightgbm,10,17,22.610664972130305,12.137453200771985,0.9241618875229912,3.3924050999921747
hybrid_linear_seasonal,MAR,lightgbm,10,18,22.82183856775272,12.17849445808786,0.9227386836099558,4.380463799985591
hybrid_linear_seasonal,MAR,lightgbm,10,19,22.67852299339218,12.136242646345476,0.9237060011920522,3.4396782999974675
hybrid_linear_seasonal,MAR,lightgbm,10,20,22.7515050558501,12.180052475027525,0.9232141655671116,3.643791899987264
hybrid_linear_seasonal,MAR,lightgbm,10,21,22.601212463490693,12.127201826898927,0.9242252833205612,5.315877200016985
hybrid_linear_seasonal,MAR,lightgbm,10,22,22.69105230422271,12.180597574095948,0.9236216768924278,5.37578719999874
hybrid_linear_seasonal,MAR,lightgbm,10,23,22.845656828158628,12.19603357660718,0.9225773302259384,4.458507200004533
hybrid_linear_seasonal,MAR,lightgbm,10,24,22.70429130657334,12.141444392937336,0.923532525647441,4.540492800006177
hybrid_linear_seasonal,MAR,lightgbm,10,25,22.62652799533364,12.12555041910846,0.9240554383103784,3.4034059999976307
hybrid_linear_seasonal,MAR,lightgbm,10,26,22.62839878429723,12.139676725752407,0.9240428794130164,3.632929399987916
hybrid_linear_seasonal,MAR,lightgbm,10,27,22.65937415774109,12.159666860633417,0.923834785986781,3.6318642999976873
hybrid_linear_seasonal,MAR,lightgbm,10,28,22.635085513426148,12.135877294753412,0.9239979818717494,3.406932700017933
hybrid_linear_seasonal,MAR,lightgbm,10,29,22.78011791258027,12.15066029144689,0.9230209085835402,3.675477399985539
hybrid_linear_seasonal,MAR,lightgbm,10,30,22.73727920752888,12.167311291972071,0.9233101594036488,3.3221046999969985
hybrid_linear_seasonal,MAR,lightgbm,20,1,22.496407456453067,12.027405703197772,0.924926410009117,5.334813699999359
hybrid_linear_seasonal,MAR,lightgbm,20,2,22.6958004846918,12.029599059427074,0.9235897086962508,5.147493599972222
hybrid_linear_seasonal,MAR,lightgbm,20,3,22.53402294836809,12.014434921644076,0.9246751440305504,4.828510799998185
hybrid_linear_seasonal,MAR,lightgbm,20,4,22.654026835262453,12.0525194202186,0.9238707297777892,4.9248009999864735
hybrid_linear_seasonal,MAR,lightgbm,20,5,22.515105319166278,12.04137799489942,0.924801563494839,3.3522069999889936
hybrid_linear_seasonal,MAR,lightgbm,20,6,22.57649299351116,12.040221478926656,0.9243909458048036,3.352622700011125
hybrid_linear_seasonal,MAR,lightgbm,20,7,22.63658460571828,12.064880334151844,0.923987914508642,3.605160800012527
hybrid_linear_seasonal,MAR,lightgbm,20,8,22.558704741579053,12.032888277516006,0.9245100451754292,3.318619800003944
hybrid_linear_seasonal,MAR,lightgbm,20,9,22.65814309161219,12.018548046599117,0.9238430617553388,3.616427400003886
hybrid_linear_seasonal,MAR,lightgbm,20,10,22.67546308761801,12.076217152086189,0.92372658777948,3.4305208000005223
hybrid_linear_seasonal,MAR,lightgbm,20,11,22.544349749709824,12.023348611148707,0.9246060890674084,5.279051200021058
hybrid_linear_seasonal,MAR,lightgbm,20,12,22.46980396081772,12.03494149494675,0.925103864031936,5.012560699979076
hybrid_linear_seasonal,MAR,lightgbm,20,13,22.602530907020085,12.06473755925624,0.9242164424144343,4.788410899986047
hybrid_linear_seasonal,MAR,lightgbm,20,14,22.524829225643494,12.027953650922708,0.9247365955140112,4.762682000000496
hybrid_linear_seasonal,MAR,lightgbm,20,15,22.536521294262773,12.01412554261652,0.924658440579304,3.713197800010676
hybrid_linear_seasonal,MAR,lightgbm,20,16,22.57121255472308,12.028635957153176,0.9244263102249766,3.633601399982581
hybrid_linear_seasonal,MAR,lightgbm,20,17,22.624507147676724,12.043526660554546,0.924069003408481,3.603765799984103
hybrid_linear_seasonal,MAR,lightgbm,20,18,22.682597896635627,12.080701445187312,0.9236785815409676,3.3586286999925505
hybrid_linear_seasonal,MAR,lightgbm,20,19,22.602715429697053,12.013441583151671,0.9242152050448624,3.656194999988657
hybrid_linear_seasonal,MAR,lightgbm,20,20,22.620044727182265,12.069535038936564,0.9240989534637386,3.312443400005577
hybrid_linear_seasonal,MAR,lightgbm,20,21,22.575590036051548,12.010867737207356,0.9243969937232503,5.169858800014481
hybrid_linear_seasonal,MAR,lightgbm,20,22,22.706318979852732,12.09093102451022,0.9235188667337108,5.035261299984995
hybrid_linear_seasonal,MAR,lightgbm,20,23,22.763702831093443,12.101922607561931,0.9231318090441238,4.544767200015485
hybrid_linear_seasonal,MAR,lightgbm,20,24,22.660407415564265,12.072007198138785,0.9238278396256864,4.420686700002989
hybrid_linear_seasonal,MAR,lightgbm,20,25,22.71960489972343,12.04572897234998,0.9234293392778712,3.7476842000032775
hybrid_linear_seasonal,MAR,lightgbm,20,26,22.566307510429464,12.060892114797044,0.9244591531231184,3.3527758000127506
hybrid_linear_seasonal,MAR,lightgbm,20,27,22.56148649173351,12.05510311024208,0.924491426452124,3.907585600012681
hybrid_linear_seasonal,MAR,lightgbm,20,28,22.58916948499611,12.048519282337658,0.9243060144016424,3.31540579997818
hybrid_linear_seasonal,MAR,lightgbm,20,29,22.570230309609688,12.023535492061091,0.9244328876538236,3.646479899995029
hybrid_linear_seasonal,MAR,lightgbm,20,30,22.47952216155848,12.049028998752334,0.9250390647943212,3.2904942000168376
hybrid_linear_seasonal,MAR,lightgbm,30,1,22.441047317696263,11.959047958679468,0.9252954440986932,5.597323499998311
hybrid_linear_seasonal,MAR,lightgbm,30,2,22.375366632181745,11.95848614984762,0.9257320962711107,5.770613999979105
hybrid_linear_seasonal,MAR,lightgbm,30,3,22.427823376847854,11.938070685408396,0.9253834611636268,4.622993800003314
hybrid_linear_seasonal,MAR,lightgbm,30,4,22.428674655793948,11.973780735600435,0.925377796708993,4.725805599999148
hybrid_linear_seasonal,MAR,lightgbm,30,5,22.32399151638507,11.961920398765336,0.9260727514110816,3.9668306999956258
hybrid_linear_seasonal,MAR,lightgbm,30,6,22.33556728375272,11.945407802850548,0.9259960638256152,3.6974790999956895
hybrid_linear_seasonal,MAR,lightgbm,30,7,22.33670435375638,11.988457551324167,0.925988528776532,3.3337780000001658
hybrid_linear_seasonal,MAR,lightgbm,30,8,22.410380516862705,11.9424394575188,0.925499479530438,3.365078800008632
hybrid_linear_seasonal,MAR,lightgbm,30,9,22.33762278945764,11.93595378709798,0.9259824422765824,3.7574137999909
hybrid_linear_seasonal,MAR,lightgbm,30,10,22.45080929543596,11.995486472394717,0.925230436185436,3.749503500002902
hybrid_linear_seasonal,MAR,lightgbm,30,11,22.28937336348411,11.93118038379419,0.9263018538526347,5.374112699995749
hybrid_linear_seasonal,MAR,lightgbm,30,12,22.297294873523292,11.923240087798868,0.9262494607831054,5.154528100014431
hybrid_linear_seasonal,MAR,lightgbm,30,13,22.391564448617725,11.962942293086252,0.9256245303646332,4.560452000005171
hybrid_linear_seasonal,MAR,lightgbm,30,14,22.366234412648623,11.960493422990552,0.9257927068887292,4.727452399994945
hybrid_linear_seasonal,MAR,lightgbm,30,15,22.347928486003795,11.972541973290683,0.925914128968614,3.4475649000087287
hybrid_linear_seasonal,MAR,lightgbm,30,16,22.31093203695881,11.978013452437525,0.9261592206240762,3.356006799993338
hybrid_linear_seasonal,MAR,lightgbm,30,17,22.25827456072425,11.960352162686837,0.9265073621181924,3.914050200022757
hybrid_linear_seasonal,MAR,lightgbm,30,18,22.29247298862166,11.949753966695082,0.9262813550699912,3.3694694000005256
hybrid_linear_seasonal,MAR,lightgbm,30,19,22.459335849193828,11.9649852343079,0.9251736321959224,3.9967228999885274
hybrid_linear_seasonal,MAR,lightgbm,30,20,22.44845457990533,11.98242859104271,0.9252461195238744,3.377113399998052
hybrid_linear_seasonal,MAR,lightgbm,30,21,22.32400941723104,11.950113611181823,0.9260726328515652,5.224416899989592
hybrid_linear_seasonal,MAR,lightgbm,30,22,22.324812118798462,11.969615340512746,0.9260673163621078,5.544087899994338
hybrid_linear_seasonal,MAR,lightgbm,30,23,22.63875629793158,12.028754157843387,0.9239733290245268,4.485895699996036
hybrid_linear_seasonal,MAR,lightgbm,30,24,22.334251013940207,11.956377228475048,0.9260047859033416,4.630957699991996
hybrid_linear_seasonal,MAR,lightgbm,30,25,22.30492482611891,11.931240723525274,0.9261989784802754,3.346792500000447
hybrid_linear_seasonal,MAR,lightgbm,30,26,22.390730977106006,11.96346453932206,0.9256300671534128,3.347571100021014
hybrid_linear_seasonal,MAR,lightgbm,30,27,22.35167495786109,11.979228513685316,0.9258892869438552,3.803719300020021
hybrid_linear_seasonal,MAR,lightgbm,30,28,22.381584059240048,11.952954606032169,0.9256908169986322,3.40165960000013
hybrid_linear_seasonal,MAR,lightgbm,30,29,22.46623637765308,11.972565496920154,0.9251276450121708,3.809371399984229
hybrid_linear_seasonal,MAR,lightgbm,30,30,22.394256783022406,11.955536224389768,0.9256066436578112,3.3958758000226226
hybrid_linear_seasonal,MAR,lightgbm,40,1,22.308768815160263,11.905678024019448,0.9261735388282252,5.276829899987206
hybrid_linear_seasonal,MAR,lightgbm,40,2,22.412580619444224,11.901862945943163,0.9254848508780572,5.271930600021733
hybrid_linear_seasonal,MAR,lightgbm,40,3,22.300016744333973,11.872541586555029,0.9262314539626892,4.706015900010243
hybrid_linear_seasonal,MAR,lightgbm,40,4,22.33280180467367,11.905266588067091,0.9260143882912436,4.68624589999672
hybrid_linear_seasonal,MAR,lightgbm,40,5,22.27851473285234,11.879827870950288,0.926373642862056,3.4297828000271693
hybrid_linear_seasonal,MAR,lightgbm,40,6,22.227618809493265,11.888734781838451,0.9267096617652516,3.307544899987988
hybrid_linear_seasonal,MAR,lightgbm,40,7,22.43031339733808,11.924008022148222,0.9253668918317384,4.286997299990617
hybrid_linear_seasonal,MAR,lightgbm,40,8,22.284823087634283,11.889532709193524,0.9263319410748584,3.2948907000245526
hybrid_linear_seasonal,MAR,lightgbm,40,9,22.445659268130697,11.897627015139294,0.9252647352723692,3.573689100012416
hybrid_linear_seasonal,MAR,lightgbm,40,10,22.44422564272225,11.937043176791024,0.9252742817910524,3.3623318999889307
hybrid_linear_seasonal,MAR,lightgbm,40,11,22.30927609307256,11.891533154872215,0.9261701813180732,5.4239852000027895
hybrid_linear_seasonal,MAR,lightgbm,40,12,22.44590360669011,11.916254526360513,0.9252631081598756,5.206771500001196
hybrid_linear_seasonal,MAR,lightgbm,40,13,22.388847828044824,11.908728818118538,0.9256425762385336,4.431641800008947
hybrid_linear_seasonal,MAR,lightgbm,40,14,22.35585049195943,11.893858922895715,0.9258615949955362,4.649854999996023
hybrid_linear_seasonal,MAR,lightgbm,40,15,22.424831958991863,11.941943088373344,0.9254033645093128,3.3467252000118606
hybrid_linear_seasonal,MAR,lightgbm,40,16,22.30255708019832,11.895584979216505,0.9262146461226692,4.360134300019126
hybrid_linear_seasonal,MAR,lightgbm,40,17,22.37794293093385,11.917577358866671,0.9257149928800408,3.550581699993927
hybrid_linear_seasonal,MAR,lightgbm,40,18,22.47440258072785,11.950997158469832,0.925073204742994,3.831295799987856
hybrid_linear_seasonal,MAR,lightgbm,40,19,22.32978224840911,11.895729520943108,0.926034393717914,3.998353999981191
hybrid_linear_seasonal,MAR,lightgbm,40,20,22.281973453965907,11.898859006131476,0.9263507802245474,3.3463530000008177
hybrid_linear_seasonal,MAR,lightgbm,40,21,22.34385418650039,11.895950732419694,0.9259411400190972,5.306491499999538
hybrid_linear_seasonal,MAR,lightgbm,40,22,22.394765192771743,11.937055957111571,0.9256032657616522,5.234188400005223
hybrid_linear_seasonal,MAR,lightgbm,40,23,22.527953145460035,11.945080547310727,0.9247157178290084,4.494970300002024
hybrid_linear_seasonal,MAR,lightgbm,40,24,22.43059489937578,11.90077654586936,0.9253650185182904,5.098097399983089
hybrid_linear_seasonal,MAR,lightgbm,40,25,22.344013562669083,11.905547289098088,0.925940083508492,3.429085200012196
hybrid_linear_seasonal,MAR,lightgbm,40,26,22.35401482065878,11.905901349065308,0.92587376971955,3.4061706000065897
hybrid_linear_seasonal,MAR,lightgbm,40,27,22.374191837757003,11.910397669395069,0.9257398947782998,3.914103899995098
hybrid_linear_seasonal,MAR,lightgbm,40,28,22.439948078706838,11.927684274529968,0.925302762487016,3.6207814999797847
hybrid_linear_seasonal,MAR,lightgbm,40,29,22.482076308554863,11.919819643710785,0.9250220295456946,3.763266499998281
hybrid_linear_seasonal,MAR,lightgbm,40,30,22.425835902858392,11.909290904481194,0.9253966850825768,3.3762526999926195
hybrid_linear_seasonal,MAR,lightgbm,50,1,22.241766153925685,11.877404851489118,0.9266163370023208,5.750337500008754
hybrid_linear_seasonal,MAR,lightgbm,50,2,22.23031303768823,11.910162543376458,0.9266918935225458,5.789200200000778
hybrid_linear_seasonal,MAR,lightgbm,50,3,22.275445225966948,11.900340096781958,0.9263939297657496,4.497757300006924
hybrid_linear_seasonal,MAR,lightgbm,50,4,22.250023474603115,11.911995759194172,0.926561839089298,4.536800500005484
hybrid_linear_seasonal,MAR,lightgbm,50,5,22.09458437394961,11.86144106508779,0.9275843358454756,3.4359181000036187
hybrid_linear_seasonal,MAR,lightgbm,50,6,22.168034441704105,11.88963535198137,0.9271020659514332,3.388974500005133
hybrid_linear_seasonal,MAR,lightgbm,50,7,22.245020079110155,11.904958840172917,0.9265948636701778,4.516115500009619
hybrid_linear_seasonal,MAR,lightgbm,50,8,22.25681752969417,11.927832447058632,0.9265169834883312,3.398010400007479
hybrid_linear_seasonal,MAR,lightgbm,50,9,22.34495086833441,11.905022904999456,0.9259338699215656,3.675163300009445
hybrid_linear_seasonal,MAR,lightgbm,50,10,22.25399495242761,11.899244007371111,0.926535620325318,3.4009628999920096
hybrid_linear_seasonal,MAR,lightgbm,50,11,22.256375958393136,11.906181332946144,0.9265198992393618,5.356831800017972
hybrid_linear_seasonal,MAR,lightgbm,50,12,22.276487164734306,11.90781485161741,0.9263870437250016,5.378450099990005
hybrid_linear_seasonal,MAR,lightgbm,50,13,22.28770752232136,11.898258422464492,0.9263128693994388,4.657824299996719
hybrid_linear_seasonal,MAR,lightgbm,50,14,22.28790230997817,11.903268029521923,0.9263115813884388,4.798128099995665
hybrid_linear_seasonal,MAR,lightgbm,50,15,22.243623996450506,11.890186689931928,0.9266040770960878,3.602600300015183
hybrid_linear_seasonal,MAR,lightgbm,50,16,22.180762994125185,11.88170665510068,0.9270183281201668,3.961664400005248
hybrid_linear_seasonal,MAR,lightgbm,50,17,22.151586997761672,11.894438160485112,0.9272101982170236,4.0400380000064615
hybrid_linear_seasonal,MAR,lightgbm,50,18,22.300204444977812,11.94379352681336,0.9262302121284772,3.593619999999646
hybrid_linear_seasonal,MAR,lightgbm,50,19,22.21109034065641,11.880765865527652,0.92681861870676,3.657102199998917
hybrid_linear_seasonal,MAR,lightgbm,50,20,22.27766474346972,11.907429975829968,0.9263792608692496,3.381561700021848
hybrid_linear_seasonal,MAR,lightgbm,50,21,22.25109007474267,11.8964319201668,0.926554798105256,5.575188099988736
hybrid_linear_seasonal,MAR,lightgbm,50,22,22.163944578502164,11.917119663807084,0.9271289618926164,5.1098259999998845
hybrid_linear_seasonal,MAR,lightgbm,50,23,22.38662113867808,11.950367474712518,0.9256573659814136,4.501853900001152
hybrid_linear_seasonal,MAR,lightgbm,50,24,22.284526302754667,11.907661932565937,0.9263339032551572,4.872304399992572
hybrid_linear_seasonal,MAR,lightgbm,50,25,22.189525717952783,11.894991323337042,0.926960652506461,3.3818336999975145
hybrid_linear_seasonal,MAR,lightgbm,50,26,22.10767697723741,11.890501884523928,0.9274984876161068,3.5693005999783054
hybrid_linear_seasonal,MAR,lightgbm,50,27,22.235314461075426,11.90394995175788,0.9266589037826478,3.860661100014113
hybrid_linear_seasonal,MAR,lightgbm,50,28,22.168397392023085,11.867063883262968,0.9270996788615824,3.5083720999828074
hybrid_linear_seasonal,MAR,lightgbm,50,29,22.235873553229727,11.92208014108907,0.9266552155103664,3.553661899990402
hybrid_linear_seasonal,MAR,lightgbm,50,30,22.236493884075312,11.918060527764338,0.9266511231443328,3.545455499988748
hybrid_linear_seasonal,MAR,xgboost,10,1,22.75139097902585,12.052248920007765,0.9232149355787796,10.379213800013533
hybrid_linear_seasonal,MAR,xgboost,10,2,22.750079378738565,12.041298069353015,0.9232237885240508,10.24743970000418
hybrid_linear_seasonal,MAR,xgboost,10,3,22.70027408080732,12.083386718569631,0.9235595830814498,7.659248199983267
hybrid_linear_seasonal,MAR,xgboost,10,4,22.797024840325072,12.050547748153155,0.9229066016333262,7.817012299987255
hybrid_linear_seasonal,MAR,xgboost,10,5,22.785592448320752,12.121950271645408,0.92298390478686,8.074445600010222
hybrid_linear_seasonal,MAR,xgboost,10,6,22.76240501711233,12.065186451856956,0.9231405736787588,7.042295799998101
hybrid_linear_seasonal,MAR,xgboost,10,7,22.77790580119042,12.08016983177112,0.9230358582916628,7.580470599990804
hybrid_linear_seasonal,MAR,xgboost,10,8,22.66237121391091,12.04715224065783,0.9238146365758374,8.279045100003714
hybrid_linear_seasonal,MAR,xgboost,10,9,22.788538232429783,12.063090462049557,0.9229639897940588,7.315496499999426
hybrid_linear_seasonal,MAR,xgboost,10,10,22.77162772200465,12.097773554536117,0.9230782783799696,7.644716399983736
hybrid_linear_seasonal,MAR,xgboost,10,11,22.83783828726923,12.101567122853089,0.9226303143648108,10.738657800015062
hybrid_linear_seasonal,MAR,xgboost,10,12,22.86359315945578,12.08738806089225,0.9224557120297536,10.49123749998398
hybrid_linear_seasonal,MAR,xgboost,10,13,22.85837708027758,12.091973151543645,0.9224910897592756,8.914191799995024
hybrid_linear_seasonal,MAR,xgboost,10,14,22.73913635985708,12.070740868594552,0.92329763103284,8.538935899996432
hybrid_linear_seasonal,MAR,xgboost,10,15,22.701702008405736,12.041311667926596,0.9235499660333412,8.881372000003466
hybrid_linear_seasonal,MAR,xgboost,10,16,22.836413103906093,12.068684801336174,0.9226399704931048,8.897247399989283
hybrid_linear_seasonal,MAR,xgboost,10,17,22.72542672399988,12.035279155300316,0.9233900922884648,7.387245699996129
hybrid_linear_seasonal,MAR,xgboost,10,18,22.823048109822167,12.078719519859437,0.9227304937974958,7.135275800013915
hybrid_linear_seasonal,MAR,xgboost,10,19,22.798660682167,12.084661858358292,0.9228955372832728,7.089340000005905
hybrid_linear_seasonal,MAR,xgboost,10,20,22.843953301240116,12.084247305483249,0.9225888761128164,7.071726300026057
hybrid_linear_seasonal,MAR,xgboost,10,21,22.77242638840549,12.076666636356428,0.9230728825538432,10.792337899998529
hybrid_linear_seasonal,MAR,xgboost,10,22,22.73089649040068,12.057537760168934,0.9233532094846107,9.656212500005497
hybrid_linear_seasonal,MAR,xgboost,10,23,22.79598859456736,12.08904210754159,0.9229136100821832,7.644167899998138
hybrid_linear_seasonal,MAR,xgboost,10,24,22.804036850209688,12.058326985826955,0.9228591688817178,7.301788899989333
hybrid_linear_seasonal,MAR,xgboost,10,25,22.90605840832219,12.101630902300911,0.922167393785071,7.204079899995122
hybrid_linear_seasonal,MAR,xgboost,10,26,22.65775457091528,12.043877717450892,0.9238456734691872,7.159741599985864
hybrid_linear_seasonal,MAR,xgboost,10,27,22.802272623298744,12.084034436794434,0.9228711043707414,7.3591910999966785
hybrid_linear_seasonal,MAR,xgboost,10,28,22.77182769007453,12.067702994277935,0.9230769274044548,7.176778699998977
hybrid_linear_seasonal,MAR,xgboost,10,29,22.71915009626377,12.066228436899143,0.9234324048463964,8.097443000006024
hybrid_linear_seasonal,MAR,xgboost,10,30,22.682937050815887,12.07124141590579,0.9236762991814472,7.436373100004857
hybrid_linear_seasonal,MAR,xgboost,20,1,22.556999676317652,11.950730592223108,0.9245214563301616,11.349248699989404
hybrid_linear_seasonal,MAR,xgboost,20,2,22.599389465727747,11.955174791224453,0.9242375066973554,10.301100700016832
hybrid_linear_seasonal,MAR,xgboost,20,3,22.55722121496246,11.957671866832534,0.9245199737308238,7.983447700011311
hybrid_linear_seasonal,MAR,xgboost,20,4,22.641290894984564,11.957002623753786,0.9239563044353064,7.478737799974624
hybrid_linear_seasonal,MAR,xgboost,20,5,22.800176259862575,12.017312428379222,0.9228852856558016,7.111430599994492
hybrid_linear_seasonal,MAR,xgboost,20,6,22.58334569284882,11.956798573894936,0.9243450392284536,7.438899700006004
hybrid_linear_seasonal,MAR,xgboost,20,7,22.544874502003104,11.949696550915483,0.9246025792222768,7.059488800005056
hybrid_linear_seasonal,MAR,xgboost,20,8,22.61927007607359,11.965534757542596,0.924104152023138,7.067561200005002
hybrid_linear_seasonal,MAR,xgboost,20,9,22.765318295919812,11.984731571459406,0.923120898493593,7.215158999984851
hybrid_linear_seasonal,MAR,xgboost,20,10,22.573621539720914,11.974230752696611,0.9244101776756324,7.43342250000569
hybrid_linear_seasonal,MAR,xgboost,20,11,22.638619858088692,11.988589535726613,0.9239742454207854,10.529250800027512
hybrid_linear_seasonal,MAR,xgboost,20,12,22.49017453414537,11.957545817688372,0.9249680044754272,9.528470999997808
hybrid_linear_seasonal,MAR,xgboost,20,13,22.82203583023347,11.999427253377627,0.9227373479748132,7.494330300018191
hybrid_linear_seasonal,MAR,xgboost,20,14,22.61947844084833,11.97370721041967,0.9241027537380428,7.045888599997852
hybrid_linear_seasonal,MAR,xgboost,20,15,22.661372166185917,11.943058057746146,0.9238213535372366,7.535939099994721
hybrid_linear_seasonal,MAR,xgboost,20,16,22.592990198789284,11.941180413251084,0.9242804065976032,7.2042043999827
hybrid_linear_seasonal,MAR,xgboost,20,17,22.60564740626537,11.931285418308692,0.9241955424821636,7.523630999989109
hybrid_linear_seasonal,MAR,xgboost,20,18,22.579715445636847,11.959022990802676,0.924369360171826,7.138613899995107
hybrid_linear_seasonal,MAR,xgboost,20,19,22.519718377403706,11.946597501050965,0.9247707459348762,7.106707200000528
hybrid_linear_seasonal,MAR,xgboost,20,20,22.67290145547596,11.953127406806107,0.9237438199204376,7.231892600015271
hybrid_linear_seasonal,MAR,xgboost,20,21,22.61795755976833,11.954087865078792,0.9241129597032705,10.298913000005996
hybrid_linear_seasonal,MAR,xgboost,20,22,22.68846065446266,11.984103801613884,0.9236391229373222,10.232824800012168
hybrid_linear_seasonal,MAR,xgboost,20,23,22.68790359137476,11.968668831415776,0.9236428726235094,8.154149000009056
hybrid_linear_seasonal,MAR,xgboost,20,24,22.56147044408753,11.931017612439868,0.9244915338683112,9.47511339999619
hybrid_linear_seasonal,MAR,xgboost,20,25,22.6366414417493,11.969859323493282,0.9239875328052404,8.682386200001929
hybrid_linear_seasonal,MAR,xgboost,20,26,22.5559320809434,11.951754992426958,0.924528600776528,7.372320700000273
hybrid_linear_seasonal,MAR,xgboost,20,27,22.636853821567207,11.962318513349144,0.9239861064814888,7.407314299984137
hybrid_linear_seasonal,MAR,xgboost,20,28,22.73539490069137,11.957515877418558,0.923322869913276,7.360910800023703
hybrid_linear_seasonal,MAR,xgboost,20,29,22.486863045630223,11.943102978645248,0.9249900985057508,7.757519999984652
hybrid_linear_seasonal,MAR,xgboost,20,30,22.535229793585675,11.942767547087524,0.924667075531047,7.285473399999319
hybrid_linear_seasonal,MAR,xgboost,30,1,22.49633041583137,11.8602508127687,0.9249269241984296,10.808092199993553
hybrid_linear_seasonal,MAR,xgboost,30,2,22.47286240196734,11.87515848634632,0.9250834739106848,9.675532599998403
hybrid_linear_seasonal,MAR,xgboost,30,3,22.45640777506843,11.87916409883851,0.9251931414878124,7.735044800007017
hybrid_linear_seasonal,MAR,xgboost,30,4,22.54569777406469,11.895644724775,0.9245970725406236,7.084052699996391
hybrid_linear_seasonal,MAR,xgboost,30,5,22.570596824465795,11.916577474356204,0.924430433386073,7.350301100028446
hybrid_linear_seasonal,MAR,xgboost,30,6,22.621766310102583,11.902829194127106,0.9240873995592712,7.195025799999712
hybrid_linear_seasonal,MAR,xgboost,30,7,22.59884244964154,11.906640498675456,0.9242411743009484,7.115280700003495
hybrid_linear_seasonal,MAR,xgboost,30,8,22.49081641844598,11.88066568063036,0.9249637214897898,7.277352699980838
hybrid_linear_seasonal,MAR,xgboost,30,9,22.63728209772403,11.89018800544468,0.9239832301766456,6.95881240000017
hybrid_linear_seasonal,MAR,xgboost,30,10,22.58132583443829,11.923738896477474,0.924358571809242,7.185184500005562
hybrid_linear_seasonal,MAR,xgboost,30,11,22.419097311243878,11.907060948528075,0.9254415124633528,10.963493699993704
hybrid_linear_seasonal,MAR,xgboost,30,12,22.473839129183343,11.887797861332324,0.9250769616472452,9.953570800018497
hybrid_linear_seasonal,MAR,xgboost,30,13,22.555406779225347,11.907873463306606,0.9245321160197808,8.332980100007262
hybrid_linear_seasonal,MAR,xgboost,30,14,22.52466899959626,11.886739431899436,0.9247376662537528,7.28462180000497
hybrid_linear_seasonal,MAR,xgboost,30,15,22.530476534660558,11.876476698837978,0.9246988514778696,7.072713100002147
hybrid_linear_seasonal,MAR,xgboost,30,16,22.504840303647185,11.896884447888349,0.9248701163301648,7.327605300000869
hybrid_linear_seasonal,MAR,xgboost,30,17,22.479278428236,11.86139550291,0.9250406903074097,7.535752099996898
hybrid_linear_seasonal,MAR,xgboost,30,18,22.633265341515894,11.913580848618665,0.9240102045935368,7.190865800017491
hybrid_linear_seasonal,MAR,xgboost,30,19,22.618787391352587,11.903550476199028,0.9241073911528896,7.265474199986784
hybrid_linear_seasonal,MAR,xgboost,30,20,22.63739043154226,11.9054491026474,0.923982502597549,7.068825499998638
hybrid_linear_seasonal,MAR,xgboost,30,21,22.567264005977133,11.8967945788421,0.9244527492384808,10.614209899998968
hybrid_linear_seasonal,MAR,xgboost,30,22,22.595840265378328,11.920842195671709,0.9242613016014816,10.106742899981327
hybrid_linear_seasonal,MAR,xgboost,30,23,22.52331663735921,11.89220597195902,0.9247467033572576,7.633461899997201
hybrid_linear_seasonal,MAR,xgboost,30,24,22.47587660873477,11.873886412299614,0.9250633759774792,7.618981300009182
hybrid_linear_seasonal,MAR,xgboost,30,25,22.459454811748262,11.889044663685567,0.925172839513584,7.587924099992961
hybrid_linear_seasonal,MAR,xgboost,30,26,22.47936447690375,11.867194376520004,0.9250401164312416,7.139894299994921
hybrid_linear_seasonal,MAR,xgboost,30,27,22.511479774531978,11.890879858841943,0.9248257795340948,6.930878199986182
hybrid_linear_seasonal,MAR,xgboost,30,28,22.447947815466243,11.876271684437135,0.9252494945607246,7.080164199986029
hybrid_linear_seasonal,MAR,xgboost,30,29,22.43502063450995,11.880783449363957,0.9253355634594193,7.069951599987689
hybrid_linear_seasonal,MAR,xgboost,30,30,22.43862291562263,11.878340111529388,0.9253115845305028,7.1345896999991965
hybrid_linear_seasonal,MAR,xgboost,40,1,22.657621015763496,11.818758561761488,0.9238465712432918,10.61040909998701
hybrid_linear_seasonal,MAR,xgboost,40,2,22.5946490072464,11.835379921642852,0.9242692873157532,9.638563300017267
hybrid_linear_seasonal,MAR,xgboost,40,3,22.580672683133844,11.827559808529571,0.9243629475118332,7.610895499994513
hybrid_linear_seasonal,MAR,xgboost,40,4,22.558020239630604,11.819300137601587,0.924514626310543,7.191993499989621
hybrid_linear_seasonal,MAR,xgboost,40,5,22.49541794123014,11.836649708613576,0.92493301415927,7.335942500008969
hybrid_linear_seasonal,MAR,xgboost,40,6,22.508686669455045,11.807282527429845,0.9248444328143756,7.438203600002453
hybrid_linear_seasonal,MAR,xgboost,40,7,22.50132104242244,11.81671271588872,0.9248936118102083,7.153518000006443
hybrid_linear_seasonal,MAR,xgboost,40,8,22.514545289015047,11.81859941352914,0.9248053043494712,7.01754100000835
hybrid_linear_seasonal,MAR,xgboost,40,9,22.620148526703016,11.828227180778327,0.9240982568682696,7.461599500005832
hybrid_linear_seasonal,MAR,xgboost,40,10,22.48057149855043,11.828234348877684,0.92503206632544,7.233864800014999
hybrid_linear_seasonal,MAR,xgboost,40,11,22.59472362383636,11.843253619237654,0.924268787128575,10.692625900002897
hybrid_linear_seasonal,MAR,xgboost,40,12,22.56260304256661,11.8205691235645,0.9244839525432637,9.900749099993844
hybrid_linear_seasonal,MAR,xgboost,40,13,22.55620805817879,11.821548088940652,0.9245267539439116,7.988460799999302
hybrid_linear_seasonal,MAR,xgboost,40,14,22.478132948409957,11.80625665718826,0.925048329537432,7.070756000000984
hybrid_linear_seasonal,MAR,xgboost,40,15,22.61772135822792,11.810971918984142,0.9241145446865452,7.077320000011241
hybrid_linear_seasonal,MAR,xgboost,40,16,22.66157763704121,11.82480871763846,0.9238199721060956,7.11456340001314
hybrid_linear_seasonal,MAR,xgboost,40,17,22.622451469851857,11.802494153613845,0.924082801063713,7.285151699994458
hybrid_linear_seasonal,MAR,xgboost,40,18,22.57006242735121,11.828948430837048,0.9244340118187198,7.132203599991044
hybrid_linear_seasonal,MAR,xgboost,40,19,22.51997420495809,11.800753672772734,0.9247690366927728,7.547665999998571
hybrid_linear_seasonal,MAR,xgboost,40,20,22.441574202155564,11.801023824306537,0.9252919361401694,7.089244200004032
hybrid_linear_seasonal,MAR,xgboost,40,21,22.439227056631097,11.792805772061744,0.9253075626310971,10.662218199984636
hybrid_linear_seasonal,MAR,xgboost,40,22,22.63791226172636,11.829052589983418,0.9239789978930651,10.015910500020254
hybrid_linear_seasonal,MAR,xgboost,40,23,22.57857906797029,11.824194814350257,0.9243769725624714,7.303810999990674
hybrid_linear_seasonal,MAR,xgboost,40,24,22.59316375396205,11.819358644997887,0.9242792432653064,7.001045200013323
hybrid_linear_seasonal,MAR,xgboost,40,25,22.560947014016183,11.799945783950363,0.924495037446984,7.686760300013702
hybrid_linear_seasonal,MAR,xgboost,40,26,22.46086793739448,11.801506171065824,0.9251634231224086,7.264959599997383
hybrid_linear_seasonal,MAR,xgboost,40,27,22.50662285078804,11.808058360951057,0.9248582141916613,7.073909700004151
hybrid_linear_seasonal,MAR,xgboost,40,28,22.618618093479856,11.80957369451762,0.9241085272358216,6.934049700008472
hybrid_linear_seasonal,MAR,xgboost,40,29,22.51704849355301,11.81364070155662,0.924788582877667,6.992657299997518
hybrid_linear_seasonal,MAR,xgboost,40,30,22.402129185504595,11.786517798669228,0.9255543304787396,7.131207300000824
hybrid_linear_seasonal,MAR,xgboost,50,1,22.224376316478683,11.790833332199933,0.926731042919794,10.91338720000931
hybrid_linear_seasonal,MAR,xgboost,50,2,22.47358630910473,11.814633504907084,0.9250786473353728,9.836787300009746
hybrid_linear_seasonal,MAR,xgboost,50,3,22.37910530382356,11.827405039981787,0.9257072755379055,7.767917499993928
hybrid_linear_seasonal,MAR,xgboost,50,4,22.45760965602356,11.806824926402866,0.9251851338540492,7.202372700005071
hybrid_linear_seasonal,MAR,xgboost,50,5,22.335575544197955,11.81730928333686,0.9259960090873076,7.328050899988739
hybrid_linear_seasonal,MAR,xgboost,50,6,22.56853088492912,11.830482940465815,0.924444266871429,7.175330900005065
hybrid_linear_seasonal,MAR,xgboost,50,7,22.357893878159416,11.816145444858336,0.9258480414680436,7.268475999997463
hybrid_linear_seasonal,MAR,xgboost,50,8,22.412561010824795,11.810507914913597,0.9254849812636284,7.160831299988786
hybrid_linear_seasonal,MAR,xgboost,50,9,22.4781657072317,11.816270446454958,0.9250481110735402,7.692843299999367
hybrid_linear_seasonal,MAR,xgboost,50,10,22.52224374436101,11.829587832548198,0.924753872533394,7.2599940999934915
hybrid_linear_seasonal,MAR,xgboost,50,11,22.31602185676333,11.812280071711786,0.9261255260092016,10.67039859999204
hybrid_linear_seasonal,MAR,xgboost,50,12,22.529384841535247,11.833131268912494,0.9247061485942394,9.780334200011566
hybrid_linear_seasonal,MAR,xgboost,50,13,22.390597201713152,11.821779309998243,0.9256309558101764,7.868184199993266
hybrid_linear_seasonal,MAR,xgboost,50,14,22.38110891605536,11.813703060609951,0.925693972014559,7.239040500018746
hybrid_linear_seasonal,MAR,xgboost,50,15,22.4804654538081,11.82436001629332,0.9250327735971798,7.376832500012824
hybrid_linear_seasonal,MAR,xgboost,50,16,22.267418108667712,11.785268371489822,0.9264469691637204,7.686281200003577
hybrid_linear_seasonal,MAR,xgboost,50,17,22.39371252878695,11.825890858605089,0.9256102596212846,8.096948599995812
hybrid_linear_seasonal,MAR,xgboost,50,18,22.45299387290478,11.824698956526117,0.9252158845628896,7.423117500002263
hybrid_linear_seasonal,MAR,xgboost,50,19,22.212707197058727,11.794104506804352,0.9268079638411276,7.057419199991273
hybrid_linear_seasonal,MAR,xgboost,50,20,22.433436281868627,11.806414563652256,0.9253461086353926,7.135790800006362
hybrid_linear_seasonal,MAR,xgboost,50,21,22.40166092142854,11.802161057194818,0.9255574426711592,10.878221299994038
hybrid_linear_seasonal,MAR,xgboost,50,22,22.467405091089727,11.83729008981651,0.925119854957632,9.768153300014092
hybrid_linear_seasonal,MAR,xgboost,50,23,22.397621186219844,11.821289504798507,0.9255842889934448,7.802400399988983
hybrid_linear_seasonal,MAR,xgboost,50,24,22.379485563339177,11.795720655687004,0.9257047507939496,7.178276199992979
hybrid_linear_seasonal,MAR,xgboost,50,25,22.42395585841697,11.80365037282296,0.9254091931263316,7.473592499998631
hybrid_linear_seasonal,MAR,xgboost,50,26,22.593564187788637,11.846451357997102,0.92427655914179,7.220560399990063
hybrid_linear_seasonal,MAR,xgboost,50,27,22.35375116605316,11.803018857688318,0.9258755182740636,7.372935099992901
hybrid_linear_seasonal,MAR,xgboost,50,28,22.29238684621826,11.80557574786686,0.9262819247949368,7.150040200009244
hybrid_linear_seasonal,MAR,xgboost,50,29,22.18548070998234,11.7987515636969,0.9269872792868332,7.50208930001827
hybrid_linear_seasonal,MAR,xgboost,50,30,22.34273717061847,11.811719520161011,0.9259485445478156,7.183705200004624
hybrid_linear_seasonal,MCAR,lightgbm,10,1,22.614921330021517,12.087187277639131,0.924133332455621,5.523102100007236
hybrid_linear_seasonal,MCAR,lightgbm,10,2,22.482813044561656,12.053148858374598,0.9250171154198924,5.238582999998471
hybrid_linear_seasonal,MCAR,lightgbm,10,3,22.542867454743902,12.08140787267876,0.9246160030673142,4.571370799996657
hybrid_linear_seasonal,MCAR,lightgbm,10,4,22.54972345814431,12.082498297543248,0.9245701427495868,3.807955700001912
hybrid_linear_seasonal,MCAR,lightgbm,10,5,22.497103258832205,12.06430569029202,0.9249217659617998,3.435924499994144
hybrid_linear_seasonal,MCAR,lightgbm,10,6,22.551615992435924,12.065223026526692,0.9245574809905924,3.647215500008315
hybrid_linear_seasonal,MCAR,lightgbm,10,7,22.624345156624912,12.098003877205818,0.9240700907336448,3.3833030000096187
hybrid_linear_seasonal,MCAR,lightgbm,10,8,22.595531525845647,12.086334054277533,0.9242633713072612,3.5384179999819025
hybrid_linear_seasonal,MCAR,lightgbm,10,9,22.575106190276077,12.080078465675944,0.9244002343741607,3.72838449999108
hybrid_linear_seasonal,MCAR,lightgbm,10,10,22.67280247630716,12.094148406844784,0.9237444857158464,3.2993596000014804
hybrid_linear_seasonal,MCAR,lightgbm,10,11,22.55690096191742,12.079566040059964,0.9245221169501884,5.1298901999834925
hybrid_linear_seasonal,MCAR,lightgbm,10,12,22.501346819499663,12.056238222168227,0.924893439729265,5.155177699984051
hybrid_linear_seasonal,MCAR,lightgbm,10,13,22.672141748141428,12.126069739045516,0.9237489301096956,4.831152400001884
hybrid_linear_seasonal,MCAR,lightgbm,10,14,22.57103234279685,12.050156717950514,0.9244275170033722,3.596663499978604
hybrid_linear_seasonal,MCAR,lightgbm,10,15,22.596807031212347,12.08449761929418,0.9242548204835888,3.834291500010295
hybrid_linear_seasonal,MCAR,lightgbm,10,16,22.532328573820838,12.068241056685975,0.9246864712330398,3.901819299993804
hybrid_linear_seasonal,MCAR,lightgbm,10,17,22.66726170794225,12.111243803903704,0.9237817517322322,3.3199033999990206
hybrid_linear_seasonal,MCAR,lightgbm,10,18,22.56057637993329,12.113932020184288,0.9244975182367012,3.541590800014092
hybrid_linear_seasonal,MCAR,lightgbm,10,19,22.585402334108284,12.0877863395668,0.9243312589674716,3.522582199977478
hybrid_linear_seasonal,MCAR,lightgbm,10,20,22.65760047162448,12.10150211212356,0.9238467093430436,3.362954300013371
hybrid_linear_seasonal,MCAR,lightgbm,10,21,22.693391964730008,12.092905314360074,0.9236059254361636,5.0512447000073735
hybrid_linear_seasonal,MCAR,lightgbm,10,22,22.67031133861787,12.118414119410602,0.923761241699136,5.443549699994037
hybrid_linear_seasonal,MCAR,lightgbm,10,23,22.72906406446376,12.169635903956804,0.9233655665780398,4.811040900007356
hybrid_linear_seasonal,MCAR,lightgbm,10,24,22.509925885622373,12.052505623547807,0.9248361572042492,3.821262699988438
hybrid_linear_seasonal,MCAR,lightgbm,10,25,22.51337417309662,12.073363324052943,0.9248131267961268,3.282088100007968
hybrid_linear_seasonal,MCAR,lightgbm,10,26,22.655236443809525,12.10960811153148,0.9238625997375904,3.5932866999937687
hybrid_linear_seasonal,MCAR,lightgbm,10,27,22.554466480479824,12.092412981624532,0.9245384081587944,3.272246500011533
hybrid_linear_seasonal,MCAR,lightgbm,10,28,22.550749102529775,12.072160336728038,0.9245632809386972,3.329928799998015
hybrid_linear_seasonal,MCAR,lightgbm,10,29,22.60446542345667,12.091784974396392,0.9242034694591308,3.609012600005372
hybrid_linear_seasonal,MCAR,lightgbm,10,30,22.70153366713615,12.12208454251654,0.9235510998380276,3.343651100003626
hybrid_linear_seasonal,MCAR,lightgbm,20,1,22.40095358318109,11.948633774313125,0.9255621436830088,5.256030799995642
hybrid_linear_seasonal,MCAR,lightgbm,20,2,22.331670560760724,11.929853880168327,0.926021883423638,5.474243900011061
hybrid_linear_seasonal,MCAR,lightgbm,20,3,22.479745380719244,11.972042278754724,0.925037576079392,4.634525500005111
hybrid_linear_seasonal,MCAR,lightgbm,20,4,22.39597479813084,11.954616426814624,0.9255952287835472,3.593006600014633
hybrid_linear_seasonal,MCAR,lightgbm,20,5,22.50645753475817,11.98607580007103,0.9248593180530594,3.6911792999890167
hybrid_linear_seasonal,MCAR,lightgbm,20,6,22.357467079329798,11.93474403544778,0.92585087247415,3.3857734999910463
hybrid_linear_seasonal,MCAR,lightgbm,20,7,22.510886951899774,12.010672254907073,0.924829738793362,3.629272199992556
hybrid_linear_seasonal,MCAR,lightgbm,20,8,22.353628567755,11.943464986944669,0.925876331337636,3.9428286000038497
hybrid_linear_seasonal,MCAR,lightgbm,20,9,22.408793831271797,11.940480893576854,0.925510028634464,3.4276944999874104
hybrid_linear_seasonal,MCAR,lightgbm,20,10,22.36515546838352,11.962486926901688,0.9257998662165516,3.352654099988285
hybrid_linear_seasonal,MCAR,lightgbm,20,11,22.328809338519395,11.924854250609428,0.9260408389488936,5.533224299986614
hybrid_linear_seasonal,MCAR,lightgbm,20,12,22.421609366799466,11.950602355041603,0.9254248029987904,5.089213999977801
hybrid_linear_seasonal,MCAR,lightgbm,20,13,22.452156405119545,11.980953884805734,0.9252214631614396,4.756551099999342
hybrid_linear_seasonal,MCAR,lightgbm,20,14,22.50769897858513,11.968325884995384,0.9248510283870086,4.232595700013917
hybrid_linear_seasonal,MCAR,lightgbm,20,15,22.47625082212775,11.969785072218666,0.9250608806334916,3.740481399989221
hybrid_linear_seasonal,MCAR,lightgbm,20,16,22.37892382571634,11.954252216032886,0.9257084804518794,3.988354700006312
hybrid_linear_seasonal,MCAR,lightgbm,20,17,22.461186986887828,11.967194726120807,0.92516129704771,3.370992500014836
hybrid_linear_seasonal,MCAR,lightgbm,20,18,22.427607532947984,11.978436805963083,0.9253848973660588,3.5997543999983463
hybrid_linear_seasonal,MCAR,lightgbm,20,19,22.43113968235203,11.963771895963337,0.9253613930806872,3.4957533000269905
hybrid_linear_seasonal,MCAR,lightgbm,20,20,22.45872427522189,11.999562121647548,0.9251777072261208,3.3857806000160053
hybrid_linear_seasonal,MCAR,lightgbm,20,21,22.372958565325494,11.951880210530796,0.9257480810329948,5.0135052999830805
hybrid_linear_seasonal,MCAR,lightgbm,20,22,22.47613279165722,11.973765358140568,0.9250616676932522,5.540785699995467
hybrid_linear_seasonal,MCAR,lightgbm,20,23,22.587099205205487,12.023415903863896,0.9243198883555024,4.6500383999955375
hybrid_linear_seasonal,MCAR,lightgbm,20,24,22.47125778185224,11.949149605461942,0.925094171993628,3.640321799990488
hybrid_linear_seasonal,MCAR,lightgbm,20,25,22.463564480409143,11.960498364519962,0.9251454530098776,3.372730700008105
hybrid_linear_seasonal,MCAR,lightgbm,20,26,22.404500081460814,11.952247629873233,0.9255385719519202,3.585840300016571
hybrid_linear_seasonal,MCAR,lightgbm,20,27,22.481460596824903,11.972080804934912,0.9250261363001696,3.5814741000067443
hybrid_linear_seasonal,MCAR,lightgbm,20,28,22.36413904276625,11.94249341471176,0.9258066103863484,3.332451800000854
hybrid_linear_seasonal,MCAR,lightgbm,20,29,22.445609570430538,11.975316335735457,0.925265066219803,3.620908000011696
hybrid_linear_seasonal,MCAR,lightgbm,20,30,22.422419581229228,11.973553239011476,0.9254194132882296,3.603569200000493
hybrid_linear_seasonal,MCAR,lightgbm,30,1,22.09086706556445,11.803336352918814,0.927608700975495,5.245738999976311
hybrid_linear_seasonal,MCAR,lightgbm,30,2,22.04679582199995,11.806857366942102,0.9278972539024382,5.074845700000878
hybrid_linear_seasonal,MCAR,lightgbm,30,3,22.165483612027565,11.81149629531062,0.9271188414139184,4.524940500006778
hybrid_linear_seasonal,MCAR,lightgbm,30,4,22.06600601733967,11.822878568034016,0.9277715475370952,3.924413300002925
hybrid_linear_seasonal,MCAR,lightgbm,30,5,22.102417235442072,11.806032903641988,0.927532981866425,3.3766454000142403
hybrid_linear_seasonal,MCAR,lightgbm,30,6,22.086276587057757,11.793793680235686,0.9276387836494076,3.5965166999958456
hybrid_linear_seasonal,MCAR,lightgbm,30,7,22.142436995823196,11.823578676618489,0.9272703193516356,3.613984499999788
hybrid_linear_seasonal,MCAR,lightgbm,30,8,22.14198511317607,11.808213005808543,0.9272732878546296,3.473964299977524
hybrid_linear_seasonal,MCAR,lightgbm,30,9,22.078508275455984,11.79037167109426,0.9276896772998116,3.5603482000005897
hybrid_linear_seasonal,MCAR,lightgbm,30,10,22.084074524265088,11.80755225363389,0.9276532121564502,3.39234699998633
hybrid_linear_seasonal,MCAR,lightgbm,30,11,22.056944398453982,11.768600048622424,0.9278308579821892,5.259892600006424
hybrid_linear_seasonal,MCAR,lightgbm,30,12,22.120465842420447,11.821984545023286,0.9274145818981469,5.487878700019792
hybrid_linear_seasonal,MCAR,lightgbm,30,13,22.12222039598477,11.81641107725315,0.9274030667649904,4.448924399999669
hybrid_linear_seasonal,MCAR,lightgbm,30,14,22.012333260175,11.79581217012234,0.928122493276524,3.7874551999848336
hybrid_linear_seasonal,MCAR,lightgbm,30,15,22.03441245188227,11.795894014415712,0.9279782293186458,3.647092400002293
hybrid_linear_seasonal,MCAR,lightgbm,30,16,22.099340268451176,11.814608843289154,0.9275531573159672,3.655361700017238
hybrid_linear_seasonal,MCAR,lightgbm,30,17,22.137943835153852,11.811592440986384,0.927299833084455,4.072497500019381
hybrid_linear_seasonal,MCAR,lightgbm,30,18,22.005747325782732,11.815218166634985,0.9281654973253824,4.098330700013321
hybrid_linear_seasonal,MCAR,lightgbm,30,19,22.03591692603882,11.806355939939303,0.9279683939221192,3.3414915000030305
hybrid_linear_seasonal,MCAR,lightgbm,30,20,22.100283066380143,11.80424183075062,0.9275469757567556,3.366672499978449
hybrid_linear_seasonal,MCAR,lightgbm,30,21,22.214388683858804,11.818602449545011,0.926796882247174,5.41662340000039
hybrid_linear_seasonal,MCAR,lightgbm,30,22,22.29384355835092,11.84437379639373,0.926272290158332,5.316831100004492
hybrid_linear_seasonal,MCAR,lightgbm,30,23,22.209092290059893,11.845898183455246,0.9268317845192904,4.542931800009683
hybrid_linear_seasonal,MCAR,lightgbm,30,24,22.11405060168314,11.79757691116752,0.9274566773414856,4.124736300000222
hybrid_linear_seasonal,MCAR,lightgbm,30,25,22.10674130962067,11.82121810567715,0.9275046244781412,3.4006270999962
hybrid_linear_seasonal,MCAR,lightgbm,30,26,22.16056372548618,11.81581982381734,0.9271511914626218,3.6296480000019073
hybrid_linear_seasonal,MCAR,lightgbm,30,27,22.040854436931795,11.81135916154276,0.9279361105652492,3.6399810999864712
hybrid_linear_seasonal,MCAR,lightgbm,30,28,22.14165874699145,11.78462573349518,0.927275431778448,3.327624300000025
hybrid_linear_seasonal,MCAR,lightgbm,30,29,22.13946211915612,11.830531676931816,0.9272898607684816,3.599949099996593
hybrid_linear_seasonal,MCAR,lightgbm,30,30,22.121325891590107,11.816239837015932,0.9274089375104922,3.3047505999857094
hybrid_linear_seasonal,MCAR,lightgbm,40,1,21.84744755183134,11.612046771378916,0.9291952724079569,5.3627473000087775
hybrid_linear_seasonal,MCAR,lightgbm,40,2,21.896611247148616,11.634311914438191,0.9288762476112472,5.386853500007419
hybrid_linear_seasonal,MCAR,lightgbm,40,3,21.824425739612995,11.612687548915536,0.9293444151672908,4.646756300004199
hybrid_linear_seasonal,MCAR,lightgbm,40,4,21.919241095995623,11.62426817020364,0.9287291607898056,3.645994599995902
hybrid_linear_seasonal,MCAR,lightgbm,40,5,21.8610303095446,11.628625397614096,0.9291072051485038,3.4470366000023205
hybrid_linear_seasonal,MCAR,lightgbm,40,6,21.84358453013739,11.612926764060552,0.92922030929306,3.9651140999922063
hybrid_linear_seasonal,MCAR,lightgbm,40,7,21.961001910585217,11.66222757917796,0.9284573298848976,3.4604533999809064
hybrid_linear_seasonal,MCAR,lightgbm,40,8,22.00188888119454,11.649737860687129,0.9281906857586416,3.3854930000088643
hybrid_linear_seasonal,MCAR,lightgbm,40,9,21.88641036613748,11.634329182957403,0.9289425004143308,3.832224000012502
hybrid_linear_seasonal,MCAR,lightgbm,40,10,21.8819139214538,11.62498319489432,0.9289716941734264,3.4114759000076447
hybrid_linear_seasonal,MCAR,lightgbm,40,11,21.92012267030227,11.620854559204789,0.9287234277624729,5.238133600010769
hybrid_linear_seasonal,MCAR,lightgbm,40,12,21.873891640091,11.625197627173156,0.9290237649936726,5.142036700010067
hybrid_linear_seasonal,MCAR,lightgbm,40,13,21.956981183821497,11.657671327916544,0.9284835242449864,4.429620099981548
hybrid_linear_seasonal,MCAR,lightgbm,40,14,21.854476486437548,11.612077910763745,0.9291497053587215,4.1608974999981
hybrid_linear_seasonal,MCAR,lightgbm,40,15,21.90665944837165,11.626276928684732,0.9288109562522124,3.361638000002131
hybrid_linear_seasonal,MCAR,lightgbm,40,16,21.88020115944224,11.624611983773166,0.9289828129286932,3.9757214999990538
hybrid_linear_seasonal,MCAR,lightgbm,40,17,21.89948568707953,11.62804013848551,0.9288575730893852,3.444603799987817
hybrid_linear_seasonal,MCAR,lightgbm,40,18,21.89941203195604,11.648021865951936,0.928858051639019,3.3391666999959853
hybrid_linear_seasonal,MCAR,lightgbm,40,19,21.957171561803914,11.64426319954969,0.9284822840725532,3.909026399982394
hybrid_linear_seasonal,MCAR,lightgbm,40,20,21.93585261110046,11.658273843435673,0.9286210945266548,3.4020505000080448
hybrid_linear_seasonal,MCAR,lightgbm,40,21,21.84099254980453,11.62893718851054,0.9292371058661024,5.204325699975016
hybrid_linear_seasonal,MCAR,lightgbm,40,22,21.8901430691136,11.623253443051606,0.9289182607922422,5.19599430001108
hybrid_linear_seasonal,MCAR,lightgbm,40,23,21.97537371433065,11.662063620129445,0.9283636607839244,4.609230800007936
hybrid_linear_seasonal,MCAR,lightgbm,40,24,21.88278652295797,11.616433162305263,0.928966029162356,3.89708199998131
hybrid_linear_seasonal,MCAR,lightgbm,40,25,21.809127788623197,11.61406061670402,0.9294434332913364,3.3495443999709096
hybrid_linear_seasonal,MCAR,lightgbm,40,26,21.875150310488763,11.602793641305745,0.9290155965106518,3.826313500001561
hybrid_linear_seasonal,MCAR,lightgbm,40,27,21.94817581738076,11.66453609322642,0.9285408729762016,3.316189200006193
hybrid_linear_seasonal,MCAR,lightgbm,40,28,21.948020299251912,11.620068806966511,0.9285418856480924,3.3144039000035264
hybrid_linear_seasonal,MCAR,lightgbm,40,29,21.923407603355287,11.630723171995596,0.9287020632550292,3.922645500017097
hybrid_linear_seasonal,MCAR,lightgbm,40,30,21.77976306306629,11.626516466105391,0.92963330602797,3.37039639998693
hybrid_linear_seasonal,MCAR,lightgbm,50,1,21.59871754898573,11.404627319639191,0.930798298046586,5.368305299984058
hybrid_linear_seasonal,MCAR,lightgbm,50,2,21.456882614274733,11.401273641836932,0.9317041843760286,5.567123299988452
hybrid_linear_seasonal,MCAR,lightgbm,50,3,21.54531140983092,11.403519960197103,0.9311400985729594,4.554233500006376
hybrid_linear_seasonal,MCAR,lightgbm,50,4,21.460144836461893,11.421678595315768,0.93168341592932,3.92303120001452
hybrid_linear_seasonal,MCAR,lightgbm,50,5,21.53842346493833,11.40564127174345,0.9311841199733424,3.382803899992723
hybrid_linear_seasonal,MCAR,lightgbm,50,6,21.432816619286296,11.406955012060012,0.931857299351126,3.7328162000048906
hybrid_linear_seasonal,MCAR,lightgbm,50,7,21.521469195196246,11.40914302428226,0.9312924160882636,4.415086599998176
hybrid_linear_seasonal,MCAR,lightgbm,50,8,21.520255741754596,11.405279503261765,0.931300163803159,3.628250400011893
hybrid_linear_seasonal,MCAR,lightgbm,50,9,21.58037815667461,11.408198043945108,0.9309157659801766,3.723942899989197
hybrid_linear_seasonal,MCAR,lightgbm,50,10,21.56641203801859,11.430321751800204,0.931005155183322,3.572322799998801
hybrid_linear_seasonal,MCAR,lightgbm,50,11,21.558316349926667,11.41356176325882,0.9310569445959692,5.20882659999188
hybrid_linear_seasonal,MCAR,lightgbm,50,12,21.50307975792673,11.416955333060011,0.9314097829821708,5.329041599994525
hybrid_linear_seasonal,MCAR,lightgbm,50,13,21.50953532899336,11.405332162433233,0.9313685930231864,4.718091000017012
hybrid_linear_seasonal,MCAR,lightgbm,50,14,21.523921452632795,11.411662383975369,0.9312767574655868,3.940789300017059
hybrid_linear_seasonal,MCAR,lightgbm,50,15,21.610819459878048,11.422100914104837,0.9307207279362636,3.368922499998007
hybrid_linear_seasonal,MCAR,lightgbm,50,16,21.56751073316144,11.417420548986648,0.9309981251561054,3.679666099982569
hybrid_linear_seasonal,MCAR,lightgbm,50,17,21.525986330708637,11.43762541397419,0.931263571027986,4.103807600011351
hybrid_linear_seasonal,MCAR,lightgbm,50,18,21.461619402644622,11.39766606540092,0.9316740272894688,3.707987200003117
hybrid_linear_seasonal,MCAR,lightgbm,50,19,21.499680942284925,11.402499422608722,0.9314314642558282,3.4478366000112146
hybrid_linear_seasonal,MCAR,lightgbm,50,20,21.627429135548013,11.42187660558414,0.9306141934804536,3.4362028000177816
hybrid_linear_seasonal,MCAR,lightgbm,50,21,21.46746207197171,11.4027463326478,0.9316368203670042,5.327307100000326
hybrid_linear_seasonal,MCAR,lightgbm,50,22,21.598165690796765,11.426830237480816,0.9308018342785817,5.473948399972869
hybrid_linear_seasonal,MCAR,lightgbm,50,23,21.652113550872578,11.451060166568835,0.930455716439516,4.74549269999261
hybrid_linear_seasonal,MCAR,lightgbm,50,24,21.51069187219701,11.412504332969966,0.9313612123596768,4.012645600014366
hybrid_linear_seasonal,MCAR,lightgbm,50,25,21.48606875607987,11.39536579171487,0.9315182629581252,3.3499308000027668
hybrid_linear_seasonal,MCAR,lightgbm,50,26,21.620471639965714,11.437607329282905,0.9306588288173008,3.7147694999875966
hybrid_linear_seasonal,MCAR,lightgbm,50,27,21.478032364454062,11.41897988420244,0.9315694815539428,3.61636779998662
hybrid_linear_seasonal,MCAR,lightgbm,50,28,21.556684235041374,11.397549015289425,0.9310673831409602,3.6041311000008136
hybrid_linear_seasonal,MCAR,lightgbm,50,29,21.4893129420911,11.406103174624684,0.9314975812533036,3.526206100010313
hybrid_linear_seasonal,MCAR,lightgbm,50,30,21.5492508848572,11.409129736073904,0.93111491474922,3.436824600008549
hybrid_linear_seasonal,MCAR,xgboost,10,1,22.68770161593588,12.005658082219917,0.9236442321317252,10.409352499991655
hybrid_linear_seasonal,MCAR,xgboost,10,2,22.7048940276347,12.006167060293508,0.9235284656952122,9.64221930000349
hybrid_linear_seasonal,MCAR,xgboost,10,3,22.651327610471448,12.021011779821992,0.9238888702852536,7.301217300002463
hybrid_linear_seasonal,MCAR,xgboost,10,4,22.6949710650312,12.01350794835615,0.9235952934333812,7.817749200010439
hybrid_linear_seasonal,MCAR,xgboost,10,5,22.65596129376219,12.058392041707185,0.9238577276565612,7.166598899988458
hybrid_linear_seasonal,MCAR,xgboost,10,6,22.629936754366337,11.99785352768869,0.9240325540029848,7.146609300019918
hybrid_linear_seasonal,MCAR,xgboost,10,7,22.619322869404478,12.006745598126862,0.9241037977412112,7.108816099993419
hybrid_linear_seasonal,MCAR,xgboost,10,8,22.586100420645067,11.995586371139572,0.9243265812429006,7.301210900011938
hybrid_linear_seasonal,MCAR,xgboost,10,9,22.670392557879374,12.025861889494148,0.9237606954281434,7.425501899997471
hybrid_linear_seasonal,MCAR,xgboost,10,10,22.701474609748004,12.030697702677378,0.9235514975967484,7.265290999988792
hybrid_linear_seasonal,MCAR,xgboost,10,11,22.80544121106306,12.042815249992923,0.9228496673272404,10.141443699976662
hybrid_linear_seasonal,MCAR,xgboost,10,12,22.65339403727908,12.026072558854793,0.92387498277671,9.467500400001882
hybrid_linear_seasonal,MCAR,xgboost,10,13,22.654330440313547,12.016704951884051,0.9238686892234964,7.391093800019007
hybrid_linear_seasonal,MCAR,xgboost,10,14,22.71087886616942,12.0107167977012,0.9234881457444644,7.504354499978945
hybrid_linear_seasonal,MCAR,xgboost,10,15,22.561378095042144,11.979638683906572,0.924492152012462,7.189307599997846
hybrid_linear_seasonal,MCAR,xgboost,10,16,22.68479753330517,12.004828384588356,0.9236637783397206,7.375308599992422
hybrid_linear_seasonal,MCAR,xgboost,10,17,22.64937774791952,11.994502546593248,0.9239019732571097,7.046279599977424
hybrid_linear_seasonal,MCAR,xgboost,10,18,22.7158062755352,12.02476625938002,0.9234549417343972,7.054932700004429
hybrid_linear_seasonal,MCAR,xgboost,10,19,22.674846724231436,12.00731869194645,0.923730734243836,7.00720610001008
hybrid_linear_seasonal,MCAR,xgboost,10,20,22.6347271529375,12.008293156005724,0.9240003883927884,6.906073399994057
hybrid_linear_seasonal,MCAR,xgboost,10,21,22.557388889276726,11.975178710941911,0.9245188515971564,9.830779699987032
hybrid_linear_seasonal,MCAR,xgboost,10,22,22.77227930196522,12.019074107030438,0.9230738762906664,9.549122800002806
hybrid_linear_seasonal,MCAR,xgboost,10,23,22.65204417886486,12.028828674464796,0.9238840547006184,7.32397649998893
hybrid_linear_seasonal,MCAR,xgboost,10,24,22.699067918267517,11.995192021405211,0.9235677060774636,8.077046699996572
hybrid_linear_seasonal,MCAR,xgboost,10,25,22.696107965824837,12.017416439412033,0.9235876382795573,7.216268399992259
hybrid_linear_seasonal,MCAR,xgboost,10,26,22.5943439216065,11.985304718026017,0.9242713324191713,7.025065399997402
hybrid_linear_seasonal,MCAR,xgboost,10,27,22.58902435758867,11.985982318825142,0.9243069870125752,7.120476300013252
hybrid_linear_seasonal,MCAR,xgboost,10,28,22.54970557222186,11.975546168423916,0.924570262407998,7.329977899993537
hybrid_linear_seasonal,MCAR,xgboost,10,29,22.550873898660804,11.99312528669027,0.9245624460008705,7.416591499990318
hybrid_linear_seasonal,MCAR,xgboost,10,30,22.554246207845427,11.996251856662392,0.9245398821056487,7.455002999980934
hybrid_linear_seasonal,MCAR,xgboost,20,1,22.491731726333057,11.862331386406224,0.924957613868455,10.24607140000444
hybrid_linear_seasonal,MCAR,xgboost,20,2,22.51187524169039,11.87470452933172,0.9248231382864486,9.1840028000006
hybrid_linear_seasonal,MCAR,xgboost,20,3,22.61330775822052,11.912821137168578,0.92414415822383,7.816264900000533
hybrid_linear_seasonal,MCAR,xgboost,20,4,22.61063239364731,11.895486378284511,0.9241621060648944,7.385278000001563
hybrid_linear_seasonal,MCAR,xgboost,20,5,22.80636795614578,11.96464629528462,0.9228433968812078,7.26051219998044
hybrid_linear_seasonal,MCAR,xgboost,20,6,22.59932241300122,11.893386392195344,0.9242379562735896,7.439374499983387
hybrid_linear_seasonal,MCAR,xgboost,20,7,22.60555784080616,11.899258899358257,0.9241961431681316,7.183712199999718
hybrid_linear_seasonal,MCAR,xgboost,20,8,22.56423417810313,11.89684099801059,0.924473033469714,7.397130199999083
hybrid_linear_seasonal,MCAR,xgboost,20,9,22.6331155959656,11.899829212196234,0.9240112101131484,7.268107000010787
hybrid_linear_seasonal,MCAR,xgboost,20,10,22.69953868425439,11.910518389513305,0.9235645357184404,7.246554099983768
hybrid_linear_seasonal,MCAR,xgboost,20,11,22.80295279409754,11.951068850094693,0.9228665029342228,10.080044200003613
hybrid_linear_seasonal,MCAR,xgboost,20,12,22.51195953587247,11.891018000966213,0.9248225752961275,9.351483200007351
hybrid_linear_seasonal,MCAR,xgboost,20,13,22.65206207306681,11.90327383987434,0.9238839344435128,7.536564300011378
hybrid_linear_seasonal,MCAR,xgboost,20,14,22.53751322491301,11.867335201774258,0.924651808211715,7.333447400014847
hybrid_linear_seasonal,MCAR,xgboost,20,15,22.64584462789653,11.897529169334575,0.92392571276066,7.096038299991051
hybrid_linear_seasonal,MCAR,xgboost,20,16,22.68571002579064,11.89114772292834,0.9236576369906973,7.321840599994175
hybrid_linear_seasonal,MCAR,xgboost,20,17,22.616126409283947,11.8954579608195,0.9241252468397286,7.162096800020663
hybrid_linear_seasonal,MCAR,xgboost,20,18,22.62142628880481,11.903889520907995,0.9240896815832812,7.083743199997116
hybrid_linear_seasonal,MCAR,xgboost,20,19,22.61612566336149,11.909824138863032,0.9241252518447132,6.954062200005865
hybrid_linear_seasonal,MCAR,xgboost,20,20,22.55826016886003,11.877692256236475,0.9245130205629052,7.572471999999834
hybrid_linear_seasonal,MCAR,xgboost,20,21,22.66342492158972,11.901224688448645,0.9238075517948166,10.412220400001388
hybrid_linear_seasonal,MCAR,xgboost,20,22,22.684227642032983,11.904481476995173,0.9236676137541616,9.44101429998409
hybrid_linear_seasonal,MCAR,xgboost,20,23,22.596456360903822,11.89758451263121,0.924257171380274,7.368017000000691
hybrid_linear_seasonal,MCAR,xgboost,20,24,22.54763450570499,11.869279854262512,0.924584117385344,7.404839800001355
hybrid_linear_seasonal,MCAR,xgboost,20,25,22.75927681844821,11.929179879295964,0.9231616975480084,7.226605600008042
hybrid_linear_seasonal,MCAR,xgboost,20,26,22.47741986401455,11.87566275205623,0.9250530849162688,7.332944399997359
hybrid_linear_seasonal,MCAR,xgboost,20,27,22.634937719154845,11.879311023661211,0.9239989743686594,8.120095899997978
hybrid_linear_seasonal,MCAR,xgboost,20,28,22.620802975507704,11.889808625822113,0.9240938648083686,7.151069100014865
hybrid_linear_seasonal,MCAR,xgboost,20,29,22.673128571791075,11.898892538012122,0.9237422921839544,7.192226799990749
hybrid_linear_seasonal,MCAR,xgboost,20,30,22.62011459816797,11.88561758251469,0.924098484562002,7.068878799997037
hybrid_linear_seasonal,MCAR,xgboost,30,1,22.300398877563943,11.738207551767156,0.9262289257444716,10.404047499992885
hybrid_linear_seasonal,MCAR,xgboost,30,2,22.172063864329143,11.698506790158229,0.9270755626291478,9.539709199976642
hybrid_linear_seasonal,MCAR,xgboost,30,3,22.16163723055124,11.706095164444056,0.9271441333877378,7.52771439999924
hybrid_linear_seasonal,MCAR,xgboost,30,4,22.320069359463528,11.724063840768252,0.926098726049008,7.434656299999915
hybrid_linear_seasonal,MCAR,xgboost,30,5,22.271146335734944,11.76240736140233,0.9264223371784952,7.069385000009788
hybrid_linear_seasonal,MCAR,xgboost,30,6,22.182806804168106,11.709148610866936,0.9270048779475052,7.584356000006664
hybrid_linear_seasonal,MCAR,xgboost,30,7,22.29167390181464,11.72714147613992,0.9262866399516492,7.27817830001004
hybrid_linear_seasonal,MCAR,xgboost,30,8,22.174625295347248,11.724677340124622,0.9270587124426676,7.113798700011103
hybrid_linear_seasonal,MCAR,xgboost,30,9,22.43707283771528,11.744814077196402,0.925321903244298,7.537424000009196
hybrid_linear_seasonal,MCAR,xgboost,30,10,22.32486758319954,11.746180816035894,0.9260669490007084,7.169446099986089
hybrid_linear_seasonal,MCAR,xgboost,30,11,22.33422145110367,11.75730966395914,0.9260049817914392,10.456956500012891
hybrid_linear_seasonal,MCAR,xgboost,30,12,22.147123365981614,11.696199264704203,0.9272395301233588,9.161410000000616
hybrid_linear_seasonal,MCAR,xgboost,30,13,22.202003509294244,11.717622532779606,0.9268784852719124,8.00873679999495
hybrid_linear_seasonal,MCAR,xgboost,30,14,22.260373624881517,11.704415707664612,0.926493500034176,7.773719100019662
hybrid_linear_seasonal,MCAR,xgboost,30,15,22.17070536470266,11.696474953697225,0.927084498629563,7.019709899992449
hybrid_linear_seasonal,MCAR,xgboost,30,16,22.270565666542694,11.71760382825866,0.9264261738669554,7.229123900004197
hybrid_linear_seasonal,MCAR,xgboost,30,17,22.136874210390463,11.691626102261385,0.9273068581289512,7.450258400000166
hybrid_linear_seasonal,MCAR,xgboost,30,18,22.359188232167877,11.747203685264568,0.9258394555374088,7.132387600024231
hybrid_linear_seasonal,MCAR,xgboost,30,19,22.245693708817157,11.713518378945462,0.9265904178545302,7.096367099991767
hybrid_linear_seasonal,MCAR,xgboost,30,20,22.279404783733355,11.725502487725263,0.9263677598385384,7.101034399995115
hybrid_linear_seasonal,MCAR,xgboost,30,21,22.23646237321488,11.722580319647344,0.9266513310264384,10.161673900001915
hybrid_linear_seasonal,MCAR,xgboost,30,22,22.27062514160551,11.734518358774777,0.9264257808986008,9.221695199987153
hybrid_linear_seasonal,MCAR,xgboost,30,23,22.17789699753652,11.7150130086904,0.9270371869582946,7.491148399974918
hybrid_linear_seasonal,MCAR,xgboost,30,24,22.239744596038467,11.706969808233154,0.9266296761031774,7.179006899998058
hybrid_linear_seasonal,MCAR,xgboost,30,25,22.26478290316366,11.716885460266246,0.9264643771884538,7.468409699999029
hybrid_linear_seasonal,MCAR,xgboost,30,26,22.30258725885033,11.723030317014208,0.9262144464375824,7.180422100005671
hybrid_linear_seasonal,MCAR,xgboost,30,27,22.20596897987509,11.711972040899672,0.92685236266454,7.162931600003503
hybrid_linear_seasonal,MCAR,xgboost,30,28,22.147382005186465,11.695055575310716,0.9272378306864028,7.173328000004403
hybrid_linear_seasonal,MCAR,xgboost,30,29,22.10239124878129,11.707017676439149,0.9275331522708372,7.203934799996205
hybrid_linear_seasonal,MCAR,xgboost,30,30,22.22001810944745,11.721074097054135,0.9267597762322496,7.099448799999664
hybrid_linear_seasonal,MCAR,xgboost,40,1,22.13188338644979,11.531899467367902,0.9273396322028614,10.000584599998549
hybrid_linear_seasonal,MCAR,xgboost,40,2,21.986567556303992,11.517297630420062,0.9282906617893276,9.218831200007116
hybrid_linear_seasonal,MCAR,xgboost,40,3,22.0702133433418,11.556740555509226,0.9277440013090076,8.019231900019804
hybrid_linear_seasonal,MCAR,xgboost,40,4,22.057255740033945,11.528969738269014,0.9278288205818244,7.25574660001439
hybrid_linear_seasonal,MCAR,xgboost,40,5,22.1209710299244,11.559568384192549,0.9274112664467288,7.022644699987723
hybrid_linear_seasonal,MCAR,xgboost,40,6,22.0337140610746,11.531755554685292,0.9279827947723946,7.444701500004157
hybrid_linear_seasonal,MCAR,xgboost,40,7,21.99649793418461,11.54230272580294,0.9282258711723576,7.268235299998196
hybrid_linear_seasonal,MCAR,xgboost,40,8,22.01408900936654,11.543314138446078,0.9281110266222832,7.066469700017478
hybrid_linear_seasonal,MCAR,xgboost,40,9,22.020247573397413,11.53413547535562,0.9280707983144972,7.560316199989757
hybrid_linear_seasonal,MCAR,xgboost,40,10,22.255066014289746,11.574725754970656,0.9265285486252504,7.086142699990887
hybrid_linear_seasonal,MCAR,xgboost,40,11,22.055203775429383,11.56476703642493,0.9278422479835756,10.272422100009862
hybrid_linear_seasonal,MCAR,xgboost,40,12,21.91225136498218,11.529424583943578,0.928774608035386,9.216024800000014
hybrid_linear_seasonal,MCAR,xgboost,40,13,22.09725825294085,11.544072915263548,0.9275668073474234,7.566497799998615
hybrid_linear_seasonal,MCAR,xgboost,40,14,21.95169542224534,11.53388550120368,0.9285179527974076,7.722732099995483
hybrid_linear_seasonal,MCAR,xgboost,40,15,21.900940560456892,11.507368882355966,0.9288481202042842,7.134602200007066
hybrid_linear_seasonal,MCAR,xgboost,40,16,22.00286076016889,11.515559973915716,0.9281843416211496,7.391452900017612
hybrid_linear_seasonal,MCAR,xgboost,40,17,21.992211951564457,11.519560543674627,0.9282538385969684,7.108864100009669
hybrid_linear_seasonal,MCAR,xgboost,40,18,22.10185950005508,11.550130221564071,0.9275366391053615,7.31863510000403
hybrid_linear_seasonal,MCAR,xgboost,40,19,22.079311355662423,11.537570881580338,0.9276844167954073,7.050639000022784
hybrid_linear_seasonal,MCAR,xgboost,40,20,22.01693820669737,11.534241978974666,0.9280924168014651,7.323950899997726
hybrid_linear_seasonal,MCAR,xgboost,40,21,21.91636606946956,11.517638866875288,0.9287478559731104,9.937636000016935
hybrid_linear_seasonal,MCAR,xgboost,40,22,22.1104771329228,11.560105547705623,0.9274801203874494,10.030449600017164
hybrid_linear_seasonal,MCAR,xgboost,40,23,21.883126499007844,11.51668346060636,0.9289638219446978,7.416448100004345
hybrid_linear_seasonal,MCAR,xgboost,40,24,21.938642440039796,11.517435095386706,0.9286029372566555,7.680442900018534
hybrid_linear_seasonal,MCAR,xgboost,40,25,21.95743050233889,11.52498402909003,0.9284805972482948,7.471798200014746
hybrid_linear_seasonal,MCAR,xgboost,40,26,21.955635488305845,11.517487098988076,0.928492290154176,7.238151199999265
hybrid_linear_seasonal,MCAR,xgboost,40,27,22.01376859267433,11.548302935838256,0.9281131193056928,7.446430899988627
hybrid_linear_seasonal,MCAR,xgboost,40,28,21.87177304634106,11.52230668080871,0.929037513121196,7.0962021999876015
hybrid_linear_seasonal,MCAR,xgboost,40,29,21.9025606642161,11.533815829475673,0.9288375930133408,7.166689400008181
hybrid_linear_seasonal,MCAR,xgboost,40,30,21.95609288976657,11.5181723785623,0.9284893106848132,7.150163399986923
hybrid_linear_seasonal,MCAR,xgboost,50,1,21.531919904374437,11.303354251100425,0.9312256718237176,10.10134919997654
hybrid_linear_seasonal,MCAR,xgboost,50,2,21.569143645296904,11.295586944658355,0.930987676266981,10.015560200001346
hybrid_linear_seasonal,MCAR,xgboost,50,3,21.69244196860257,11.341476391643928,0.93019641401222,7.612130200024694
hybrid_linear_seasonal,MCAR,xgboost,50,4,21.69852159276573,11.332630539472175,0.93015728157725,7.6104308999783825
hybrid_linear_seasonal,MCAR,xgboost,50,5,21.617813994979738,11.351276543083303,0.9306758749662134,7.163530699996045
hybrid_linear_seasonal,MCAR,xgboost,50,6,21.67608933904784,11.318133634113314,0.9303016158093462,7.032243599998765
hybrid_linear_seasonal,MCAR,xgboost,50,7,21.58938503765405,11.305377932944262,0.9308580873502752,7.196049299993319
hybrid_linear_seasonal,MCAR,xgboost,50,8,21.61085815719378,11.334787325974562,0.9307204798268136,7.225566799985245
hybrid_linear_seasonal,MCAR,xgboost,50,9,21.737947191901128,11.328144029993542,0.929903246517237,7.271314999990864
hybrid_linear_seasonal,MCAR,xgboost,50,10,21.6491032077737,11.345668504706737,0.9304750528983088,7.033241400000406
hybrid_linear_seasonal,MCAR,xgboost,50,11,21.6462461017483,11.340009394423843,0.9304934025764238,10.665746900020167
hybrid_linear_seasonal,MCAR,xgboost,50,12,21.68414751159768,11.327888469675422,0.9302497848730812,8.211269100022037
hybrid_linear_seasonal,MCAR,xgboost,50,13,21.69039895873147,11.328528542088122,0.9302095616974724,7.289832800015574
hybrid_linear_seasonal,MCAR,xgboost,50,14,21.585688992755507,11.299143799947611,0.9308817591443724,7.8109943000017665
hybrid_linear_seasonal,MCAR,xgboost,50,15,21.581262479710457,11.30084038933401,0.9309101039819624,7.005619000003208
hybrid_linear_seasonal,MCAR,xgboost,50,16,21.61517824777044,11.310012095653214,0.9306927785930128,6.950898999988567
hybrid_linear_seasonal,MCAR,xgboost,50,17,21.592341967253432,11.314538181373818,0.9308391463967908,7.131615599995712
hybrid_linear_seasonal,MCAR,xgboost,50,18,21.69013011961992,11.317061105489186,0.9302112917055918,7.28099149998161
hybrid_linear_seasonal,MCAR,xgboost,50,19,21.753347499979064,11.329163259767878,0.929803890862277,7.271610900002997
hybrid_linear_seasonal,MCAR,xgboost,50,20,21.638021531367023,11.321835230627311,0.9305462111139662,7.147002000012435
hybrid_linear_seasonal,MCAR,xgboost,50,21,21.617200440276715,11.320358353892292,0.9306798100115752,10.300255700014532
hybrid_linear_seasonal,MCAR,xgboost,50,22,21.64697638427563,11.320708957014538,0.9304887125891036,8.16557510002167
hybrid_linear_seasonal,MCAR,xgboost,50,23,21.74081085490909,11.348381849243262,0.9298847768153802,7.917438300006324
hybrid_linear_seasonal,MCAR,xgboost,50,24,21.735310140554173,11.30991535538362,0.9299202524952594,7.720518000016455
hybrid_linear_seasonal,MCAR,xgboost,50,25,21.667191188764665,11.314918868804655,0.9303588271810426,7.212165200005984
hybrid_linear_seasonal,MCAR,xgboost,50,26,21.573707389992204,11.311931369449198,0.9309584689927712,7.072773199994117
hybrid_linear_seasonal,MCAR,xgboost,50,27,21.60414071839779,11.30630678992205,0.9307635423099926,7.680344400025206
hybrid_linear_seasonal,MCAR,xgboost,50,28,21.572327517655104,11.314727220800062,0.9309673006182588,7.407317699980922
hybrid_linear_seasonal,MCAR,xgboost,50,29,21.66202816726654,11.32492850668681,0.9303920124730436,7.269767099991441
hybrid_linear_seasonal,MCAR,xgboost,50,30,21.587754994241216,11.299073825060674,0.9308685276721615,7.187654899986228
native,MAR,lightgbm,10,1,22.87290081019447,12.384652906227329,0.9223925634200342,4.259014799987199
native,MAR,lightgbm,10,2,22.818336072593763,12.349469412933075,0.9227623965654748,3.814782000001287
native,MAR,lightgbm,10,3,22.870152702128465,12.391735952689569,0.922411210885184,3.7363965999975335
native,MAR,lightgbm,10,4,22.916303814883666,12.385189553871516,0.9220977523813484,3.960695299989311
native,MAR,lightgbm,10,5,22.880879011020465,12.379613423977888,0.9223384141274356,3.458231099997647
native,MAR,lightgbm,10,6,22.756164821558105,12.337220731200324,0.923182709130412,3.463637699984247
native,MAR,lightgbm,10,7,22.920963143593,12.40482625624854,0.9220660710874172,3.4325056000088807
native,MAR,lightgbm,10,8,22.88284261216529,12.386784110594563,0.9223250839645204,3.4719772999815177
native,MAR,lightgbm,10,9,22.914876350071854,12.356300638625331,0.9221074571971606,3.4170583999948576
native,MAR,lightgbm,10,10,22.937602563704942,12.415646263666718,0.9219528781058162,3.643685799994273
native,MAR,lightgbm,10,11,22.836255822500377,12.380728742945625,0.922641036094102,3.911490300000878
native,MAR,lightgbm,10,12,22.833349267752077,12.362240363976833,0.9226607270413832,3.6394520000030752
native,MAR,lightgbm,10,13,22.86036526368641,12.401147330173815,0.9224776059821376,3.4735857999767177
native,MAR,lightgbm,10,14,22.9220507510522,12.394504196925606,0.922058674929336,3.812017699994613
native,MAR,lightgbm,10,15,22.95671822832485,12.400534045106712,0.9218227385875872,3.503551100002369
native,MAR,lightgbm,10,16,22.83401317933952,12.367024563933445,0.9226562294807876,3.4411048000038136
native,MAR,lightgbm,10,17,22.94243750517496,12.384001688542511,0.9219199720481114,3.510692599986214
native,MAR,lightgbm,10,18,22.962235104885934,12.38449667337219,0.9217851595120105,3.5361183999921195
native,MAR,lightgbm,10,19,22.812697189229272,12.36630128154554,0.9228005658711612,3.578919699997641
native,MAR,lightgbm,10,20,22.89074763242155,12.411481080609912,0.9222714081294072,3.4690006999881007
native,MAR,lightgbm,10,21,22.840164065317182,12.367626367278891,0.9226145550905008,3.8366973000229336
native,MAR,lightgbm,10,22,23.0063575744762,12.406510492217684,0.9214842874475736,3.705829900020035
native,MAR,lightgbm,10,23,22.947938718718454,12.434255502351734,0.92188252298414,3.472798100003274
native,MAR,lightgbm,10,24,22.955497434431635,12.392614227739813,0.9218310529977533,3.8398098000034224
native,MAR,lightgbm,10,25,22.854305811586265,12.36879523063839,0.92251869727459,3.5088191000104416
native,MAR,lightgbm,10,26,22.905412397213524,12.40285575940591,0.9221717838916804,3.460284100001445
native,MAR,lightgbm,10,27,22.88180649272213,12.404596944542726,0.9223321179392816,3.466113800008316
native,MAR,lightgbm,10,28,22.905545751153653,12.366550410551696,0.9221708776666098,3.5043424000032246
native,MAR,lightgbm,10,29,22.86757703901132,12.37844755496396,0.922428686179886,3.858890800009249
native,MAR,lightgbm,10,30,22.988121290861685,12.43296854341292,0.9216087110827866,3.4672977999725845
native,MAR,lightgbm,20,1,23.11099076852964,12.573565562414704,0.9207684825648176,4.402672900003381
native,MAR,lightgbm,20,2,23.094494676503192,12.540500277515688,0.9208815494565972,3.703935099998489
native,MAR,lightgbm,20,3,22.99116858385911,12.556638014458898,0.9215879266910796,3.5358234999876004
native,MAR,lightgbm,20,4,23.15517381027295,12.597391858016785,0.9204652471263484,3.746976399997948
native,MAR,lightgbm,20,5,23.11877399631659,12.570025877395636,0.920715107026288,3.5255523000087123
native,MAR,lightgbm,20,6,23.14023323037306,12.568118411863438,0.9205678515786988,3.740957300004084
native,MAR,lightgbm,20,7,23.111500117379563,12.60704304469848,0.9207649901202574,3.5161742999916896
native,MAR,lightgbm,20,8,23.217496856012268,12.582860334474478,0.9200365292202792,3.74247969998396
native,MAR,lightgbm,20,9,23.04765590637056,12.54457136563081,0.92120214993098,3.655107900005533
native,MAR,lightgbm,20,10,23.25443701278658,12.606826608824797,0.9197818753241692,4.139953300007619
native,MAR,lightgbm,20,11,23.10496785438817,12.576234632578684,0.9208097739529598,3.8031217000097968
native,MAR,lightgbm,20,12,23.28094423474909,12.602399942100847,0.9195988933383786,3.61344439999084
native,MAR,lightgbm,20,13,23.087190525563887,12.556617458377898,0.92093158750481,3.457270300015807
native,MAR,lightgbm,20,14,23.11357614634501,12.560720773297128,0.9207507546476368,3.915290500008268
native,MAR,lightgbm,20,15,23.158786792593958,12.580706190207671,0.9204404250216128,3.510613200021908
native,MAR,lightgbm,20,16,23.22158473459797,12.587801974709745,0.9200083685844754,3.5446117999963462
native,MAR,lightgbm,20,17,23.11206046030535,12.55268281034732,0.9207611479364732,3.608407899999293
native,MAR,lightgbm,20,18,23.210100446712676,12.620452131932993,0.9200874691088036,3.5396392999973614
native,MAR,lightgbm,20,19,23.133780160868685,12.58410879275228,0.9206121475629536,4.427356799977133
native,MAR,lightgbm,20,20,23.343142746334117,12.616386574875506,0.9191687123849096,3.6232513999857474
native,MAR,lightgbm,20,21,23.09083044357408,12.581114151059117,0.9209066537454786,4.092347500001779
native,MAR,lightgbm,20,22,23.2974656561198,12.618557869579895,0.9194847388711284,4.249932200007606
native,MAR,lightgbm,20,23,23.320886030384862,12.63174673015276,0.9193227774457592,3.961308700003429
native,MAR,lightgbm,20,24,23.276693795748688,12.576413454626392,0.9196282485741436,3.5667963000014424
native,MAR,lightgbm,20,25,23.201213789460347,12.593616389180138,0.9201486510345002,3.481721600022865
native,MAR,lightgbm,20,26,23.26215680640651,12.602609042331704,0.9197286063367436,3.718871399993077
native,MAR,lightgbm,20,27,23.07004243515343,12.5552598014874,0.9210490005564472,3.51669970000512
native,MAR,lightgbm,20,28,23.1077086998672,12.555720214190949,0.9207909848294976,3.7281852000160143
native,MAR,lightgbm,20,29,23.113494776619977,12.558569935888308,0.9207513126294836,3.570480399997905
native,MAR,lightgbm,20,30,23.17723449719256,12.586071464003728,0.9203136242428548,3.887226899998496
native,MAR,lightgbm,30,1,23.24618299521734,12.76997054342384,0.919838811065256,3.9970495000015935
native,MAR,lightgbm,30,2,23.408600082905814,12.814560966687209,0.9187147530189188,3.7972692000039383
native,MAR,lightgbm,30,3,23.405103891695887,12.79062392552069,0.9187390319200476,4.334476200019708
native,MAR,lightgbm,30,4,23.4110479948026,12.820640861233109,0.9186977516154728,3.9491563999908976
native,MAR,lightgbm,30,5,23.319071673496893,12.816470046338098,0.9193353302776032,3.585695499990834
native,MAR,lightgbm,30,6,23.3948071922758,12.788202200234885,0.9188105151073104,3.5335737999994308
native,MAR,lightgbm,30,7,23.424158996717345,12.810224527616942,0.918606661936776,3.569730499992147
native,MAR,lightgbm,30,8,23.306618188995483,12.802061090805962,0.9194214647505404,3.690072600002168
native,MAR,lightgbm,30,9,23.35529459509449,12.784284659815572,0.9190845330385374,3.575699499982875
native,MAR,lightgbm,30,10,23.371308255925097,12.817479609065463,0.9189735349042238,3.8464603000029456
native,MAR,lightgbm,30,11,23.317388173198943,12.793919625460063,0.9193469768899096,3.884131799975876
native,MAR,lightgbm,30,12,23.31684792445635,12.781449194632948,0.9193507142029588,3.66586829998414
native,MAR,lightgbm,30,13,23.400182227759014,12.803786540684849,0.9187732037082172,3.622919699992053
native,MAR,lightgbm,30,14,23.4443871905746,12.813268345016416,0.918466024988216,3.7991809000086505
native,MAR,lightgbm,30,15,23.357184977486085,12.802090493842812,0.9190714338790572,3.7671753999893554
native,MAR,lightgbm,30,16,23.390577819522992,12.785034798587656,0.9188398677370446,3.801606199995149
native,MAR,lightgbm,30,17,23.424665048903982,12.814872974925468,0.918603145078678,3.5981924000079744
native,MAR,lightgbm,30,18,23.33839878697384,12.835235327616733,0.9192015632638922,4.0521556999883614
native,MAR,lightgbm,30,19,23.34662377017978,12.804256183848068,0.9191446028104056,4.010553000000073
native,MAR,lightgbm,30,20,23.44877332832181,12.857671454301164,0.9184355142569685,3.5965022000018507
native,MAR,lightgbm,30,21,23.226198406455683,12.751338250783,0.919976579901237,3.960143699980108
native,MAR,lightgbm,30,22,23.348184839184583,12.82076186967982,0.9191337896773772,3.977173399995081
native,MAR,lightgbm,30,23,23.493299727540112,12.849202239497902,0.9181254578669672,3.629584999987856
native,MAR,lightgbm,30,24,23.338656670381148,12.783185358029614,0.9191997776494224,3.7831483999907514
native,MAR,lightgbm,30,25,23.38102801614509,12.799265226909345,0.9189061256201526,3.8279735000105575
native,MAR,lightgbm,30,26,23.353662214807706,12.791080452770917,0.9190958435528792,3.566369499982102
native,MAR,lightgbm,30,27,23.37171699637214,12.817677140238384,0.918970700738262,3.634847000008449
native,MAR,lightgbm,30,28,23.29699665131223,12.789658187762996,0.9194879805683166,3.712575099983951
native,MAR,lightgbm,30,29,23.32002485958844,12.812230314901711,0.9193287356743725,3.522220599988941
native,MAR,lightgbm,30,30,23.442720426589613,12.842206799386856,0.9184776177896152,3.6015383999911137
native,MAR,lightgbm,40,1,23.640071032707265,13.032538020829444,0.9170992614328324,4.065446699998574
native,MAR,lightgbm,40,2,23.91010567982112,13.053002331008056,0.9151945356039072,4.157069400011096
native,MAR,lightgbm,40,3,23.83984873689149,13.070856251645552,0.915692184511722,3.663274499995168
native,MAR,lightgbm,40,4,23.68376844803051,13.029285684658747,0.9167925029596858,4.28344259998994
native,MAR,lightgbm,40,5,23.831595637853614,13.056023543114968,0.9157505473242722,3.894261700013885
native,MAR,lightgbm,40,6,23.79013154084541,13.018318885654962,0.9160434600228428,3.782948799984297
native,MAR,lightgbm,40,7,23.82429448362565,13.076365813952576,0.9158021614949524,3.682543199975044
native,MAR,lightgbm,40,8,23.85632737227857,13.069134718032377,0.9155755933439724,3.566609399975277
native,MAR,lightgbm,40,9,23.785818681246724,13.049487051757051,0.9160738978493173,3.947980600001756
native,MAR,lightgbm,40,10,23.693693216929383,13.05840311194505,0.9167227515422952,3.626916699984577
native,MAR,lightgbm,40,11,23.794114451786584,13.04641496722756,0.9160153458938596,5.010777399991639
native,MAR,lightgbm,40,12,23.712657633086494,13.045091772196772,0.9165893880840286,3.6196615000080783
native,MAR,lightgbm,40,13,23.71216983183221,13.04126261483705,0.916592819785632,3.8412103000155184
native,MAR,lightgbm,40,14,23.825199533879463,13.05775492568648,0.915795764266897,3.6908552999957465
native,MAR,lightgbm,40,15,23.71854106954096,13.061657177084593,0.9165479923094824,3.849517299997388
native,MAR,lightgbm,40,16,23.79121507894324,13.049782937190187,0.9160358121305964,3.6325712999969255
native,MAR,lightgbm,40,17,23.757754563583493,13.054977092541892,0.9162718244003528,3.6525846000004094
native,MAR,lightgbm,40,18,23.63602260977957,13.057966517763564,0.9171276529306932,3.5315525000041816
native,MAR,lightgbm,40,19,23.696781807151734,13.029860129541474,0.9167010389239012,3.660129900003085
native,MAR,lightgbm,40,20,23.78949050555289,13.095553505688828,0.9160479844518046,3.623111699998845
native,MAR,lightgbm,40,21,23.73737911083799,13.057075032137256,0.9164153790380138,4.7986143000016455
native,MAR,lightgbm,40,22,23.81025794722901,13.079979262277677,0.9159013457853388,3.797838600003161
native,MAR,lightgbm,40,23,23.84637259214012,13.107211619083763,0.9156460359604486,3.7315044999995735
native,MAR,lightgbm,40,24,23.83075761320793,13.078264628145677,0.9157564723892524,3.947258000000147
native,MAR,lightgbm,40,25,23.728167256645524,13.055935790643732,0.9164802404479434,3.7879179000156
native,MAR,lightgbm,40,26,23.76853304225558,13.06658080647268,0.9161958351423404,3.611077400011709
native,MAR,lightgbm,40,27,23.58638377348506,13.03540581235768,0.9174753736355388,3.915311399992788
native,MAR,lightgbm,40,28,24.053171182342957,13.067497929739671,0.9141766367705472,3.6989025000075344
native,MAR,lightgbm,40,29,23.82914392059467,13.07619968871948,0.915767881053446,4.08179499997641
native,MAR,lightgbm,40,30,23.786722128414684,13.081018232907237,0.9160675222655884,3.652868299977854
native,MAR,lightgbm,50,1,24.03223864867505,13.310393080302765,0.9143259492013,3.9939787999901455
native,MAR,lightgbm,50,2,24.137001807419736,13.319643596141413,0.9135773674631136,3.9049702000047546
native,MAR,lightgbm,50,3,24.15503587461596,13.354334099468288,0.913448177117584,3.6463947000156622
native,MAR,lightgbm,50,4,24.083230160101994,13.341284365044675,0.9139619977529226,3.8888861000014
native,MAR,lightgbm,50,5,24.12853966614,13.342696867096985,0.9136379543028592,3.785369199991692
native,MAR,lightgbm,50,6,24.186504684997637,13.323796275173391,0.913222513442085,3.900381899991771
native,MAR,lightgbm,50,7,24.07391487525508,13.321241272535424,0.9140285431034476,3.696404200018151
native,MAR,lightgbm,50,8,24.12941334807132,13.314646622658586,0.9136316999396878,3.72532530000899
native,MAR,lightgbm,50,9,24.036968756663576,13.319762260238326,0.9142922205587776,3.6718335999757983
native,MAR,lightgbm,50,10,24.11960836614262,13.337317695467728,0.9137018771588802,3.725107299978845
native,MAR,lightgbm,50,11,24.214673604460675,13.32530757319735,0.9130202641697028,4.8384086000151
native,MAR,lightgbm,50,12,24.157616694553887,13.338580833640124,0.9134296810487362,4.091171899985056
native,MAR,lightgbm,50,13,24.1054229549044,13.334922841835926,0.9138033559521962,3.689090800005943
native,MAR,lightgbm,50,14,24.10549130575556,13.322064791349051,0.9138028671308756,3.87103200002457
native,MAR,lightgbm,50,15,24.12429301218249,13.323896886318488,0.9136683512894984,3.7183105000003702
native,MAR,lightgbm,50,16,24.07464750288124,13.290943011181374,0.9140233103838752,4.179304899997078
native,MAR,lightgbm,50,17,24.112874468520765,13.319051453132188,0.9137500571785716,3.626672899990808
native,MAR,lightgbm,50,18,24.01507745957909,13.330818109324262,0.9144482635354388,3.950800299993716
native,MAR,lightgbm,50,19,24.061511033714453,13.306617724726864,0.9141171121304688,3.682505400007358
native,MAR,lightgbm,50,20,23.98166978300995,13.345029576290594,0.9146861221713488,3.661034799995832
native,MAR,lightgbm,50,21,24.12826266564378,13.324909337852228,0.9136399371988428,4.739072500000475
native,MAR,lightgbm,50,22,24.023840604044448,13.32568356026218,0.9143858161824372,3.842614099994535
native,MAR,lightgbm,50,23,24.35648084683833,13.422334391669834,0.9119985305518336,3.805376800009981
native,MAR,lightgbm,50,24,24.077560686966088,13.324127051567512,0.9140025016822896,4.063267099991208
native,MAR,lightgbm,50,25,24.01858655206057,13.299162194557294,0.9144232600026344,3.893653400009498
native,MAR,lightgbm,50,26,24.193554514581223,13.312836616430015,0.913171918644856,3.760530600004131
native,MAR,lightgbm,50,27,23.95644020534537,13.29798382821075,0.914865534272971,3.612168499996187
native,MAR,lightgbm,50,28,24.290643247479316,13.342413186939194,0.912473638179669,3.932106299995212
native,MAR,lightgbm,50,29,24.082140444786837,13.321628922620228,0.9139697836526512,4.0216399999917485
native,MAR,lightgbm,50,30,24.04163668950963,13.348212856737032,0.9142589287564652,4.66278240000247
native,MAR,xgboost,10,1,22.956289840623143,12.288083092714723,0.9218256562402356,7.830289400008041
native,MAR,xgboost,10,2,22.83183179018245,12.253393403692131,0.9226710064542512,7.716186200006632
native,MAR,xgboost,10,3,23.13898507564444,12.325649777714078,0.9205764202855766,7.430300599982729
native,MAR,xgboost,10,4,22.94339550469225,12.26589330877137,0.9219134511899172,7.531857699999819
native,MAR,xgboost,10,5,23.28843042140695,12.373532246686151,0.9195471776984482,7.570530099997995
native,MAR,xgboost,10,6,23.011533196460032,12.30195030636695,0.9214489569215772,7.817165299988119
native,MAR,xgboost,10,7,22.97893920007943,12.304395604284814,0.921671321869382,7.559572800004389
native,MAR,xgboost,10,8,23.050677917396342,12.296713502649553,0.9211814846117504,7.388737000001129
native,MAR,xgboost,10,9,23.16679869439681,12.307830325367291,0.920385367408458,7.638615400006529
native,MAR,xgboost,10,10,23.08063476022525,12.320794267717512,0.9209764851602756,7.763822800014168
native,MAR,xgboost,10,11,23.02259448414645,12.311757450527578,0.9213734222315864,7.841729100007797
native,MAR,xgboost,10,12,23.144652265669237,12.314848016330192,0.9205375107450406,7.489258899993729
native,MAR,xgboost,10,13,23.059760554705463,12.313393543963183,0.9211193588009744,7.567120399995474
native,MAR,xgboost,10,14,22.87789949686428,12.279182632894608,0.92235863876378,7.662253499991493
native,MAR,xgboost,10,15,23.051662558857704,12.265622269751956,0.9211747507850042,7.441007199988235
native,MAR,xgboost,10,16,22.945498070686348,12.26849262493025,0.9218991386052752,7.398934500000905
native,MAR,xgboost,10,17,23.037641209416797,12.265376899465547,0.9212706137386604,7.694693099998403
native,MAR,xgboost,10,18,23.236463945391183,12.33740279695343,0.919905826602702,7.742901899997378
native,MAR,xgboost,10,19,22.97964816310795,12.307703319535598,0.9216664884875584,7.30656149997958
native,MAR,xgboost,10,20,22.961022950596423,12.277675195551126,0.921793417066342,7.278779499989469
native,MAR,xgboost,10,21,23.003175595155486,12.282335380324588,0.9215060047572936,7.966093600000022
native,MAR,xgboost,10,22,23.17070144732988,12.352488160748424,0.920358540878208,7.693180100002792
native,MAR,xgboost,10,23,23.08329745035217,12.312626569734794,0.9209582510629746,7.735571900004288
native,MAR,xgboost,10,24,22.891606417760773,12.254826679473933,0.922265575779292,7.386287500004983
native,MAR,xgboost,10,25,22.900385113276613,12.291318917067496,0.922205943643663,7.524281699996209
native,MAR,xgboost,10,26,22.949726367330147,12.281523889590815,0.9218703517786738,7.443214600003557
native,MAR,xgboost,10,27,22.93522120583468,12.25864187102212,0.9219690828054712,7.419826299999841
native,MAR,xgboost,10,28,23.054765746925963,12.29511085949316,0.9211535266293284,7.3192018999834545
native,MAR,xgboost,10,29,22.985672682940468,12.294288517454568,0.9216254100818652,7.383873199985828
native,MAR,xgboost,10,30,22.88308003265898,12.271412048362132,0.922323472126962,7.240799300023355
native,MAR,xgboost,20,1,23.273585006815026,12.438061122924491,0.919649715723068,7.863868100015679
native,MAR,xgboost,20,2,23.148793247763955,12.413263180531956,0.920509073749914,7.716775400011102
native,MAR,xgboost,20,3,23.24995628874736,12.461868064443458,0.9198127856103194,7.72933419997571
native,MAR,xgboost,20,4,23.14889239048308,12.453131404493838,0.9205083928536472,7.692199099983554
native,MAR,xgboost,20,5,23.421471094326154,12.51993241002051,0.918625340498152,7.512643499998376
native,MAR,xgboost,20,6,23.229179561903283,12.443039771269806,0.9199560360687342,7.417971100017894
native,MAR,xgboost,20,7,23.14998154666741,12.430983683308094,0.9205009125119676,7.320413000008557
native,MAR,xgboost,20,8,23.129677424375718,12.424256821151312,0.920640303666729,7.457321199995931
native,MAR,xgboost,20,9,23.16290396520564,12.425335666193368,0.9204121342805728,7.508112700015772
native,MAR,xgboost,20,10,23.20993005829299,12.481775042623362,0.9200886424014316,7.660025199991651
native,MAR,xgboost,20,11,23.1569612282733,12.481999046602262,0.9204529675954708,7.967301199998474
native,MAR,xgboost,20,12,23.39619796845964,12.474973038601858,0.9188008617036836,7.99368900002446
native,MAR,xgboost,20,13,23.357548667534523,12.47524160225325,0.9190689136144526,7.438130299997283
native,MAR,xgboost,20,14,23.190092514159787,12.424184151307095,0.920225184616256,7.384644900012063
native,MAR,xgboost,20,15,23.29035674172831,12.445162990188852,0.9195338677146268,7.487053299992112
native,MAR,xgboost,20,16,23.227688101363125,12.428571782599969,0.9199663143982644,7.461494699993636
native,MAR,xgboost,20,17,23.374516076908552,12.444459868515498,0.9189512908578394,7.368054599995958
native,MAR,xgboost,20,18,23.24119861026592,12.442004784656712,0.919873183279242,7.4045506000111345
native,MAR,xgboost,20,19,23.32716995081144,12.453056586754894,0.9192792938878268,7.5593848999997135
native,MAR,xgboost,20,20,23.181415333907143,12.42470918511947,0.92028487311867,7.562254700023914
native,MAR,xgboost,20,21,23.303952066455967,12.457310901341344,0.919439898996092,7.950726599985501
native,MAR,xgboost,20,22,23.185441527040197,12.447203689960956,0.9202571805586338,7.545798500010278
native,MAR,xgboost,20,23,23.28711841766801,12.450900648204582,0.9195562424081294,7.670415400003549
native,MAR,xgboost,20,24,23.22679826303644,12.40925475396017,0.9199724463625324,7.322035799996229
native,MAR,xgboost,20,25,23.00910382883918,12.402332265234412,0.921465541586833,7.5943483999872115
native,MAR,xgboost,20,26,23.087277225990945,12.424165200090314,0.9209309936449382,7.392673199996352
native,MAR,xgboost,20,27,23.00650557010449,12.408899206823694,0.9214832772903118,7.678377999982331
native,MAR,xgboost,20,28,23.16632793912103,12.420689271729644,0.9203886029549854,7.686033199977828
native,MAR,xgboost,20,29,23.241771773959886,12.447522416697575,0.9198692311294988,7.351353100006236
native,MAR,xgboost,20,30,23.21839644357859,12.44490521986032,0.9200303325541956,7.446469300019089
native,MAR,xgboost,30,1,23.395422233773115,12.647811525317808,0.9188062461634946,7.692161699989811
native,MAR,xgboost,30,2,23.3813700229627,12.648372069682246,0.9189037531957468,7.687011400004849
native,MAR,xgboost,30,3,23.472868033979942,12.714709888090116,0.9182678055284172,7.704129400022794
native,MAR,xgboost,30,4,23.49328454458252,12.679442135526758,0.9181255636926547,7.49239870000747
native,MAR,xgboost,30,5,23.681568150776755,12.76685954485979,0.9168079627226216,7.564837799989618
native,MAR,xgboost,30,6,23.43683069700218,12.692484750289644,0.9185185758748732,7.674905099993339
native,MAR,xgboost,30,7,23.50962573297721,12.695871271174466,0.918011625524894,7.435770100011723
native,MAR,xgboost,30,8,23.42075704794896,12.691149856923914,0.9186303021331284,7.41204419999849
native,MAR,xgboost,30,9,23.406413028291784,12.677922675789544,0.9187299411949824,7.50570089998655
native,MAR,xgboost,30,10,23.54743128874373,12.72627200430472,0.9177477244039716,7.416540300007909
native,MAR,xgboost,30,11,23.39987224000321,12.722170872914802,0.9187753557551774,7.799458499997854
native,MAR,xgboost,30,12,23.458741688890942,12.705730163160668,0.9183661513940238,7.540405900013866
native,MAR,xgboost,30,13,23.73561755244533,12.753713270032431,0.916427784259882,8.08268729998963
native,MAR,xgboost,30,14,23.220549362888864,12.638220545372151,0.9200155015365736,7.642944400024135
native,MAR,xgboost,30,15,23.39427477784596,12.650168294843846,0.9188142104539812,7.433802799991099
native,MAR,xgboost,30,16,23.479282611773986,12.66657727357058,0.9182231284863736,7.480007000005571
native,MAR,xgboost,30,17,23.47003395877978,12.671248319798629,0.918287540756464,7.534912200004328
native,MAR,xgboost,30,18,23.70759134533816,12.754044546022724,0.9166250261828645,7.412853500019992
native,MAR,xgboost,30,19,23.480216118547112,12.682795911547958,0.9182166256657992,7.51778930000728
native,MAR,xgboost,30,20,23.423691855283764,12.663279338321374,0.9186099083134336,7.6107314999972
native,MAR,xgboost,30,21,23.47351238489577,12.673227626742396,0.9182633182252786,7.919032600009814
native,MAR,xgboost,30,22,23.363378497870716,12.670259786904367,0.9190285092561392,8.055240500019863
native,MAR,xgboost,30,23,23.594185470754383,12.69400318993492,0.9174207710615347,7.712954499991611
native,MAR,xgboost,30,24,23.44986672784136,12.677696527510731,0.918427907492424,7.360270500008482
native,MAR,xgboost,30,25,23.408984001309797,12.663717358013988,0.9187120867203716,7.458953499997733
native,MAR,xgboost,30,26,23.338949243022995,12.645924248077709,0.9191977518187994,7.461452799994731
native,MAR,xgboost,30,27,23.66172517971936,12.690173164609371,0.9169473188309536,7.761327899992466
native,MAR,xgboost,30,28,23.35035170233433,12.635150972976644,0.91911877916213,7.59229930001311
native,MAR,xgboost,30,29,23.439781297763574,12.692643871687334,0.918498058229884,7.610805200005416
native,MAR,xgboost,30,30,23.511194826486427,12.66618441002737,0.9180006809253658,7.771323599998141
native,MAR,xgboost,40,1,23.9312436420614,12.945353196657775,0.9150445231265516,7.737452100001974
native,MAR,xgboost,40,2,23.940818270998616,12.93062508449938,0.9149765300126896,7.866117500001565
native,MAR,xgboost,40,3,23.793888296977325,12.929962331067818,0.916016942376318,7.559512500010896
native,MAR,xgboost,40,4,23.81022815245313,12.916075866029615,0.915901556257564,7.535243099991931
native,MAR,xgboost,40,5,24.09545448462763,13.02358911726224,0.9138746321144476,7.351635600003647
native,MAR,xgboost,40,6,23.994607292606577,12.942194996801463,0.9145940479458584,7.731370699999388
native,MAR,xgboost,40,7,24.029378672232703,12.95877540293232,0.9143463394105386,7.691690899984678
native,MAR,xgboost,40,8,23.823604063465087,12.943717656069166,0.9158070414751674,7.431213900010334
native,MAR,xgboost,40,9,24.04769012359773,12.973707490469296,0.9142157459005692,7.405154000007315
native,MAR,xgboost,40,10,23.923431620763445,12.98331642415352,0.9150999791388732,7.703099200007273
native,MAR,xgboost,40,11,24.113157475081533,13.03731912629818,0.913748032580222,7.6811180000077
native,MAR,xgboost,40,12,23.843339961287157,12.960787981996436,0.9156674898035014,7.655116700014332
native,MAR,xgboost,40,13,23.975693301787278,12.989943308331885,0.9147286390819888,7.884404300013557
native,MAR,xgboost,40,14,23.94187378860397,12.936204937878136,0.9149690327127424,7.6382832000090275
native,MAR,xgboost,40,15,23.866078561562976,12.907146729058397,0.9155065628847104,7.756178099982208
native,MAR,xgboost,40,16,23.939981686107824,12.941321491092562,0.9149824720073853,8.528186499985168
native,MAR,xgboost,40,17,23.82533377395172,12.921857081933055,0.9157948153879996,7.452748900017468
native,MAR,xgboost,40,18,23.955270222017557,12.974114073464522,0.9148738496547552,7.39277539998875
native,MAR,xgboost,40,19,23.867773843286667,12.916308212033828,0.915494558795581,7.402861199981999
native,MAR,xgboost,40,20,23.908837295450123,12.9359112948301,0.9152035328935032,7.398483800003305
native,MAR,xgboost,40,21,24.035977170150414,12.97001244906938,0.9142992917436736,7.906277500005672
native,MAR,xgboost,40,22,23.86049384012229,12.940544852405424,0.9155461016048224,7.946373900020262
native,MAR,xgboost,40,23,23.90074016339384,12.951466819473694,0.9152609586827916,7.838745799992466
native,MAR,xgboost,40,24,23.88492267299945,12.91489889250737,0.9153730820261412,7.582647100003669
native,MAR,xgboost,40,25,23.859062493928924,12.9182037435313,0.915556233762273,7.463040600006934
native,MAR,xgboost,40,26,23.73423630107657,12.909270059406916,0.9164375106449976,7.41752039999119
native,MAR,xgboost,40,27,23.8192246903477,12.929812958022804,0.9158379921649948,7.480410499993013
native,MAR,xgboost,40,28,24.032975097173917,12.942823551080144,0.9143206982969824,7.303049700014526
native,MAR,xgboost,40,29,24.09428467847119,12.97826568010763,0.9138829944833744,7.406616100022802
native,MAR,xgboost,40,30,23.85588497508525,12.94349642365793,0.915578724485968,7.783936599997105
native,MAR,xgboost,50,1,24.11858282279977,13.18385555994312,0.9137092156349048,7.94958939999924
native,MAR,xgboost,50,2,24.311566574859427,13.212362878354591,0.9123227873817258,7.696887500002049
native,MAR,xgboost,50,3,24.11388469735105,13.209775877173364,0.9137428300017206,7.7089778999798
native,MAR,xgboost,50,4,24.052106546189485,13.185927604727858,0.9141842339919282,7.437987199984491
native,MAR,xgboost,50,5,24.444148889971647,13.299327747752413,0.9113638903427927,7.398719999997411
native,MAR,xgboost,50,6,24.305488849367094,13.20279180137356,0.9123666193100924,7.452322600001935
native,MAR,xgboost,50,7,24.40253694656377,13.247096003002753,0.9116654088313976,7.498038299992913
native,MAR,xgboost,50,8,24.202961605546065,13.22674433573357,0.91310438342958,8.142198099987581
native,MAR,xgboost,50,9,24.312876007023984,13.199505573439115,0.9123133424573326,7.644325299974298
native,MAR,xgboost,50,10,24.23018095853632,13.249151339897002,0.9129088228606332,7.331768900010502
native,MAR,xgboost,50,11,24.30413702899697,13.292659613151288,0.912376367009098,7.62740080000367
native,MAR,xgboost,50,12,24.24139630650873,13.251143206722029,0.9128281809609262,7.684952499985229
native,MAR,xgboost,50,13,24.227715475411035,13.23788611774824,0.912926545460701,7.671335799997905
native,MAR,xgboost,50,14,24.1969060602435,13.215012448397031,0.913147860300224,7.517986100021517
native,MAR,xgboost,50,15,24.284390204818507,13.197650742476457,0.9125186954985246,7.409336799988523
native,MAR,xgboost,50,16,24.26262198192245,13.219404840217386,0.9126754594953664,7.636298700002953
native,MAR,xgboost,50,17,24.11496769766818,13.208008404437267,0.9137350818813832,7.745491699984996
native,MAR,xgboost,50,18,24.4713488483418,13.283321268979108,0.9111665228783709,7.286126199993305
native,MAR,xgboost,50,19,24.131221707350864,13.18730486407484,0.913618753850432,7.63058739999542
native,MAR,xgboost,50,20,24.23981465461305,13.2031854632805,0.9128395557986776,7.506510600011097
native,MAR,xgboost,50,21,24.220084351364456,13.199160970995708,0.9129813887403307,7.677815400005784
native,MAR,xgboost,50,22,24.21681162857861,13.222216428257356,0.9130049038154108,7.754045399982715
native,MAR,xgboost,50,23,24.21041244480265,13.233057136520536,0.9130508738682984,7.737135799980024
native,MAR,xgboost,50,24,24.317786402324472,13.227691776623224,0.912277919282218,7.604431399988243
native,MAR,xgboost,50,25,24.19232741189348,13.19551679874507,0.9131807263022752,7.527323499991326
native,MAR,xgboost,50,26,24.385354316471894,13.22555953765856,0.9117897636256508,7.440986700006761
native,MAR,xgboost,50,27,24.38489871925165,13.215162075998467,0.911793059699396,7.428831999975955
native,MAR,xgboost,50,28,24.20119719899034,13.20648674742356,0.9131170524251784,7.427165000000969
native,MAR,xgboost,50,29,24.21863629889557,13.238344716182366,0.9129917936378716,7.372963700006949
native,MAR,xgboost,50,30,24.12548273454626,13.194426488714178,0.9136598359538756,7.365849199995864
native,MCAR,lightgbm,10,1,22.93096605762336,12.39102232518714,0.9219980341126216,3.720034199999645
native,MCAR,lightgbm,10,2,22.925603812954243,12.38367982369501,0.9220345102663496,4.133394399977988
native,MCAR,lightgbm,10,3,22.92987126427874,12.38065220096737,0.9220054820321182,3.592402200010838
native,MCAR,lightgbm,10,4,22.97930965761355,12.366567276698037,0.9216687962799628,3.7733760000264738
native,MCAR,lightgbm,10,5,22.83272717661902,12.379509235007747,0.9226649411774678,3.574855999991996
native,MCAR,lightgbm,10,6,22.918525047319346,12.343845296980383,0.9220826498249516,3.72814640001161
native,MCAR,lightgbm,10,7,23.05796733973314,12.43823386500992,0.9211316264432724,3.575523699983023
native,MCAR,lightgbm,10,8,22.96984046725703,12.372288896255306,0.9217333395813272,3.516705299989553
native,MCAR,lightgbm,10,9,22.96752822514199,12.36490045718202,0.9217490960999676,3.5496868999907747
native,MCAR,lightgbm,10,10,23.07219029729633,12.418213296388794,0.9210342989140698,3.4895075999957044
native,MCAR,lightgbm,10,11,22.93684427957559,12.374654734497213,0.9219580382715724,4.0375516999920364
native,MCAR,lightgbm,10,12,22.9404462952836,12.386006879860233,0.921933524834474,3.626020099996822
native,MCAR,lightgbm,10,13,22.944845503694648,12.371497170039008,0.9219035808988596,3.5180003000132274
native,MCAR,lightgbm,10,14,22.94433905147165,12.3773410498734,0.921907028441668,3.741675800003577
native,MCAR,lightgbm,10,15,23.007325412119197,12.394262538590503,0.9214776812683622,3.627432200009935
native,MCAR,lightgbm,10,16,22.865067761177688,12.358528255728396,0.9224457091726168,3.798478199983947
native,MCAR,lightgbm,10,17,22.94253557567844,12.372425406527285,0.9219193045197358,4.031870100006927
native,MCAR,lightgbm,10,18,22.940518840561825,12.381992102950228,0.9219330310896668,3.68668750001234
native,MCAR,lightgbm,10,19,22.901782082166925,12.3720810913674,0.9221964521708546,3.5445677999814507
native,MCAR,lightgbm,10,20,22.946619172062533,12.401099197550874,0.9218915065092572,3.567878500005463
native,MCAR,lightgbm,10,21,22.87328006252066,12.35785928306866,0.9223899898028872,3.8915194000001065
native,MCAR,lightgbm,10,22,23.061036319855933,12.409241091754094,0.9211106305267514,4.250880900013726
native,MCAR,lightgbm,10,23,23.034963040871364,12.421782613624565,0.9212889175492012,3.519696000003023
native,MCAR,lightgbm,10,24,22.914680548706293,12.377668513415882,0.9221087883325204,3.6149226000125054
native,MCAR,lightgbm,10,25,22.904635125692085,12.36625810044347,0.9221770658423828,3.5787258000054862
native,MCAR,lightgbm,10,26,22.978782724906264,12.36944868225824,0.9216723886246084,3.901744200004032
native,MCAR,lightgbm,10,27,22.992498428583584,12.394886783328438,0.9215788554777236,4.5769064000051
native,MCAR,lightgbm,10,28,22.94296163757109,12.36448475030032,0.9219164044464038,3.5335262999869883
native,MCAR,lightgbm,10,29,22.968161379799,12.383606063197654,0.9217447816951572,4.190983599983156
native,MCAR,lightgbm,10,30,23.085186144366105,12.406476898240902,0.9209453160145286,3.4624046999961138
native,MCAR,lightgbm,20,1,23.21643907936043,12.53582403726185,0.9200438152396228,3.9890013999829534
native,MCAR,lightgbm,20,2,23.155922807620883,12.537934421350217,0.920460101642844,3.782656900002621
native,MCAR,lightgbm,20,3,23.16976396695887,12.509956615474088,0.9203649852920216,3.597405899985461
native,MCAR,lightgbm,20,4,23.285450522789773,12.55045048095688,0.9195677652529892,3.779356099985307
native,MCAR,lightgbm,20,5,23.253330836102144,12.573617264222191,0.9197895068405664,3.658985200017924
native,MCAR,lightgbm,20,6,23.185388753419414,12.536710836822463,0.9202575435719944,4.194723799999338
native,MCAR,lightgbm,20,7,23.320784792312686,12.614348266522883,0.9193234778984558,3.5193513999984134
native,MCAR,lightgbm,20,8,23.273124539809498,12.569982670692324,0.9196528951463304,3.662721100001363
native,MCAR,lightgbm,20,9,23.21848982297005,12.559735083693107,0.920029689311333,3.566599199984921
native,MCAR,lightgbm,20,10,23.25803848454655,12.581998198341504,0.919757026244221,3.638231499993708
native,MCAR,lightgbm,20,11,23.126350543832935,12.51577705683263,0.9206631315892252,4.4291284999926575
native,MCAR,lightgbm,20,12,23.21894766839406,12.557587092737704,0.9200265354109648,3.7316374000220094
native,MCAR,lightgbm,20,13,23.194532140306265,12.569595971838003,0.9201946367210242,4.000167999998666
native,MCAR,lightgbm,20,14,23.309052273342,12.561712608285095,0.9194046330341888,3.871423299977323
native,MCAR,lightgbm,20,15,23.166204431891902,12.551714934699744,0.9203894518212252,4.2436078999890015
native,MCAR,lightgbm,20,16,23.2273604798469,12.54688370998983,0.9199685720979884,3.9077386999852015
native,MCAR,lightgbm,20,17,23.36436777675404,12.557613230425092,0.9190216519360932,3.778984800010221
native,MCAR,lightgbm,20,18,23.288979659773453,12.575686523718248,0.919543382827178,4.262150399998063
native,MCAR,lightgbm,20,19,23.19532824188501,12.53314038058646,0.920189158337961,3.6845752999943215
native,MCAR,lightgbm,20,20,23.22827365217111,12.586117108937296,0.9199622791813488,3.4097799999872223
native,MCAR,lightgbm,20,21,23.23856488281935,12.559701203507744,0.9198913424321068,4.295320500008529
native,MCAR,lightgbm,20,22,23.270296744221724,12.593410376402293,0.9196724190727332,4.281784699996933
native,MCAR,lightgbm,20,23,23.312854673831,12.60739312843966,0.9193783358810308,3.8538401999976486
native,MCAR,lightgbm,20,24,23.24366131519791,12.553849173361266,0.9198562014389512,3.6566115000168793
native,MCAR,lightgbm,20,25,23.194402198203147,12.538943535781351,0.9201955309013968,3.609995800012257
native,MCAR,lightgbm,20,26,23.30025860730817,12.576481834467918,0.919465433022429,3.6748587999900337
native,MCAR,lightgbm,20,27,23.304465086248666,12.56604737094955,0.9194363520113478,3.538592800003244
native,MCAR,lightgbm,20,28,23.19773151270936,12.572902289168102,0.9201726190588604,3.54483369999798
native,MCAR,lightgbm,20,29,23.21436052358957,12.537237227047047,0.9200581314703832,3.571459900005721
native,MCAR,lightgbm,20,30,23.51762085794231,12.633266351619032,0.9179558510290238,3.701924599998165
native,MCAR,lightgbm,30,1,23.401506143190865,12.711447616570895,0.9187640122882426,3.888724099990213
native,MCAR,lightgbm,30,2,23.435392569725508,12.743761049540288,0.9185285752698324,3.6283882999850894
native,MCAR,lightgbm,30,3,23.48074711010332,12.702249614946636,0.9182129266562143,3.738716200023191
native,MCAR,lightgbm,30,4,23.437379865406324,12.755066915744845,0.9185147573084051,3.619299600017257
native,MCAR,lightgbm,30,5,23.53735334711469,12.800790993182622,0.9178181147779084,3.758091300027445
native,MCAR,lightgbm,30,6,23.42399922939174,12.740349869717235,0.9186077722393144,3.577558899996802
native,MCAR,lightgbm,30,7,23.42559119353257,12.783546427805984,0.9185967085511912,3.778882100014016
native,MCAR,lightgbm,30,8,23.44427624992539,12.747911732008838,0.9184667966365124,3.5189384999976028
native,MCAR,lightgbm,30,9,23.35976037721004,12.728143824383974,0.919053586274768,3.6130647999816574
native,MCAR,lightgbm,30,10,23.567917026007297,12.778087017057246,0.9176045468792572,3.560963600000832
native,MCAR,lightgbm,30,11,23.47082824861872,12.74031087359522,0.918282009918762,3.972200800024439
native,MCAR,lightgbm,30,12,23.483271252904373,12.732081873980974,0.9181953417516509,3.785404700000072
native,MCAR,lightgbm,30,13,23.433547737617967,12.75906323023875,0.9185414016122028,3.5453189999971078
native,MCAR,lightgbm,30,14,23.417460442951317,12.753734070790488,0.9186532070181992,4.040214100008598
native,MCAR,lightgbm,30,15,23.40489601057968,12.734882337370552,0.9187404754125276,3.7765757000015583
native,MCAR,lightgbm,30,16,23.47422202052904,12.741830913110803,0.9182583761324432,3.762547899998026
native,MCAR,lightgbm,30,17,23.41765337230721,12.7252029590899,0.9186518666295552,3.621441600000253
native,MCAR,lightgbm,30,18,23.53333698794568,12.778365748593863,0.9178461590360724,3.6235562000074415
native,MCAR,lightgbm,30,19,23.431369524930243,12.746644644397472,0.9185565445097292,4.6168155999912415
native,MCAR,lightgbm,30,20,23.576187601836576,12.815264644498528,0.9175467074518158,3.553027599991765
native,MCAR,lightgbm,30,21,23.37262025798061,12.732016586492009,0.9189644374355256,4.392758100002538
native,MCAR,lightgbm,30,22,23.54143501530325,12.764329791304146,0.9177896095958438,3.774912099994253
native,MCAR,lightgbm,30,23,23.606675099198267,12.801756911857424,0.9173333209674898,3.6107881999923848
native,MCAR,lightgbm,30,24,23.394264616221417,12.723986421061042,0.9188142809822912,3.73889180002152
native,MCAR,lightgbm,30,25,23.49793166113537,12.742534850461364,0.91809316995238,3.5911271999939345
native,MCAR,lightgbm,30,26,23.41385614130933,12.734854499993396,0.9186782460967444,3.687655199988512
native,MCAR,lightgbm,30,27,23.37582816178821,12.768143645528312,0.9189421915661058,3.4896698000084143
native,MCAR,lightgbm,30,28,23.42754328069401,12.733052328879063,0.9185831410864672,3.5472302999987733
native,MCAR,lightgbm,30,29,23.503205502631705,12.757359389579523,0.918056399727663,3.6536229999910574
native,MCAR,lightgbm,30,30,23.44169810471884,12.770714812827354,0.9184847279112672,3.59743970001
native,MCAR,lightgbm,40,1,23.78281300278211,13.020427870890604,0.9160951070364574,4.079234199976781
native,MCAR,lightgbm,40,2,23.85295201733706,13.006245293062912,0.915599481528817,3.8565077999955975
native,MCAR,lightgbm,40,3,23.7670290615987,13.011672836634672,0.9162064404123442,3.615186699986225
native,MCAR,lightgbm,40,4,23.924274944520704,13.01712597755479,0.9150939934201292,3.755794400000013
native,MCAR,lightgbm,40,5,23.98135767148216,13.026628469001672,0.914688342806669,4.114919800020289
native,MCAR,lightgbm,40,6,23.93830933540848,13.00553965439152,0.9149943495566856,3.623025699984282
native,MCAR,lightgbm,40,7,23.94971128990492,13.063497799215288,0.9149133529107022,3.832492999994429
native,MCAR,lightgbm,40,8,23.81955683501528,13.047812920715868,0.9158356449721384,3.681890800013207
native,MCAR,lightgbm,40,9,23.81913617858737,13.045639672030717,0.9158386176524924,3.8019082999962848
native,MCAR,lightgbm,40,10,23.9542626792036,13.061809173081071,0.9148810102032764,3.5683813999930862
native,MCAR,lightgbm,40,11,23.80799548231619,13.022572585085436,0.9159173272345952,4.361880000011297
native,MCAR,lightgbm,40,12,23.923068539727744,13.043858948320226,0.915102556139872,3.681763399974443
native,MCAR,lightgbm,40,13,24.0503875614109,13.057045160032247,0.9141964999216357,3.622419499995885
native,MCAR,lightgbm,40,14,23.832128449192023,13.01337811567105,0.9157467800930618,3.792600799992215
native,MCAR,lightgbm,40,15,23.87213976134653,13.045421207056393,0.9154636403213128,3.571545499988133
native,MCAR,lightgbm,40,16,23.78121397626348,12.992249502549187,0.916106389271118,3.9217824999941513
native,MCAR,lightgbm,40,17,23.989534996519463,13.051452490598,0.9146301525991184,3.879670199996326
native,MCAR,lightgbm,40,18,23.902101051014053,13.060195148457437,0.9152513084715757,4.230710200004978
native,MCAR,lightgbm,40,19,23.723624937507147,13.013413584781537,0.916512214016414,3.736759099992923
native,MCAR,lightgbm,40,20,23.79896976713124,13.061040553017458,0.9159810673679964,3.643225700012408
native,MCAR,lightgbm,40,21,23.787825894404214,13.014392199054878,0.9160597327128076,4.16084480000427
native,MCAR,lightgbm,40,22,23.989757590833563,13.053207311081538,0.9146285683307456,3.713784799998393
native,MCAR,lightgbm,40,23,23.91521913176492,13.08909240863689,0.9151582584713044,3.845701599988388
native,MCAR,lightgbm,40,24,23.904114203900534,13.071409784566884,0.9152370319644596,4.335953300003894
native,MCAR,lightgbm,40,25,23.832363554622923,13.025924160156691,0.9157451177583426,3.668200699990848
native,MCAR,lightgbm,40,26,23.873083035310398,13.022610126542856,0.9154569595190633,3.6764952999947127
native,MCAR,lightgbm,40,27,23.88540463806852,13.03039972964759,0.9153696666807838,3.6196050999860745
native,MCAR,lightgbm,40,28,23.97322212761629,13.014860904278118,0.9147462160106308,3.637806699989597
native,MCAR,lightgbm,40,29,23.828244476505866,13.004535328378424,0.9157742397083676,3.6429583999852175
native,MCAR,lightgbm,40,30,23.862836909867376,13.065517690102146,0.9155295142624684,3.620163000014145
native,MCAR,lightgbm,50,1,23.837463507230385,13.219730476400349,0.9157090540350534,4.127321899984963
native,MCAR,lightgbm,50,2,23.963999549964555,13.22229126632132,0.9148117982173464,3.998219800007064
native,MCAR,lightgbm,50,3,23.969265870376702,13.219991481782404,0.9147743522425876,4.643907299992861
native,MCAR,lightgbm,50,4,24.01504442977828,13.227559585961789,0.9144484988671696,4.0004718999844044
native,MCAR,lightgbm,50,5,24.00173063910165,13.25991005432878,0.9145433310087584,3.6618998000049032
native,MCAR,lightgbm,50,6,24.01420273148546,13.240622398961351,0.9144544957155832,4.31855429999996
native,MCAR,lightgbm,50,7,24.08272633238548,13.25865543284042,0.9139655975920212,3.692733200005023
native,MCAR,lightgbm,50,8,24.029893354011328,13.246386567101675,0.9143426701645628,3.681610800005728
native,MCAR,lightgbm,50,9,23.864185483375643,13.191673164762337,0.9155199665394892,3.702326400001766
native,MCAR,lightgbm,50,10,24.002864066073823,13.28663170971612,0.9145352598257248,3.6776341999939177
native,MCAR,lightgbm,50,11,23.79495360128537,13.192711048189922,0.9160094219984124,4.602541000000201
native,MCAR,lightgbm,50,12,23.94489485676517,13.233929543081729,0.9149475723577568,3.819569399987813
native,MCAR,lightgbm,50,13,23.90019466995632,13.212220423434632,0.9152648266854664,4.444257299997844
native,MCAR,lightgbm,50,14,23.909065729445327,13.21002461471384,0.9152019125312868,3.981078599987086
native,MCAR,lightgbm,50,15,23.82124815216992,13.22521869153536,0.9158236923004568,3.69411479998962
native,MCAR,lightgbm,50,16,23.817274564005896,13.177163698918898,0.9158517726160303,3.691562199994223
native,MCAR,lightgbm,50,17,23.939029704990613,13.199626176751927,0.9149892333719624,3.8893148000061046
native,MCAR,lightgbm,50,18,24.037650581103165,13.2650359483537,0.9142873581746652,4.490385999990394
native,MCAR,lightgbm,50,19,23.909617234405182,13.22685915567784,0.9151980004499254,3.6388861000014
native,MCAR,lightgbm,50,20,24.021973831604708,13.278713147926316,0.9143991209651274,3.6771080000035
native,MCAR,lightgbm,50,21,23.88565187238365,13.229048201435512,0.9153679146794172,3.862671699986095
native,MCAR,lightgbm,50,22,23.834318027865915,13.264075141271409,0.9157312978394794,3.793737500003772
native,MCAR,lightgbm,50,23,24.02464112410897,13.29957277257579,0.9143801104324736,3.700004000012996
native,MCAR,lightgbm,50,24,23.847082169422517,13.20910848631974,0.9156410157799688,4.01170249999268
native,MCAR,lightgbm,50,25,23.889422480988795,13.232567329922222,0.9153411923895066,3.7075339000148233
native,MCAR,lightgbm,50,26,23.967172994272705,13.237733566415606,0.9147892345452464,3.662106500007212
native,MCAR,lightgbm,50,27,23.90628854952718,13.230142633941526,0.9152216109896828,4.433132500009378
native,MCAR,lightgbm,50,28,24.061487036192503,13.220521706555084,0.9141172834393658,3.634128400008194
native,MCAR,lightgbm,50,29,23.883349939778945,13.1963606618153,0.915384226394088,3.724310100020375
native,MCAR,lightgbm,50,30,23.95318817144629,13.264577906496555,0.914888646335913,3.7053752999927374
native,MCAR,xgboost,10,1,23.097771955470613,12.2902974269812,0.9208590928810934,8.358462200005306
native,MCAR,xgboost,10,2,22.997979357103038,12.273721711779276,0.921541463115255,7.589000900014071
native,MCAR,xgboost,10,3,23.07888707052557,12.302669775988898,0.9209884521928544,7.915483299992047
native,MCAR,xgboost,10,4,23.048390073995392,12.2799250669376,0.9211971297456684,7.219922499993117
native,MCAR,xgboost,10,5,23.21381742973376,12.361683146429057,0.9200618718645864,7.304703699977836
native,MCAR,xgboost,10,6,22.964116797080965,12.27329269216925,0.921772340003408,7.527237800008152
native,MCAR,xgboost,10,7,23.05347607680789,12.32105161801163,0.921162347633854,7.383251299994299
native,MCAR,xgboost,10,8,23.038793624055494,12.290450166299165,0.9212627369629376,7.470289799995953
native,MCAR,xgboost,10,9,23.14846256525723,12.307467150604923,0.920511344803158,8.02656999998726
native,MCAR,xgboost,10,10,23.1080988362044,12.323422445312868,0.920788310174358,7.415131500019925
native,MCAR,xgboost,10,11,23.1272995519403,12.351067506514685,0.9206566201531896,7.932276000006823
native,MCAR,xgboost,10,12,23.20729526659237,12.323554705296582,0.920106784449292,7.886324599996442
native,MCAR,xgboost,10,13,23.044667455144285,12.303274850480824,0.9212225830948346,7.487640600011218
native,MCAR,xgboost,10,14,23.07992738663641,12.288545843678822,0.9209813288997376,7.209846600017045
native,MCAR,xgboost,10,15,22.96061821818063,12.256812896937626,0.9217961741264556,7.067966399976285
native,MCAR,xgboost,10,16,23.153535094049342,12.292565520749148,0.9204765042457268,7.328080799983581
native,MCAR,xgboost,10,17,23.07712723055613,12.288675687736648,0.9210005015068472,7.708154599997215
native,MCAR,xgboost,10,18,23.11892689175706,12.31056394149027,0.9207140583254598,7.739011700003175
native,MCAR,xgboost,10,19,23.01112033330089,12.29771261699858,0.9214517755552242,7.142997599992668
native,MCAR,xgboost,10,20,22.908322066356288,12.260472216005242,0.922152009635872,7.305011100019328
native,MCAR,xgboost,10,21,23.08486927284576,12.297563833376184,0.9209474862379634,7.31097459999728
native,MCAR,xgboost,10,22,23.040368480342615,12.311603265192009,0.9212519721534724,8.380675399996107
native,MCAR,xgboost,10,23,23.15511326517835,12.300987436616404,0.9204656630535084,8.325789599999553
native,MCAR,xgboost,10,24,23.007290667650945,12.262183936911445,0.9214779184288404,7.975087700004224
native,MCAR,xgboost,10,25,23.02147142291177,12.30700097998916,0.9213810929837108,7.506006199982949
native,MCAR,xgboost,10,26,23.05488384308557,12.28966190391954,0.9211527188579848,7.7599192999769
native,MCAR,xgboost,10,27,23.005301545569708,12.29266339983136,0.9214914952777428,7.632114999985788
native,MCAR,xgboost,10,28,23.118294438166025,12.282606099953302,0.9207183962424292,7.473998300003586
native,MCAR,xgboost,10,29,23.070242217763663,12.29963370943534,0.9210476331463014,7.342497700010426
native,MCAR,xgboost,10,30,23.030313470915694,12.271955020842231,0.9213206897511358,7.435691000020597
native,MCAR,xgboost,20,1,23.35832089723662,12.4435182627712,0.9190635621606044,8.154157199984184
native,MCAR,xgboost,20,2,23.356248184989443,12.436733487744126,0.9190779253936164,8.015541000000667
native,MCAR,xgboost,20,3,23.50500678299808,12.498161615094943,0.9180438389682848,7.782555500016315
native,MCAR,xgboost,20,4,23.326950685537227,12.441708449207107,0.9192808113599088,7.808623899996746
native,MCAR,xgboost,20,5,23.49795428809755,12.521507823435297,0.9180930122105272,7.524732299993047
native,MCAR,xgboost,20,6,23.44543443149009,12.44724213612423,0.9184587407183398,7.497857499984093
native,MCAR,xgboost,20,7,23.304730528319972,12.480299284070789,0.919434516731859,7.429448099981528
native,MCAR,xgboost,20,8,23.164974036691724,12.44229852111267,0.9203979080908264,7.528229199990164
native,MCAR,xgboost,20,9,23.450352600579667,12.465263035993056,0.9184245271690288,7.693258299987065
native,MCAR,xgboost,20,10,23.584387094063157,12.496135489138348,0.9174893451074194,7.875718399998732
native,MCAR,xgboost,20,11,23.512038610521145,12.517729114069848,0.9179947951370538,7.843849199998658
native,MCAR,xgboost,20,12,23.36743547986262,12.44677957938638,0.9190003858919302,7.884662099997513
native,MCAR,xgboost,20,13,23.4608043298786,12.476465620308202,0.9183517952340112,7.846964399999706
native,MCAR,xgboost,20,14,23.30516050558519,12.45084636402145,0.9194315438036208,7.675752699986333
native,MCAR,xgboost,20,15,23.55528241219206,12.469147348249257,0.9176928665795548,7.438367700000526
native,MCAR,xgboost,20,16,23.369591891593004,12.43699008919641,0.9189854354642192,7.536408799991477
native,MCAR,xgboost,20,17,23.3118658325812,12.445963306497104,0.9193851750551664,7.66065219999291
native,MCAR,xgboost,20,18,23.475386266538337,12.49311300915626,0.918250267687418,7.854227800009539
native,MCAR,xgboost,20,19,23.48368745828566,12.465539594154295,0.9181924419988582,7.742813699995167
native,MCAR,xgboost,20,20,23.340112587079368,12.435284538567355,0.9191896963440692,7.619430000020657
native,MCAR,xgboost,20,21,23.46494710237142,12.447100594782269,0.918322957364978,8.055320999992546
native,MCAR,xgboost,20,22,23.42015353356989,12.460520274186788,0.9186344956055996,8.192603800009238
native,MCAR,xgboost,20,23,23.47564620732833,12.472253967228236,0.9182484572628816,8.397555899980944
native,MCAR,xgboost,20,24,23.368487510417843,12.436976583594,0.9189930923241532,7.807100599980913
native,MCAR,xgboost,20,25,23.423830140269043,12.458004098935598,0.9186089473154044,7.668819599988637
native,MCAR,xgboost,20,26,23.375518367555262,12.45458034208681,0.91894434003118,7.630499699997017
native,MCAR,xgboost,20,27,23.371127411974623,12.444595364113145,0.9189747888425304,7.567582700023195
native,MCAR,xgboost,20,28,23.43452068278819,12.46049232873978,0.9185346372591424,7.374897499976214
native,MCAR,xgboost,20,29,23.392154745338004,12.460022163582517,0.9188289242004768,7.63281760000973
native,MCAR,xgboost,20,30,23.421083804141425,12.444895148102235,0.9186280316481842,7.61095099998056
native,MCAR,xgboost,30,1,23.466257359045915,12.601416958999632,0.9183138355989942,9.36929770000279
native,MCAR,xgboost,30,2,23.65462194565766,12.635130535760725,0.9169971760648724,9.677178200014168
native,MCAR,xgboost,30,3,23.535668146148552,12.626815535006372,0.9178298822891064,7.884697000001324
native,MCAR,xgboost,30,4,23.543896646550294,12.632762690976378,0.9177724158906762,8.062846399989212
native,MCAR,xgboost,30,5,23.489853385352355,12.67498938411523,0.91814947722531,7.500143699988257
native,MCAR,xgboost,30,6,23.50970807741375,12.606601814912452,0.9180110511815676,7.612198200018611
native,MCAR,xgboost,30,7,23.51196925350612,12.620186307558676,0.9179952789426422,7.524953000014648
native,MCAR,xgboost,30,8,23.519120612182324,12.604831911826306,0.91794538653651,7.639767200016649
native,MCAR,xgboost,30,9,23.538077095309117,12.616067804193262,0.917813060691782,7.543614499998512
native,MCAR,xgboost,30,10,23.496564946873377,12.63834067634252,0.9181026975975284,7.626471199997468
native,MCAR,xgboost,30,11,23.49820266844717,12.65952250428992,0.9180912806390435,7.974499500007369
native,MCAR,xgboost,30,12,23.52498196275778,12.63539273925688,0.9179044827294166,7.760968999995384
native,MCAR,xgboost,30,13,23.56673587877889,12.652461184687978,0.9176128054557168,7.968524500000058
native,MCAR,xgboost,30,14,23.474324509132423,12.611730818063831,0.9182576623619804,7.62120419999701
native,MCAR,xgboost,30,15,23.59008459942907,12.593290410991276,0.91744947452007,7.660932500002673
native,MCAR,xgboost,30,16,23.49149128509561,12.593529870302314,0.9181380622861014,7.474141600017901
native,MCAR,xgboost,30,17,23.531855566269385,12.593619854243531,0.9178565018659238,7.630001000012271
native,MCAR,xgboost,30,18,23.484068596826063,12.623806936111713,0.9181897865158698,8.194433099997696
native,MCAR,xgboost,30,19,23.493682622503822,12.60169645764466,0.9181227890545252,7.552552900015144
native,MCAR,xgboost,30,20,23.54460352406892,12.616272530201137,0.9177674782455568,7.949032100004842
native,MCAR,xgboost,30,21,23.53012656793038,12.602553876401776,0.917868572376366,7.842524900013814
native,MCAR,xgboost,30,22,23.51543901421034,12.617976250682124,0.917971073589976,7.92964360001497
native,MCAR,xgboost,30,23,23.512063499027704,12.647212057443184,0.9179946215248722,7.78131150000263
native,MCAR,xgboost,30,24,23.597692652737887,12.606786626853848,0.917396219087934,7.652537799993297
native,MCAR,xgboost,30,25,23.49734532804305,12.602324794890237,0.9180972574683766,7.880767099995864
native,MCAR,xgboost,30,26,23.538499812602705,12.615504737537895,0.9178101086959692,7.862188500002958
native,MCAR,xgboost,30,27,23.497911918797676,12.589312529791217,0.9180933075842058,7.814965600002324
native,MCAR,xgboost,30,28,23.49325112224609,12.598370251592756,0.9181257966471404,7.48066229998949
native,MCAR,xgboost,30,29,23.53015767255421,12.626610734030445,0.9178683552361104,8.022014800022589
native,MCAR,xgboost,30,30,23.40072508422564,12.581678868397177,0.9187694349338827,7.780950399988797
native,MCAR,xgboost,40,1,23.983177536641723,12.896413704083942,0.9146753942817626,8.328497300011804
native,MCAR,xgboost,40,2,23.78957018081177,12.87667143318948,0.9160474221102302,7.879435300012119
native,MCAR,xgboost,40,3,23.995847358816626,12.924023151831102,0.9145852199812468,7.623488499986706
native,MCAR,xgboost,40,4,23.847001025207827,12.8926498835653,0.9156415898738416,8.035976399987703
native,MCAR,xgboost,40,5,24.017074961931613,12.970709537234418,0.914434031068174,7.722892499994487
native,MCAR,xgboost,40,6,23.897823346709348,12.880931755008216,0.9152816403157285,7.794322600006126
native,MCAR,xgboost,40,7,24.06920841408401,12.929638853289047,0.914062154734458,7.596273900009692
native,MCAR,xgboost,40,8,23.87601644899523,12.910683250854156,0.9154361817294442,7.607935099978931
native,MCAR,xgboost,40,9,23.94950563792045,12.90873769125215,0.9149148141527594,7.585685900005046
native,MCAR,xgboost,40,10,24.00892700556987,12.941771015416906,0.9144920788961596,7.691964099998586
native,MCAR,xgboost,40,11,23.8336774898163,12.95020824741588,0.9157358271559676,8.34656089998316
native,MCAR,xgboost,40,12,23.95512383950135,12.94965023190583,0.9148748900055336,7.853696900012437
native,MCAR,xgboost,40,13,24.002247122169532,12.953439887201297,0.9145396531575136,7.643994200014276
native,MCAR,xgboost,40,14,23.92873078898749,12.918041784290123,0.9150623633546936,7.777302400005283
native,MCAR,xgboost,40,15,24.056254952038238,12.902088029798016,0.9141546291566502,7.750965799990809
native,MCAR,xgboost,40,16,24.01665099504688,12.90583157077199,0.914437051987012,7.429219000012381
native,MCAR,xgboost,40,17,23.95677417061328,12.90407726853678,0.9148631606187396,7.651497300015762
native,MCAR,xgboost,40,18,23.95594428857249,12.933821999700992,0.914869058934578,7.616961899999296
native,MCAR,xgboost,40,19,24.029259311290275,12.923465277440142,0.9143471903419254,7.64499169998453
native,MCAR,xgboost,40,20,23.906474901469345,12.927737050646703,0.915220289272262,7.766616900014924
native,MCAR,xgboost,40,21,23.87164822051435,12.91000641587714,0.9154671215881954,7.667133599985391
native,MCAR,xgboost,40,22,23.8996203887864,12.918689532174522,0.9152688987217412,7.89090950001264
native,MCAR,xgboost,40,23,24.030244097622948,12.929551558790711,0.9143401696140988,7.795513099990785
native,MCAR,xgboost,40,24,23.777950249405865,12.885243669682628,0.9161294147602518,7.856188200006727
native,MCAR,xgboost,40,25,23.918402112251208,12.900004279669416,0.9151356730559456,7.538156399998115
native,MCAR,xgboost,40,26,23.84098818394547,12.909500420678294,0.9156841251830924,7.69672469998477
native,MCAR,xgboost,40,27,23.958503144921387,12.903380131355242,0.91485087142499,7.813045100017916
native,MCAR,xgboost,40,28,23.95550340706296,12.903347025956304,0.9148721923792028,7.904069199983496
native,MCAR,xgboost,40,29,23.80909661178245,12.915795515418528,0.9159095493391632,7.674818500003312
native,MCAR,xgboost,40,30,23.87489640965828,12.898297445864872,0.9154441154299072,7.55975970000145
native,MCAR,xgboost,50,1,23.971861932304588,13.1156378238226,0.9147558900133111,7.901131799997529
native,MCAR,xgboost,50,2,24.020803833105266,13.141873246259786,0.9144074592025871,7.73857250000583
native,MCAR,xgboost,50,3,24.09353518168256,13.133000139360549,0.91388835205394,7.701155699993251
native,MCAR,xgboost,50,4,23.96392928094829,13.130514958044936,0.9148122978069368,7.676939199998742
native,MCAR,xgboost,50,5,24.13735443299468,13.1730143581489,0.9135748422900754,7.908759599988116
native,MCAR,xgboost,50,6,24.016688417051576,13.12068897058695,0.914436785343712,7.446589200000744
native,MCAR,xgboost,50,7,24.038020224585058,13.15995189922516,0.9142847220299332,7.55714910000097
native,MCAR,xgboost,50,8,23.97943166330196,13.140725096059196,0.9147020454796988,7.443863299995428
native,MCAR,xgboost,50,9,24.153120032963,13.163240818986475,0.9134619061811498,7.532961899996735
native,MCAR,xgboost,50,10,24.12476292963688,13.164768734325255,0.9136649879458602,7.571683000016492
native,MCAR,xgboost,50,11,24.13150450390708,13.209142166722012,0.9136167292150972,8.041704799979925
native,MCAR,xgboost,50,12,24.10384762302834,13.16411008188597,0.9138146217892844,7.9536031000025105
native,MCAR,xgboost,50,13,24.27093214886348,13.191668435718045,0.9126156303650758,8.343787999998312
native,MCAR,xgboost,50,14,24.09715063749649,13.153329918177528,0.913862506430619,7.636061100027291
native,MCAR,xgboost,50,15,23.78152603928509,13.09959376495468,0.9161041875109004,7.748424399993382
native,MCAR,xgboost,50,16,23.96352616810922,13.11448564731781,0.91481516377831,7.6863729000033345
native,MCAR,xgboost,50,17,24.097510082439275,13.133300886259136,0.9138599366730712,7.548276899993652
native,MCAR,xgboost,50,18,24.290194810955377,13.19428121817248,0.9124768698483195,7.595138799981214
native,MCAR,xgboost,50,19,23.992156533535123,13.119313832704172,0.914611493426002,7.502961499994853
native,MCAR,xgboost,50,20,23.964508746542087,13.101760991304534,0.914808177953412,7.799430699989898
native,MCAR,xgboost,50,21,24.088752479094104,13.142388564894516,0.9139225359560952,8.030925400002161
native,MCAR,xgboost,50,22,24.07498810416866,13.151976012880622,0.9140208776190076,7.8254758000257425
native,MCAR,xgboost,50,23,24.1022589119058,13.134039811331297,0.913825982561117,7.793760000000475
native,MCAR,xgboost,50,24,24.02166123947784,13.1377469988001,0.9144013487576416,7.85360590001801
native,MCAR,xgboost,50,25,23.98189214925025,13.1114985361032,0.9146845400451348,7.818464999989374
native,MCAR,xgboost,50,26,24.07835213906872,13.131458876797218,0.9139968479517976,7.467313600005582
native,MCAR,xgboost,50,27,24.026206807703563,13.116027406178304,0.9143689503885916,7.695618500001728
native,MCAR,xgboost,50,28,23.92761318674656,13.102562633830628,0.9150702972712144,7.6626609999802895
native,MCAR,xgboost,50,29,24.0412655355028,13.14676035936347,0.91426157607178,7.802855799993267
native,MCAR,xgboost,50,30,23.890902024406824,13.122917071033108,0.9153307057182252,7.591993899986846
positive_matrix_factorization,MAR,lightgbm,10,1,22.77582274727609,12.29822571759604,0.9230499344870204,5.364741099998355
positive_matrix_factorization,MAR,lightgbm,10,2,22.767447955007277,12.293562360304142,0.9231065139870208,5.404795299982652
positive_matrix_factorization,MAR,lightgbm,10,3,22.720936635429688,12.29269034788327,0.9234203624605376,4.060218200000236
positive_matrix_factorization,MAR,lightgbm,10,4,22.78436181667568,12.319360406197369,0.9229922237177554,3.6243680999905337
positive_matrix_factorization,MAR,lightgbm,10,5,22.917802488681723,12.345258096076597,0.9220875627909284,3.298326799995266
positive_matrix_factorization,MAR,lightgbm,10,6,22.749912831296346,12.294519768849224,0.9232249126374772,3.8777751000016
positive_matrix_factorization,MAR,lightgbm,10,7,22.895055932482936,12.354165187275534,0.9222421465590606,3.4158781000005547
positive_matrix_factorization,MAR,lightgbm,10,8,22.815210027477107,12.315418403980402,0.9227835577661356,3.6984266999934334
positive_matrix_factorization,MAR,lightgbm,10,9,22.85310801604851,12.30206243264448,0.9225268186612054,3.434672999981558
positive_matrix_factorization,MAR,lightgbm,10,10,22.942860848812927,12.339686639421522,0.921917090489598,3.943743700016057
positive_matrix_factorization,MAR,lightgbm,10,11,22.886412308620358,12.320503990291147,0.9223008476836988,5.153241699998034
positive_matrix_factorization,MAR,lightgbm,10,12,22.88407804575107,12.303827483346703,0.9223166964759426,5.441396000009263
positive_matrix_factorization,MAR,lightgbm,10,13,22.79533887068904,12.314390516347627,0.9229180042021632,3.951041499996791
positive_matrix_factorization,MAR,lightgbm,10,14,22.797598481739964,12.297884845372453,0.9229027217829656,3.582356200000504
positive_matrix_factorization,MAR,lightgbm,10,15,22.797329665103803,12.305777411690066,0.9229045399489288,3.607969699980458
positive_matrix_factorization,MAR,lightgbm,10,16,22.84346240264345,12.30295546786457,0.9225922030854534,3.601398099999642
positive_matrix_factorization,MAR,lightgbm,10,17,22.794143146168263,12.29585105371178,0.9229260906285736,4.115301000012551
positive_matrix_factorization,MAR,lightgbm,10,18,22.808513116129188,12.29983926510926,0.9228288815456798,3.356899800011888
positive_matrix_factorization,MAR,lightgbm,10,19,22.85735559771281,12.312181692016711,0.922498016955472,3.3512948999996297
positive_matrix_factorization,MAR,lightgbm,10,20,22.879522428544,12.33222525798122,0.9223476227966712,3.3758259999740403
positive_matrix_factorization,MAR,lightgbm,10,21,22.83812161758456,12.289573767417314,0.9226283946285264,5.129596000013407
positive_matrix_factorization,MAR,lightgbm,10,22,22.973619202981315,12.335370353100284,0.921707586389633,4.977728900004877
positive_matrix_factorization,MAR,lightgbm,10,23,22.95992917589201,12.370095969329268,0.921800867809709,4.014231399982236
positive_matrix_factorization,MAR,lightgbm,10,24,22.861121843641705,12.304609992427755,0.9224724745803174,4.012922199995956
positive_matrix_factorization,MAR,lightgbm,10,25,22.738389195894086,12.276106033328608,0.92330267153249,3.3757507000118494
positive_matrix_factorization,MAR,lightgbm,10,26,22.8441329680097,12.313814962547834,0.9225876584373056,3.806810599984601
positive_matrix_factorization,MAR,lightgbm,10,27,22.81868295028817,12.301677606247775,0.9227600482605538,3.5673879999958444
positive_matrix_factorization,MAR,lightgbm,10,28,22.820668844852605,12.302112712842508,0.9227466033938732,3.338990199990804
positive_matrix_factorization,MAR,lightgbm,10,29,22.77474630965533,12.276717265295709,0.9230572079883066,3.3261674999957904
positive_matrix_factorization,MAR,lightgbm,10,30,22.935273312591644,12.364894609001691,0.921968728246636,3.5311154999944847
positive_matrix_factorization,MAR,lightgbm,20,1,22.836660833926164,12.423940505446982,0.9226382920766631,4.9725594999908935
positive_matrix_factorization,MAR,lightgbm,20,2,22.87483355823748,12.391739420260048,0.9223794472910662,5.613968499994371
positive_matrix_factorization,MAR,lightgbm,20,3,22.81573336741271,12.433682659078489,0.9227800153125416,4.43941019999329
positive_matrix_factorization,MAR,lightgbm,20,4,22.829310477817945,12.427550254619774,0.9226880843465626,3.980320300004678
positive_matrix_factorization,MAR,lightgbm,20,5,22.85378628911351,12.435454414089566,0.9225222198336036,3.3607662999711465
positive_matrix_factorization,MAR,lightgbm,20,6,22.87734140087981,12.432252742213963,0.9223624267691796,3.8348350999876857
positive_matrix_factorization,MAR,lightgbm,20,7,22.939600357625157,12.46336654192127,0.9219392821900844,3.294704299973091
positive_matrix_factorization,MAR,lightgbm,20,8,22.87677276835918,12.41874198192373,0.9223662861949348,3.583008100016741
positive_matrix_factorization,MAR,lightgbm,20,9,22.89043208868182,12.406487062974817,0.9222735510564892,3.5324966000043787
positive_matrix_factorization,MAR,lightgbm,20,10,22.966950319198038,12.454383109693772,0.9217530339284628,3.2994086999970023
positive_matrix_factorization,MAR,lightgbm,20,11,22.766673348397223,12.395684826793996,0.9231117461227808,5.134558000019752
positive_matrix_factorization,MAR,lightgbm,20,12,22.843988928391557,12.435415674187835,0.9225886346537356,5.0756200999894645
positive_matrix_factorization,MAR,lightgbm,20,13,22.82701176665245,12.433118654006416,0.9227036528252164,4.28854190002312
positive_matrix_factorization,MAR,lightgbm,20,14,22.888688324496087,12.436269899887744,0.9222853928107144,3.320685299986508
positive_matrix_factorization,MAR,lightgbm,20,15,22.784972633683093,12.413782021663325,0.9229880947199504,3.2946597000118345
positive_matrix_factorization,MAR,lightgbm,20,16,22.75429417067216,12.40577413986668,0.9231953380094916,3.916156100021908
positive_matrix_factorization,MAR,lightgbm,20,17,22.90870799052963,12.437204605918495,0.9221493866873816,3.3331949999846984
positive_matrix_factorization,MAR,lightgbm,20,18,23.005947014608243,12.437231708602765,0.921487089726278,3.88024480000604
positive_matrix_factorization,MAR,lightgbm,20,19,22.8146486765054,12.436153532117324,0.9227873574236084,3.349343600013526
positive_matrix_factorization,MAR,lightgbm,20,20,22.87472633576961,12.470242559448891,0.9223801749595488,3.320885599998292
positive_matrix_factorization,MAR,lightgbm,20,21,22.899336820856718,12.436509372652562,0.922213065711929,5.051098000025377
positive_matrix_factorization,MAR,lightgbm,20,22,22.906316256167877,12.430560040637015,0.9221656414903344,5.023994599992875
positive_matrix_factorization,MAR,lightgbm,20,23,23.07308870617495,12.498769185826172,0.921028149097578,4.078961799998069
positive_matrix_factorization,MAR,lightgbm,20,24,22.914357991216527,12.418907903787092,0.9221109811814956,3.870448400004534
positive_matrix_factorization,MAR,lightgbm,20,25,22.798768305582616,12.423872037495055,0.9228948093225088,3.932460899988655
positive_matrix_factorization,MAR,lightgbm,20,26,22.88495746924566,12.444569213487885,0.9223107257014324,3.8850485000002655
positive_matrix_factorization,MAR,lightgbm,20,27,22.875777752230565,12.45629220050258,0.9223730393430498,3.5664630999963265
positive_matrix_factorization,MAR,lightgbm,20,28,22.886446724258157,12.427493379598976,0.9223006140019964,3.596991899976274
positive_matrix_factorization,MAR,lightgbm,20,29,22.835221860121404,12.411226767774586,0.9226480411345254,3.4028240999905397
positive_matrix_factorization,MAR,lightgbm,20,30,22.913400047360536,12.459799794054945,0.9221174934082343,3.528453900013119
positive_matrix_factorization,MAR,lightgbm,30,1,22.973157534697275,12.588075849431494,0.9217107330214934,5.094129900011467
positive_matrix_factorization,MAR,lightgbm,30,2,22.98159679352011,12.585126889860522,0.921653202859018,5.466276399994968
positive_matrix_factorization,MAR,lightgbm,30,3,23.07766240539453,12.588261927459314,0.9209968373563096,4.146020100015448
positive_matrix_factorization,MAR,lightgbm,30,4,23.094453963347306,12.60604212955742,0.9208818284113016,3.785342599992873
positive_matrix_factorization,MAR,lightgbm,30,5,22.966687783971704,12.581469482176454,0.921754822800494,3.2996275999757927
positive_matrix_factorization,MAR,lightgbm,30,6,23.02072487261341,12.610151905763896,0.9213861918773264,3.891566199978115
positive_matrix_factorization,MAR,lightgbm,30,7,23.160407846321387,12.625284816188548,0.920429286712813,3.399976099986816
positive_matrix_factorization,MAR,lightgbm,30,8,23.11430924061144,12.60469114238076,0.9207457274646208,3.639009700011229
positive_matrix_factorization,MAR,lightgbm,30,9,23.01267917541316,12.588681245146145,0.9214411330114708,3.467385800002376
positive_matrix_factorization,MAR,lightgbm,30,10,23.00521144265054,12.612231369002204,0.9214921102517816,3.350443500006804
positive_matrix_factorization,MAR,lightgbm,30,11,23.047295091059777,12.60924368674448,0.921204617101466,5.120028600009391
positive_matrix_factorization,MAR,lightgbm,30,12,22.998069884862712,12.594198548296829,0.9215408454358108,5.092520599981071
positive_matrix_factorization,MAR,lightgbm,30,13,23.09719148123551,12.619104453136083,0.920863070639672,4.127203499985626
positive_matrix_factorization,MAR,lightgbm,30,14,23.05394567582679,12.603255027413056,0.921159135757159,3.665275100007421
positive_matrix_factorization,MAR,lightgbm,30,15,23.041983231248665,12.599669911108936,0.9212409338833786,3.384250900009647
positive_matrix_factorization,MAR,lightgbm,30,16,23.099308578959526,12.583811439617424,0.9208485625301824,3.872850299987476
positive_matrix_factorization,MAR,lightgbm,30,17,23.07159714115178,12.60740804619825,0.921038359073779,3.448167399998056
positive_matrix_factorization,MAR,lightgbm,30,18,23.05243171011046,12.61172364741528,0.9211694904658836,3.652526699996088
positive_matrix_factorization,MAR,lightgbm,30,19,22.99822287422528,12.58193255958337,0.9215398015694318,3.570151399995666
positive_matrix_factorization,MAR,lightgbm,30,20,23.01341137546672,12.636859162445155,0.9214361338784924,3.8791267999913535
positive_matrix_factorization,MAR,lightgbm,30,21,23.15204436562272,12.606779170572729,0.9204867440746688,4.972326100018108
positive_matrix_factorization,MAR,lightgbm,30,22,23.14740114597035,12.624010595848604,0.9205186341734272,5.346320499986177
positive_matrix_factorization,MAR,lightgbm,30,23,23.328896179171352,12.672544765659064,0.919267346658211,4.156807499995921
positive_matrix_factorization,MAR,lightgbm,30,24,23.130380767185475,12.626863477163122,0.9206354771471508,3.537014300003648
positive_matrix_factorization,MAR,lightgbm,30,25,23.06501773912581,12.604368486565836,0.9210833881457112,3.2707262999902014
positive_matrix_factorization,MAR,lightgbm,30,26,23.088713089760542,12.601901194438408,0.9209211582840282,3.5602663999889046
positive_matrix_factorization,MAR,lightgbm,30,27,23.01201154184336,12.599544423265138,0.921445691174873,3.5404409000184387
positive_matrix_factorization,MAR,lightgbm,30,28,23.0469487770613,12.602272860044264,0.921206985079052,3.365251400013221
positive_matrix_factorization,MAR,lightgbm,30,29,23.06021082745736,12.591044828222197,0.9211162782702752,3.5973239000013564
positive_matrix_factorization,MAR,lightgbm,30,30,23.056654543363827,12.625050489835408,0.9211406068677376,3.4281320000009146
positive_matrix_factorization,MAR,lightgbm,40,1,23.339890753532316,12.861440393753025,0.919191232442153,4.988307099993108
positive_matrix_factorization,MAR,lightgbm,40,2,23.299206022113932,12.855960229410798,0.9194727091286328,5.509241299994756
positive_matrix_factorization,MAR,lightgbm,40,3,23.29201230738045,12.837119824445754,0.9195224276408632,4.212303399981465
positive_matrix_factorization,MAR,lightgbm,40,4,23.382326812020068,12.869500920748608,0.9188971159808162,3.5948586000013165
positive_matrix_factorization,MAR,lightgbm,40,5,23.46132544198376,12.873375150647863,0.9183481680488724,3.379375899996376
positive_matrix_factorization,MAR,lightgbm,40,6,23.36253635090464,12.850240065465098,0.9190343464826604,3.8553429000021424
positive_matrix_factorization,MAR,lightgbm,40,7,23.625278467005312,12.961764450799448,0.9172029777831364,3.3571770999988075
positive_matrix_factorization,MAR,lightgbm,40,8,23.398965602842104,12.879685733481478,0.9187816497941778,3.471041699987836
positive_matrix_factorization,MAR,lightgbm,40,9,23.40583733436601,12.889548256832008,0.9187339389116572,3.4293767000199296
positive_matrix_factorization,MAR,lightgbm,40,10,23.46447229951769,12.91223519268077,0.9183262627293928,3.367975800007116
positive_matrix_factorization,MAR,lightgbm,40,11,23.38550083409745,12.866658286824851,0.9188750959467692,5.139646900002845
positive_matrix_factorization,MAR,lightgbm,40,12,23.36512328939061,12.87528331297562,0.9190164148027798,5.134174500009976
positive_matrix_factorization,MAR,lightgbm,40,13,23.380343459238382,12.8822409150102,0.9189108741332712,4.212564499990549
positive_matrix_factorization,MAR,lightgbm,40,14,23.30055971294509,12.86916201283827,0.9194633515374826,3.6654812000051606
positive_matrix_factorization,MAR,lightgbm,40,15,23.36905249348393,12.876439681726088,0.918989175246994,3.3174609999987297
positive_matrix_factorization,MAR,lightgbm,40,16,23.32606516700593,12.863997901005058,0.919286939634593,4.121515600010753
positive_matrix_factorization,MAR,lightgbm,40,17,23.54128403393534,12.89499925311656,0.9177906640937866,3.4473908999934797
positive_matrix_factorization,MAR,lightgbm,40,18,23.46969442226931,12.8751667975217,0.9182899049765276,3.642980800010264
positive_matrix_factorization,MAR,lightgbm,40,19,23.35599567207763,12.866434780758468,0.9190796751402428,3.662602099997457
positive_matrix_factorization,MAR,lightgbm,40,20,23.609966319086883,12.963888038689898,0.9173102687432204,3.361606699996628
positive_matrix_factorization,MAR,lightgbm,40,21,23.413038764295987,12.865047906500283,0.9186839238776005,5.089680099976249
positive_matrix_factorization,MAR,lightgbm,40,22,23.319918312848163,12.907500650921865,0.9193294728297282,5.44817280001007
positive_matrix_factorization,MAR,lightgbm,40,23,23.58495224674432,12.95600048846532,0.9174853906543008,4.285135699989041
positive_matrix_factorization,MAR,lightgbm,40,24,23.401475250175476,12.878380745448522,0.9187642267721264,3.722140099998797
positive_matrix_factorization,MAR,lightgbm,40,25,23.359545885484067,12.852206265819229,0.9190550727845608,3.304667399992468
positive_matrix_factorization,MAR,lightgbm,40,26,23.390354328122072,12.85538281625352,0.9188414186611084,3.906142399995588
positive_matrix_factorization,MAR,lightgbm,40,27,23.3601176749881,12.888463884045752,0.9190511100340456,3.641653900005622
positive_matrix_factorization,MAR,lightgbm,40,28,23.431245955345197,12.908016299818996,0.9185574035211884,3.5884733999846503
positive_matrix_factorization,MAR,lightgbm,40,29,23.3917346006834,12.868798290405424,0.9188318399889288,3.416631800006144
positive_matrix_factorization,MAR,lightgbm,40,30,23.41154309797242,12.921927027463344,0.9186943127752688,3.3389270000043325
positive_matrix_factorization,MAR,lightgbm,50,1,23.78775940706704,13.160883336012024,0.9160602019408134,5.953983999992488
positive_matrix_factorization,MAR,lightgbm,50,2,23.804324127450705,13.180095861625766,0.9159432574754148,5.5398390000045765
positive_matrix_factorization,MAR,lightgbm,50,3,23.740885694268417,13.16438799459765,0.9163906822849104,4.10041420001653
positive_matrix_factorization,MAR,lightgbm,50,4,23.766500265768524,13.171919490415448,0.916210169039247,3.747162999992725
positive_matrix_factorization,MAR,lightgbm,50,5,23.774722287556,13.17562672507497,0.9161521848199224,3.401353699999163
positive_matrix_factorization,MAR,lightgbm,50,6,23.72800177008207,13.123043549194998,0.9164814054220136,3.886785800015786
positive_matrix_factorization,MAR,lightgbm,50,7,23.817792264174656,13.20861937895543,0.9158481144287886,3.509821199986618
positive_matrix_factorization,MAR,lightgbm,50,8,23.94068739661589,13.190308281793842,0.914977459585239,3.668098900001496
positive_matrix_factorization,MAR,lightgbm,50,9,23.838378453985896,13.158613079592511,0.9157025832788358,3.419125499989605
positive_matrix_factorization,MAR,lightgbm,50,10,23.908767564006844,13.203762545221306,0.9152040275199328,3.4067989999894053
positive_matrix_factorization,MAR,lightgbm,50,11,23.723605482872443,13.167373242212635,0.9165123509452112,5.509070600004634
positive_matrix_factorization,MAR,lightgbm,50,12,23.82289303824039,13.18521769644997,0.9158120669468612,5.108332199975848
positive_matrix_factorization,MAR,lightgbm,50,13,23.75104824695248,13.168199074425862,0.9163190871502124,4.124563299992587
positive_matrix_factorization,MAR,lightgbm,50,14,23.875889418685144,13.176397422047849,0.9154370815562224,3.618772799993167
positive_matrix_factorization,MAR,lightgbm,50,15,23.88894879636505,13.178326077207368,0.9153445496224318,3.352342199999839
positive_matrix_factorization,MAR,lightgbm,50,16,23.775737012446186,13.147294922078876,0.9161450272784196,3.9245624000031967
positive_matrix_factorization,MAR,lightgbm,50,17,23.80821418810664,13.174659870925296,0.9159157824214764,3.4958497999759857
positive_matrix_factorization,MAR,lightgbm,50,18,23.815298436471693,13.187722149404769,0.9158657356519916,3.6965904000098817
positive_matrix_factorization,MAR,lightgbm,50,19,23.767226137545585,13.156147438367936,0.9162050507760104,3.4923096999991685
positive_matrix_factorization,MAR,lightgbm,50,20,23.866965620508523,13.244993307335506,0.9155002818317144,3.922943899990059
positive_matrix_factorization,MAR,lightgbm,50,21,23.81976498479608,13.190094476540953,0.9158341740070224,5.398109600006137
positive_matrix_factorization,MAR,lightgbm,50,22,23.804917652496304,13.17604996340177,0.9159390657660736,5.390129499981413
positive_matrix_factorization,MAR,lightgbm,50,23,23.92263757945157,13.256282177878491,0.915105614869252,5.298133899981622
positive_matrix_factorization,MAR,lightgbm,50,24,23.813535988385027,13.182081560090843,0.9158781878819576,3.874665699986508
positive_matrix_factorization,MAR,lightgbm,50,25,23.762190947867765,13.159003714146428,0.9162405516601092,4.020891899999697
positive_matrix_factorization,MAR,lightgbm,50,26,23.735855433356654,13.157743345402826,0.9164261091120228,3.687070799991489
positive_matrix_factorization,MAR,lightgbm,50,27,23.7855731820676,13.16837584275294,0.9160756302835152,3.556506900000386
positive_matrix_factorization,MAR,lightgbm,50,28,23.84083192902288,13.177940738649315,0.9156852303996394,3.6647173000092153
positive_matrix_factorization,MAR,lightgbm,50,29,23.743787258983858,13.163106732991489,0.9163702439007484,3.544994800002314
positive_matrix_factorization,MAR,lightgbm,50,30,23.821841399173334,13.2167955854615,0.9158194995760616,3.721392799983733
positive_matrix_factorization,MAR,xgboost,10,1,22.926166188063014,12.23272860223533,0.9220306851641707,9.15131129999645
positive_matrix_factorization,MAR,xgboost,10,2,22.83177518628747,12.214145116679235,0.9226713898765576,8.585411000007298
positive_matrix_factorization,MAR,xgboost,10,3,22.97860160983685,12.241592372394129,0.9216736233510108,7.511088900006143
positive_matrix_factorization,MAR,xgboost,10,4,22.849619826585293,12.2143381597257,0.9225504671304184,7.447377199976472
positive_matrix_factorization,MAR,xgboost,10,5,23.17856499253623,12.307312051958112,0.920304475144844,7.416636200010544
positive_matrix_factorization,MAR,xgboost,10,6,23.0107262244717,12.245813662252024,0.9214544661051172,7.333583500003442
positive_matrix_factorization,MAR,xgboost,10,7,22.97783293428428,12.27005107420965,0.9216788635797112,7.119536499987589
positive_matrix_factorization,MAR,xgboost,10,8,22.91588221267756,12.228638681788263,0.9221006187648282,7.157210699981079
positive_matrix_factorization,MAR,xgboost,10,9,22.98689261492784,12.247973743039417,0.9216170906206266,7.116949399991427
positive_matrix_factorization,MAR,xgboost,10,10,22.98645496547104,12.269169536114717,0.9216200752703334,6.997308499994688
positive_matrix_factorization,MAR,xgboost,10,11,23.01288166313552,12.28374432574288,0.9214397505321942,9.743127599998845
positive_matrix_factorization,MAR,xgboost,10,12,22.97815945552568,12.247022261962254,0.9216766376346912,8.407365699997172
positive_matrix_factorization,MAR,xgboost,10,13,22.852852192842164,12.246081282494291,0.9225285531584748,7.481250700016972
positive_matrix_factorization,MAR,xgboost,10,14,23.01643622417486,12.24305633612119,0.921415479884798,7.644861500011757
positive_matrix_factorization,MAR,xgboost,10,15,22.875456173540023,12.206598282052177,0.9223752218263008,7.527455599978566
positive_matrix_factorization,MAR,xgboost,10,16,23.04310296405062,12.236092979192074,0.9212332790516148,7.630495299992617
positive_matrix_factorization,MAR,xgboost,10,17,22.95406558478421,12.228732852968529,0.9218408042731352,7.334569300001021
positive_matrix_factorization,MAR,xgboost,10,18,23.04537216504847,12.270012339718106,0.9212177649671822,7.253108000004431
positive_matrix_factorization,MAR,xgboost,10,19,22.92113452073064,12.2456475033721,0.9220649056788336,7.503792799980147
positive_matrix_factorization,MAR,xgboost,10,20,23.049832776203832,12.250476855147616,0.9211872641860576,7.298987799993483
positive_matrix_factorization,MAR,xgboost,10,21,22.939709260712757,12.231624753765992,0.9219385410199472,9.932088100002147
positive_matrix_factorization,MAR,xgboost,10,22,22.995720009696058,12.25889363824034,0.9215568780681732,8.133282900002087
positive_matrix_factorization,MAR,xgboost,10,23,22.987011265584783,12.25463347315595,0.9216162814457765,7.489748099993449
positive_matrix_factorization,MAR,xgboost,10,24,23.111440890396526,12.235018611549805,0.9207653962249714,7.805858100007754
positive_matrix_factorization,MAR,xgboost,10,25,22.944420148337198,12.246664146336562,0.9219064764008014,7.227390100015327
positive_matrix_factorization,MAR,xgboost,10,26,22.928728563736016,12.238689392292423,0.9220132554867744,7.08951399999205
positive_matrix_factorization,MAR,xgboost,10,27,22.993032908404924,12.232247954045562,0.921575209505398,7.270940400019754
positive_matrix_factorization,MAR,xgboost,10,28,22.956095972638764,12.239296225466068,0.9218269766137424,7.406987299997127
positive_matrix_factorization,MAR,xgboost,10,29,22.77460721299054,12.226899365921144,0.9230581478409768,7.021272999991197
positive_matrix_factorization,MAR,xgboost,10,30,22.88308300842665,12.244256910379027,0.9223234519244968,7.7086735000193585
positive_matrix_factorization,MAR,xgboost,20,1,22.986762188036483,12.368264739790938,0.9216179801023304,9.842478400008986
positive_matrix_factorization,MAR,xgboost,20,2,22.94027125223629,12.337699179389633,0.9219347161749906,8.41973940000753
positive_matrix_factorization,MAR,xgboost,20,3,22.987400807336748,12.363634444103065,0.9216136248159594,7.899331299995538
positive_matrix_factorization,MAR,xgboost,20,4,22.84365000758097,12.343809587430808,0.9225909316368192,7.345323300018208
positive_matrix_factorization,MAR,xgboost,20,5,23.25060688975546,12.451081899619602,0.9198082978072628,7.040610700001707
positive_matrix_factorization,MAR,xgboost,20,6,22.9295909344185,12.35546903354247,0.9220073890693116,7.320398199983174
positive_matrix_factorization,MAR,xgboost,20,7,23.026494046029143,12.36688430720018,0.9213467844716638,7.424834900011774
positive_matrix_factorization,MAR,xgboost,20,8,22.916815745744746,12.357748970315075,0.9220942718017162,7.191290599992499
positive_matrix_factorization,MAR,xgboost,20,9,23.1816705505037,12.402169358412246,0.9202831178560964,7.25915850000456
positive_matrix_factorization,MAR,xgboost,20,10,22.975142891928417,12.38712040577706,0.921697200804308,7.25462009999319
positive_matrix_factorization,MAR,xgboost,20,11,23.020012101427557,12.421591635813282,0.9213910599073374,9.871557500009658
positive_matrix_factorization,MAR,xgboost,20,12,22.906131228726515,12.373361074214252,0.922166898910679,8.506495699984953
positive_matrix_factorization,MAR,xgboost,20,13,22.89178708230077,12.369534275937394,0.9222643487872534,7.94247589999577
positive_matrix_factorization,MAR,xgboost,20,14,23.05470729612053,12.363998922116672,0.921153926428145,7.882931500003906
positive_matrix_factorization,MAR,xgboost,20,15,22.958100511462405,12.35396235885385,0.9218133237955866,7.118530699983239
positive_matrix_factorization,MAR,xgboost,20,16,22.985838601245305,12.35630321553236,0.9216242786095596,7.194596099987393
positive_matrix_factorization,MAR,xgboost,20,17,23.11755492673108,12.354205385042173,0.9207234683047294,7.1698414999991655
positive_matrix_factorization,MAR,xgboost,20,18,23.07060555191844,12.411009082830924,0.9210451462788384,7.224677899997914
positive_matrix_factorization,MAR,xgboost,20,19,22.91466431323776,12.365672348029555,0.9221088987071656,7.341731299995445
positive_matrix_factorization,MAR,xgboost,20,20,22.8015478510337,12.341472050626894,0.922876007390445,8.080077599996002
positive_matrix_factorization,MAR,xgboost,20,21,22.958134720843017,12.3757678086226,0.9218130907867836,10.291008700005476
positive_matrix_factorization,MAR,xgboost,20,22,22.949634440934364,12.379598195907429,0.9218709776826576,9.404355200007558
positive_matrix_factorization,MAR,xgboost,20,23,23.074519890697413,12.407792952056472,0.9210183518140428,7.392483000003267
positive_matrix_factorization,MAR,xgboost,20,24,22.905419101159858,12.328204162817617,0.9221717383342156,7.434149200009415
positive_matrix_factorization,MAR,xgboost,20,25,23.03186809764613,12.37025068642238,0.921310067135216,7.529578499990748
positive_matrix_factorization,MAR,xgboost,20,26,22.963579228352675,12.367023218255834,0.9217760024348324,7.122457299992675
positive_matrix_factorization,MAR,xgboost,20,27,23.096446229811644,12.372891935488022,0.9208681774040908,7.79854940000223
positive_matrix_factorization,MAR,xgboost,20,28,22.83935758360528,12.3391674385069,0.9226200199237716,7.272729499993147
positive_matrix_factorization,MAR,xgboost,20,29,22.9486095309712,12.372320424929766,0.9218779558700922,7.372304499993334
positive_matrix_factorization,MAR,xgboost,20,30,23.02090863240416,12.37134213453348,0.921384936824354,7.057970199995907
positive_matrix_factorization,MAR,xgboost,30,1,23.092103799597712,12.526411185484733,0.9208979302163623,9.944127700000536
positive_matrix_factorization,MAR,xgboost,30,2,23.120408868928983,12.511294852157992,0.9207038931718454,8.6909024999768
positive_matrix_factorization,MAR,xgboost,30,3,23.292340557786904,12.55278810834185,0.9195201593111344,7.907340700010536
positive_matrix_factorization,MAR,xgboost,30,4,23.229609936286305,12.538309302006414,0.9199530700414044,7.380878399999347
positive_matrix_factorization,MAR,xgboost,30,5,23.33674039896349,12.62297118668458,0.9192130456624256,7.178755600005388
positive_matrix_factorization,MAR,xgboost,30,6,23.296738036491814,12.543701791369587,0.919489768050728,7.432183400000213
positive_matrix_factorization,MAR,xgboost,30,7,23.2905506728573,12.552568863576653,0.91953252767909,7.29498340000282
positive_matrix_factorization,MAR,xgboost,30,8,23.172893349492732,12.54181625593584,0.920343472319001,7.949327500013169
positive_matrix_factorization,MAR,xgboost,30,9,23.296302472486367,12.55542758641962,0.9194927785177932,7.301158899994334
positive_matrix_factorization,MAR,xgboost,30,10,23.270108861364307,12.57181422556145,0.91967371618679,7.295175200008089
positive_matrix_factorization,MAR,xgboost,30,11,23.410576117857016,12.632318100703465,0.9187010290655044,9.72493540000869
positive_matrix_factorization,MAR,xgboost,30,12,23.143621123711696,12.55691967021967,0.9205445910226396,9.18165909999516
positive_matrix_factorization,MAR,xgboost,30,13,23.287830875361,12.56221945302945,0.9195513200601044,8.012017899978673
positive_matrix_factorization,MAR,xgboost,30,14,23.324298447298453,12.53870733606666,0.919299165610402,7.3454296000127215
positive_matrix_factorization,MAR,xgboost,30,15,23.138544242983983,12.495558880974952,0.9205794465353724,7.122013299987884
positive_matrix_factorization,MAR,xgboost,30,16,23.15032124057152,12.520905627511349,0.9204985794169298,7.073533700022381
positive_matrix_factorization,MAR,xgboost,30,17,23.180381213890715,12.51464059126608,0.9202919851235604,7.054221300000791
positive_matrix_factorization,MAR,xgboost,30,18,23.31897467273405,12.563248615030387,0.919336001360769,7.189972599997418
positive_matrix_factorization,MAR,xgboost,30,19,23.24295625988381,12.546758531850276,0.9198610634056869,7.290291499986779
positive_matrix_factorization,MAR,xgboost,30,20,23.28904377126552,12.560126143341066,0.9195429398536388,7.229502000001958
positive_matrix_factorization,MAR,xgboost,30,21,23.21209005139231,12.54683109771156,0.9200737680771855,9.83448769999086
positive_matrix_factorization,MAR,xgboost,30,22,23.20202653642341,12.539632977965168,0.9201430564928804,9.113851800007978
positive_matrix_factorization,MAR,xgboost,30,23,23.3229113998276,12.57118344498155,0.9193087635462364,7.414205700013554
positive_matrix_factorization,MAR,xgboost,30,24,23.35232955658452,12.54369371687718,0.9191050767525484,7.5912115999963135
positive_matrix_factorization,MAR,xgboost,30,25,23.31815178989478,12.542287366036875,0.9193416942224836,7.10077459999593
positive_matrix_factorization,MAR,xgboost,30,26,23.200631769936177,12.531313647933548,0.92015265724397,7.081918199983193
positive_matrix_factorization,MAR,xgboost,30,27,23.27435536101363,12.536284717666224,0.919644396456333,7.309437899995828
positive_matrix_factorization,MAR,xgboost,30,28,23.198532378195463,12.538605736232396,0.920167107132165,7.527019400004065
positive_matrix_factorization,MAR,xgboost,30,29,23.293592322421752,12.58717529142031,0.9195115088687154,7.180500000016764
positive_matrix_factorization,MAR,xgboost,30,30,23.092817642276643,12.527455077102813,0.9208930396003612,7.228578100010054
positive_matrix_factorization,MAR,xgboost,40,1,23.53483113422141,12.805826989807317,0.9178357267074734,10.052583599986974
positive_matrix_factorization,MAR,xgboost,40,2,23.548954035284456,12.796619632766944,0.9177370860106489,8.865202799992403
positive_matrix_factorization,MAR,xgboost,40,3,23.6754792736493,12.871757389940395,0.9168507369991846,7.94587200001115
positive_matrix_factorization,MAR,xgboost,40,4,23.67312887360029,12.81626966920008,0.9168672455841764,7.458176899992395
positive_matrix_factorization,MAR,xgboost,40,5,23.74614780736172,12.910742701676304,0.9163536145487368,7.014346100011608
positive_matrix_factorization,MAR,xgboost,40,6,23.71895992941337,12.835300038270928,0.916545044825838,7.568481299997074
positive_matrix_factorization,MAR,xgboost,40,7,23.767712824087127,12.852986385850825,0.9162016189669008,7.313890999997966
positive_matrix_factorization,MAR,xgboost,40,8,23.466865883224763,12.81260206032007,0.9183095989923752,7.233326799992938
positive_matrix_factorization,MAR,xgboost,40,9,23.655273188154144,12.834062534233208,0.916992605650642,7.239080700004706
positive_matrix_factorization,MAR,xgboost,40,10,23.657267837168007,12.8708443314108,0.916978606438158,7.235435000009602
positive_matrix_factorization,MAR,xgboost,40,11,23.554794942056347,12.875422333872107,0.9176962731915952,9.999152900010811
positive_matrix_factorization,MAR,xgboost,40,12,23.644708815264178,12.869750903701064,0.9170667307934312,8.917779400013387
positive_matrix_factorization,MAR,xgboost,40,13,23.619037172651492,12.843140296797769,0.9172467184170884,7.819089100026758
positive_matrix_factorization,MAR,xgboost,40,14,23.50866406656077,12.81143459094933,0.9180183328927244,7.706863600003999
positive_matrix_factorization,MAR,xgboost,40,15,23.60892846355917,12.795448909867842,0.917317538394287,7.720604000001913
positive_matrix_factorization,MAR,xgboost,40,16,23.649710267806693,12.815924132191425,0.9170316421245616,7.698909900005674
positive_matrix_factorization,MAR,xgboost,40,17,23.61027775074854,12.822746803075532,0.9173080872602056,7.217553099995712
positive_matrix_factorization,MAR,xgboost,40,18,23.630387652258324,12.838363785952849,0.9171671626652688,7.211325799988117
positive_matrix_factorization,MAR,xgboost,40,19,23.71418721965888,12.84302125602889,0.9165786269227236,7.215748999995412
positive_matrix_factorization,MAR,xgboost,40,20,23.5796659198674,12.806248615171938,0.9175223761277294,7.17881350000971
positive_matrix_factorization,MAR,xgboost,40,21,23.652653895828102,12.8177044988171,0.9170109870569408,9.869570200011369
positive_matrix_factorization,MAR,xgboost,40,22,23.729314258078656,12.857267824065325,0.9164721656903568,9.099025699979393
positive_matrix_factorization,MAR,xgboost,40,23,23.735144472300387,12.852863888251834,0.9164311156214396,7.488050899992231
positive_matrix_factorization,MAR,xgboost,40,24,23.6271942856547,12.811118122032347,0.9171895489034676,7.807677300006617
positive_matrix_factorization,MAR,xgboost,40,25,23.536575380356208,12.812169016381024,0.9178235473103864,7.238541799975792
positive_matrix_factorization,MAR,xgboost,40,26,23.482939766649015,12.78789700857026,0.9181976512193694,7.171197999996366
positive_matrix_factorization,MAR,xgboost,40,27,23.51482323391513,12.795038278306068,0.9179753695876082,7.54308360000141
positive_matrix_factorization,MAR,xgboost,40,28,23.54191118851076,12.79927048564672,0.9177862838188748,7.86764770001173
positive_matrix_factorization,MAR,xgboost,40,29,23.62630600754024,12.845868901645153,0.91719577540059,7.368197699979646
positive_matrix_factorization,MAR,xgboost,40,30,23.457887313254226,12.803896687774444,0.918372097552792,7.410065000003669
positive_matrix_factorization,MAR,xgboost,50,1,23.85326395676708,13.079804898591991,0.9155972740014838,10.079361699987205
positive_matrix_factorization,MAR,xgboost,50,2,24.213416159231954,13.107540098774006,0.9130292974869222,9.15114979998907
positive_matrix_factorization,MAR,xgboost,50,3,23.988711910482703,13.116245795368592,0.9146360106137847,7.560328699997626
positive_matrix_factorization,MAR,xgboost,50,4,24.094114222990804,13.104869230289989,0.9138842129518884,7.594468900002539
positive_matrix_factorization,MAR,xgboost,50,5,24.17224371262736,13.167542116125698,0.9133248156568492,7.283460300008301
positive_matrix_factorization,MAR,xgboost,50,6,24.083033572020817,13.117063432439233,0.9139634023798456,7.636447099997895
positive_matrix_factorization,MAR,xgboost,50,7,24.11760693435513,13.135760432331145,0.9137161985058552,7.213949199998751
positive_matrix_factorization,MAR,xgboost,50,8,24.050268916889703,13.134902327052826,0.9141973464851304,7.763315999996848
positive_matrix_factorization,MAR,xgboost,50,9,24.08409685037324,13.116230877285943,0.913955805091825,7.180334699980449
positive_matrix_factorization,MAR,xgboost,50,10,24.001934013967823,13.146309984671412,0.9145418827955012,7.413832000020193
positive_matrix_factorization,MAR,xgboost,50,11,24.030850067930928,13.166938516722048,0.9143358493942904,9.766018399997847
positive_matrix_factorization,MAR,xgboost,50,12,24.057136929835437,13.137202733906332,0.9141483343198872,9.44823449998512
positive_matrix_factorization,MAR,xgboost,50,13,24.10085828441648,13.14607107033431,0.913835997737798,7.556879700015997
positive_matrix_factorization,MAR,xgboost,50,14,23.96364246045965,13.11041614822166,0.9148143369910674,7.88133909998578
positive_matrix_factorization,MAR,xgboost,50,15,24.00443721589051,13.063455314785108,0.9145240567254728,7.402437300013844
positive_matrix_factorization,MAR,xgboost,50,16,23.99888742238369,13.08024694597939,0.9145635760021308,7.488845300016692
positive_matrix_factorization,MAR,xgboost,50,17,24.07118835229054,13.11169752969157,0.9140480156220572,7.159445199999027
positive_matrix_factorization,MAR,xgboost,50,18,24.13955422191129,13.144578171526286,0.9135590886358912,7.128967299999204
positive_matrix_factorization,MAR,xgboost,50,19,24.05223334176616,13.119603189204248,0.914183329198978,7.21652929999982
positive_matrix_factorization,MAR,xgboost,50,20,23.88504962016725,13.08647810986614,0.9153721824480892,7.136544100008905
positive_matrix_factorization,MAR,xgboost,50,21,23.92706999123409,13.087283265812797,0.9150741533106266,9.88824050000403
positive_matrix_factorization,MAR,xgboost,50,22,23.94539753179994,13.1289363061992,0.914944001310062,9.098353900015354
positive_matrix_factorization,MAR,xgboost,50,23,24.01124434427909,13.113250504842808,0.914475571671308,7.682756100024562
positive_matrix_factorization,MAR,xgboost,50,24,23.97660987946814,13.089574362207037,0.9147221192021074,7.649131699989084
positive_matrix_factorization,MAR,xgboost,50,25,24.09683156083741,13.10838032631065,0.9138647875535716,7.213848200015491
positive_matrix_factorization,MAR,xgboost,50,26,23.88484935371724,13.105886270492256,0.9153736015819668,7.269493500003591
positive_matrix_factorization,MAR,xgboost,50,27,23.98068393267368,13.09787839905951,0.914693136277302,7.250237899977947
positive_matrix_factorization,MAR,xgboost,50,28,24.070991621082573,13.11843184672897,0.9140494205687816,7.204685100005008
positive_matrix_factorization,MAR,xgboost,50,29,24.00312310125754,13.116094392211012,0.9145334151713478,7.61338729999261
positive_matrix_factorization,MAR,xgboost,50,30,23.94131887183782,13.07913998541806,0.914972974305868,7.495184300001711
positive_matrix_factorization,MCAR,lightgbm,10,1,22.788493456283703,12.278361350657509,0.9229642925227572,4.818725799996173
positive_matrix_factorization,MCAR,lightgbm,10,2,22.787843691562948,12.26302222106505,0.92296868547409,4.738381400005892
positive_matrix_factorization,MCAR,lightgbm,10,3,22.846012842203084,12.273275983782234,0.9225749171832516,3.2621902000100818
positive_matrix_factorization,MCAR,lightgbm,10,4,22.874075052293357,12.296816784144138,0.922384594841044,3.684929900016869
positive_matrix_factorization,MCAR,lightgbm,10,5,22.75357199870579,12.28779478739898,0.92320021315905,3.3038717999879736
positive_matrix_factorization,MCAR,lightgbm,10,6,22.712060713887077,12.260036351866663,0.9234801823614818,4.234191299998201
positive_matrix_factorization,MCAR,lightgbm,10,7,22.897178253471616,12.303688271690095,0.9222277299292254,3.4717909999890253
positive_matrix_factorization,MCAR,lightgbm,10,8,22.796479264664704,12.28960144151189,0.9229102915690724,3.9297492999758106
positive_matrix_factorization,MCAR,lightgbm,10,9,22.97127939707388,12.299019563276612,0.9217235333522408,3.289413099992089
positive_matrix_factorization,MCAR,lightgbm,10,10,22.84710859571591,12.293088000216876,0.92256748999308,3.2704981999995653
positive_matrix_factorization,MCAR,lightgbm,10,11,22.84794612704236,12.284624257021257,0.9225618128334322,4.715915800014045
positive_matrix_factorization,MCAR,lightgbm,10,12,22.829472523447272,12.290913665242208,0.9226869868011504,4.748331300012069
positive_matrix_factorization,MCAR,lightgbm,10,13,22.827314511971775,12.288196407561166,0.9227016025119535,3.4860381000034977
positive_matrix_factorization,MCAR,lightgbm,10,14,22.7442080774847,12.255543184027362,0.923263411954934,3.2571564000099897
positive_matrix_factorization,MCAR,lightgbm,10,15,22.80911689509794,12.29047493782377,0.9228247957979772,3.5259403999953065
positive_matrix_factorization,MCAR,lightgbm,10,16,22.76689675252617,12.278203341256638,0.9231102371418772,4.593884000001708
positive_matrix_factorization,MCAR,lightgbm,10,17,22.83868791654675,12.289803154143936,0.9226245575351096,3.3206161000125576
positive_matrix_factorization,MCAR,lightgbm,10,18,22.884800404252918,12.292573686417889,0.9223117920982958,3.613528299989412
positive_matrix_factorization,MCAR,lightgbm,10,19,22.77788069177748,12.269404747379726,0.9230360279756864,4.092172599979676
positive_matrix_factorization,MCAR,lightgbm,10,20,22.97889972597229,12.327515219262803,0.9216715909811934,3.944890999991912
positive_matrix_factorization,MCAR,lightgbm,10,21,22.80637078012716,12.282227266274123,0.9228433777734896,4.798581399983959
positive_matrix_factorization,MCAR,lightgbm,10,22,22.930123661039712,12.323400964995727,0.9220037649991856,4.494879100006074
positive_matrix_factorization,MCAR,lightgbm,10,23,22.95989164213474,12.32553672670474,0.9218011234816516,3.5208694000029936
positive_matrix_factorization,MCAR,lightgbm,10,24,22.724703147964483,12.259322487156425,0.9233949707192616,3.4827206999761984
positive_matrix_factorization,MCAR,lightgbm,10,25,22.781183098588368,12.282324979952516,0.9230137094137664,3.559127999993507
positive_matrix_factorization,MCAR,lightgbm,10,26,22.75619082420316,12.284639986827004,0.9231825335776416,4.128330399980769
positive_matrix_factorization,MCAR,lightgbm,10,27,22.836525847352878,12.321633140024616,0.922639206637778,3.4746128999977373
positive_matrix_factorization,MCAR,lightgbm,10,28,22.886902280276143,12.294758471775028,0.922297520749855,3.828817900008289
positive_matrix_factorization,MCAR,lightgbm,10,29,22.88394484054278,12.29133861583917,0.9223176008418944,3.2090414999984205
positive_matrix_factorization,MCAR,lightgbm,10,30,22.91995708708696,12.316442734710847,0.9220729123545156,3.6523591999721248
positive_matrix_factorization,MCAR,lightgbm,20,1,22.980605261584856,12.390390840860938,0.9216599631965418,5.181363999989117
positive_matrix_factorization,MCAR,lightgbm,20,2,22.87378580579094,12.37455106429003,0.9223865577481764,4.928502399998251
positive_matrix_factorization,MCAR,lightgbm,20,3,22.84632093252685,12.372393926031574,0.922572828934432,3.2996662000077777
positive_matrix_factorization,MCAR,lightgbm,20,4,22.942989580234286,12.408783616087232,0.9219162142473376,3.502662100014277
positive_matrix_factorization,MCAR,lightgbm,20,5,22.888030227244503,12.404645056484146,0.9222898616586824,3.7877204999967935
positive_matrix_factorization,MCAR,lightgbm,20,6,22.91918761620377,12.37558550638405,0.922078144617228,3.867223199980799
positive_matrix_factorization,MCAR,lightgbm,20,7,23.03911193174161,12.424480399422636,0.9212605612544738,3.4745631999976467
positive_matrix_factorization,MCAR,lightgbm,20,8,22.95373846346748,12.397710223786255,0.9218430319705984,3.932657900004415
positive_matrix_factorization,MCAR,lightgbm,20,9,22.954103267605667,12.38892915318686,0.9218405476509324,3.563695800025016
positive_matrix_factorization,MCAR,lightgbm,20,10,23.053851813683423,12.422049228982576,0.9211597777433546,3.4948530000110622
positive_matrix_factorization,MCAR,lightgbm,20,11,22.906893259668774,12.379306085287578,0.922161720190856,4.911676399991848
positive_matrix_factorization,MCAR,lightgbm,20,12,22.942086540237256,12.415955839239256,0.921922360908714,4.7022282000107225
positive_matrix_factorization,MCAR,lightgbm,20,13,22.95586437492617,12.399942972801112,0.9218285539378744,3.2944553999986965
positive_matrix_factorization,MCAR,lightgbm,20,14,22.83651773477667,12.363224845172711,0.922639261601937,3.675780899997335
positive_matrix_factorization,MCAR,lightgbm,20,15,22.84868482337505,12.394319706673544,0.9225568054485872,3.527522400021553
positive_matrix_factorization,MCAR,lightgbm,20,16,22.8673709073852,12.370919673855685,0.9224300846515266,4.063860299997032
positive_matrix_factorization,MCAR,lightgbm,20,17,22.97338858192925,12.40834922678532,0.921709158261092,3.343566399998963
positive_matrix_factorization,MCAR,lightgbm,20,18,23.027695486124475,12.396612672057492,0.9213385765706404,3.7743373999837786
positive_matrix_factorization,MCAR,lightgbm,20,19,22.872374923654554,12.366509569567144,0.9223961320305448,3.4366107000096235
positive_matrix_factorization,MCAR,lightgbm,20,20,22.998472483136126,12.42414014366774,0.921538098440363,3.5799018000252545
positive_matrix_factorization,MCAR,lightgbm,20,21,22.87687634081008,12.37660717912944,0.9223655832345744,4.929626500001177
positive_matrix_factorization,MCAR,lightgbm,20,22,22.99701867500214,12.426750051864367,0.9215480177900466,4.867536999983713
positive_matrix_factorization,MCAR,lightgbm,20,23,23.035196244960822,12.455778430182196,0.9212873238119595,3.5557820000103675
positive_matrix_factorization,MCAR,lightgbm,20,24,22.93514102656595,12.399080426723936,0.9219696283812812,3.4545623999729287
positive_matrix_factorization,MCAR,lightgbm,20,25,22.93018297017657,12.405655376946232,0.9220033615216092,3.948494000011124
positive_matrix_factorization,MCAR,lightgbm,20,26,22.9930571855526,12.40360231803996,0.9215750438959952,3.2996844000008423
positive_matrix_factorization,MCAR,lightgbm,20,27,22.929025894100207,12.400025027876689,0.9220112328733155,3.6078235000022687
positive_matrix_factorization,MCAR,lightgbm,20,28,22.89534691825972,12.38060695585557,0.9222401700124002,3.6556153999990784
positive_matrix_factorization,MCAR,lightgbm,20,29,22.862381032962077,12.364666804845577,0.9224639339215333,3.5829313000140246
positive_matrix_factorization,MCAR,lightgbm,20,30,22.99781322523553,12.415395868948888,0.9215425966423334,3.486443100002361
positive_matrix_factorization,MCAR,lightgbm,30,1,23.07487023312868,12.538972937102187,0.921015953425444,4.83374509998248
positive_matrix_factorization,MCAR,lightgbm,30,2,22.969511814268696,12.496107207902831,0.921735579247541,4.671768300002441
positive_matrix_factorization,MCAR,lightgbm,30,3,22.95520310576404,12.52929363285398,0.9218330575036096,3.36091319998377
positive_matrix_factorization,MCAR,lightgbm,30,4,23.07559744135419,12.5213383036405,0.9210109749572788,3.4581764999893494
positive_matrix_factorization,MCAR,lightgbm,30,5,23.045119871623463,12.527341647431925,0.9212194899235826,3.5946121999877505
positive_matrix_factorization,MCAR,lightgbm,30,6,22.945538028295744,12.491469609607329,0.9218988665931862,4.066271699994104
positive_matrix_factorization,MCAR,lightgbm,30,7,23.18379426147872,12.567081585051152,0.920268511197628,3.3093325999798253
positive_matrix_factorization,MCAR,lightgbm,30,8,23.11789846680185,12.541141441558606,0.920721112098136,3.762501000019256
positive_matrix_factorization,MCAR,lightgbm,30,9,23.04559302098609,12.521723527568344,0.9212162549366534,3.527090899995528
positive_matrix_factorization,MCAR,lightgbm,30,10,23.01525868584861,12.545364256771093,0.9214235205663588,4.272951699997066
positive_matrix_factorization,MCAR,lightgbm,30,11,23.00703920504912,12.51669871214443,0.9214796348638012,7.204606699990109
positive_matrix_factorization,MCAR,lightgbm,30,12,23.134616111407528,12.5508999885177,0.920606410021003,5.6387764000101015
positive_matrix_factorization,MCAR,lightgbm,30,13,23.03452344806943,12.53052848855392,0.9212919217211688,3.464772300008917
positive_matrix_factorization,MCAR,lightgbm,30,14,23.038715863199894,12.541273693508064,0.921263268472244,3.835691100015538
positive_matrix_factorization,MCAR,lightgbm,30,15,23.00941381624157,12.53737468234341,0.921463425480362,3.9732749999966472
positive_matrix_factorization,MCAR,lightgbm,30,16,22.873963310820045,12.47129636398267,0.9223853531526716,5.131084499997087
positive_matrix_factorization,MCAR,lightgbm,30,17,23.00273370477994,12.539254472783012,0.9215090204633416,3.5857284999801777
positive_matrix_factorization,MCAR,lightgbm,30,18,23.04821264143046,12.53232962751793,0.9211983430314143,3.420335000002524
positive_matrix_factorization,MCAR,lightgbm,30,19,23.00211416834092,12.530720777186728,0.9215132484275242,3.499772200011648
positive_matrix_factorization,MCAR,lightgbm,30,20,23.07950817857237,12.569574142250945,0.9209841993561952,3.620089699979872
positive_matrix_factorization,MCAR,lightgbm,30,21,22.9501742100702,12.537623216815517,0.9218673024928936,4.836758700024802
positive_matrix_factorization,MCAR,lightgbm,30,22,23.01195034072358,12.52463795731647,0.9214461090092948,4.56747149999137
positive_matrix_factorization,MCAR,lightgbm,30,23,23.22749075832649,12.596211412132346,0.9199676743289976,3.53178679998382
positive_matrix_factorization,MCAR,lightgbm,30,24,23.004822109147515,12.515244863043865,0.9214947675186504,4.642101300007198
positive_matrix_factorization,MCAR,lightgbm,30,25,23.016943445796787,12.536178705587812,0.9214120162550192,3.901224100001855
positive_matrix_factorization,MCAR,lightgbm,30,26,23.01848864765606,12.530120921652632,0.9214014641697674,3.5747904000163544
positive_matrix_factorization,MCAR,lightgbm,30,27,23.074827736037285,12.544873920796114,0.9210162443557176,3.879261599999154
positive_matrix_factorization,MCAR,lightgbm,30,28,22.926027237842188,12.496650000986442,0.9220316302694792,4.133556499989936
positive_matrix_factorization,MCAR,lightgbm,30,29,23.027645258074205,12.518187731413038,0.921338919723139,3.2880850000074133
positive_matrix_factorization,MCAR,lightgbm,30,30,23.089710487571757,12.546162712830156,0.9209143259615048,3.825045300007332
positive_matrix_factorization,MCAR,lightgbm,40,1,23.235097396329287,12.732063476756212,0.9199152470893384,6.574046499998076
positive_matrix_factorization,MCAR,lightgbm,40,2,23.21736089320263,12.714721812479493,0.9200374657576148,5.019928900001105
positive_matrix_factorization,MCAR,lightgbm,40,3,23.288371676142308,12.723511442598436,0.9195475835837992,3.3231834000034723
positive_matrix_factorization,MCAR,lightgbm,40,4,23.26694021439446,12.729905253089118,0.9196955904554652,3.5580168000014964
positive_matrix_factorization,MCAR,lightgbm,40,5,23.23281223018263,12.710490687284627,0.9199309989464316,3.468700299999909
positive_matrix_factorization,MCAR,lightgbm,40,6,23.212556759750047,12.703327682323565,0.9200705540093992,3.6464328999863937
positive_matrix_factorization,MCAR,lightgbm,40,7,23.316862005465477,12.761848474862804,0.9193506167949664,3.762019699992379
positive_matrix_factorization,MCAR,lightgbm,40,8,23.31661015142698,12.770925364049182,0.919352359033108,3.779567500023404
positive_matrix_factorization,MCAR,lightgbm,40,9,23.265396560608657,12.723099289690792,0.9197062457537132,3.8375459000235423
positive_matrix_factorization,MCAR,lightgbm,40,10,23.325456600446643,12.767591188422347,0.919291151114612,3.515402199991513
positive_matrix_factorization,MCAR,lightgbm,40,11,23.262628153634523,12.723611419249266,0.9197253533209097,5.367889000015566
positive_matrix_factorization,MCAR,lightgbm,40,12,23.38139051032311,12.77161297826872,0.918903611078432,4.563521999982186
positive_matrix_factorization,MCAR,lightgbm,40,13,23.33669558458745,12.738994754408436,0.919213355938275,3.306402899994282
positive_matrix_factorization,MCAR,lightgbm,40,14,23.282192260548246,12.729864208311524,0.9195902729539196,3.6210801000124775
positive_matrix_factorization,MCAR,lightgbm,40,15,23.222276546077392,12.712013905260712,0.9200036023332632,3.5029090000025462
positive_matrix_factorization,MCAR,lightgbm,40,16,23.214276821340448,12.717583220960464,0.9200587079499398,3.9128928999998607
positive_matrix_factorization,MCAR,lightgbm,40,17,23.297238929447342,12.735903953769975,0.9194863059830778,3.8097129999950994
positive_matrix_factorization,MCAR,lightgbm,40,18,23.314530682078438,12.754419133804408,0.919366743355534,3.807388700020965
positive_matrix_factorization,MCAR,lightgbm,40,19,23.200498394127564,12.721832842721076,0.9201535752942542,4.0906722000218
positive_matrix_factorization,MCAR,lightgbm,40,20,23.36247171087159,12.759366985196626,0.9190347945175142,3.437683600001037
positive_matrix_factorization,MCAR,lightgbm,40,21,23.21431654366117,12.706417087659624,0.9200584343720564,5.289761399995768
positive_matrix_factorization,MCAR,lightgbm,40,22,23.404250879649307,12.785597448646689,0.9187449550145887,4.773176600021543
positive_matrix_factorization,MCAR,lightgbm,40,23,23.458495025532688,12.783455603570316,0.918367868107874,3.385659999999916
positive_matrix_factorization,MCAR,lightgbm,40,24,23.256855362135603,12.75271910481343,0.9197651898600764,3.7048771000118
positive_matrix_factorization,MCAR,lightgbm,40,25,23.22349057436453,12.723682347881878,0.9199952379140351,3.8075017999799456
positive_matrix_factorization,MCAR,lightgbm,40,26,23.225132504131597,12.71623935397537,0.9199839246410634,3.5646637000027117
positive_matrix_factorization,MCAR,lightgbm,40,27,23.2414740371483,12.74817523505815,0.9198712841336374,3.366383099986706
positive_matrix_factorization,MCAR,lightgbm,40,28,23.17487225113896,12.720939707084195,0.920329866839351,3.990053799992893
positive_matrix_factorization,MCAR,lightgbm,40,29,23.245900528477875,12.718978808924833,0.9198407591469782,3.5714462000178173
positive_matrix_factorization,MCAR,lightgbm,40,30,23.39262921263475,12.78363137284507,0.9188256313519204,3.5546848999802023
positive_matrix_factorization,MCAR,lightgbm,50,1,23.5131057856999,12.992389403564513,0.917987350788508,5.591183099983027
positive_matrix_factorization,MCAR,lightgbm,50,2,23.46279402824575,12.982659016721389,0.9183379455648956,4.6953147999884095
positive_matrix_factorization,MCAR,lightgbm,50,3,23.494028554325016,12.989167989834078,0.9181203778411212,3.626063899981091
positive_matrix_factorization,MCAR,lightgbm,50,4,23.50746529594715,13.025325845859438,0.9180266936151708,3.5803197999775875
positive_matrix_factorization,MCAR,lightgbm,50,5,23.487225256699368,12.994918314406528,0.9181677916580816,3.7987432000227273
positive_matrix_factorization,MCAR,lightgbm,50,6,23.43283325690756,12.98195908183442,0.9185463688250756,3.570573800010606
positive_matrix_factorization,MCAR,lightgbm,50,7,23.65144990377676,13.06012068553272,0.917019435628446,3.772851399990032
positive_matrix_factorization,MCAR,lightgbm,50,8,23.536633622387274,13.019736652161518,0.9178231406132052,3.703814300009981
positive_matrix_factorization,MCAR,lightgbm,50,9,23.46531054268766,12.99289564937706,0.9183204272113864,3.519853999983752
positive_matrix_factorization,MCAR,lightgbm,50,10,23.684799547062173,13.054251283028831,0.916785257741307,3.630551700014621
positive_matrix_factorization,MCAR,lightgbm,50,11,23.545026112617137,13.012909677513544,0.9177645263305836,5.255902500008233
positive_matrix_factorization,MCAR,lightgbm,50,12,23.56338758829353,13.020593770897827,0.9176362144390072,5.429889399994863
positive_matrix_factorization,MCAR,lightgbm,50,13,23.522151579525364,13.01874504937569,0.917924236011075,3.539957100001629
positive_matrix_factorization,MCAR,lightgbm,50,14,23.62490759574828,13.00284669201804,0.917205577269507,3.8417262000148185
positive_matrix_factorization,MCAR,lightgbm,50,15,23.45768585983041,13.010139520084342,0.9183734995673554,3.8050939999811817
positive_matrix_factorization,MCAR,lightgbm,50,16,23.513155407940797,13.016794831566305,0.9179870046278804,3.62374420001288
positive_matrix_factorization,MCAR,lightgbm,50,17,23.56441098450025,13.03079311602034,0.9176290598975948,3.780273699987447
positive_matrix_factorization,MCAR,lightgbm,50,18,23.635557289368155,13.045385981389105,0.9171309159005834,3.7887245999882
positive_matrix_factorization,MCAR,lightgbm,50,19,23.449713426216118,12.98567459555431,0.9184289740309782,3.58440769999288
positive_matrix_factorization,MCAR,lightgbm,50,20,23.55246191383925,13.051029255036836,0.91771257623377,3.587886200024513
positive_matrix_factorization,MCAR,lightgbm,50,21,23.512438955783207,13.002526285836984,0.9179920024677086,5.08610270000645
positive_matrix_factorization,MCAR,lightgbm,50,22,23.58702636097797,13.042200774395736,0.9174708769720712,5.609928499994567
positive_matrix_factorization,MCAR,lightgbm,50,23,23.529923236993746,13.062506174492697,0.9178699918152208,3.6734210000140592
positive_matrix_factorization,MCAR,lightgbm,50,24,23.523380897073288,13.022386719882697,0.9179156568797706,4.075112499995157
positive_matrix_factorization,MCAR,lightgbm,50,25,23.454928183725038,13.008551805640874,0.9183926903963104,3.359787499997765
positive_matrix_factorization,MCAR,lightgbm,50,26,23.48285397776117,13.019714983817355,0.9181982489060112,4.117371700005606
positive_matrix_factorization,MCAR,lightgbm,50,27,23.441678693438767,13.027622501641344,0.9184848629113098,4.065981100022327
positive_matrix_factorization,MCAR,lightgbm,50,28,23.50086503498293,13.005228027386895,0.9180727189311284,3.879451599990716
positive_matrix_factorization,MCAR,lightgbm,50,29,23.57005955053711,13.008687122563051,0.9175895653004018,3.379139299999224
positive_matrix_factorization,MCAR,lightgbm,50,30,23.540591945337752,13.065993707377409,0.9177954977560092,3.4965804999810643
positive_matrix_factorization,MCAR,xgboost,10,1,22.918602660672278,12.21914005494203,0.9220821220914236,8.501298799994402
positive_matrix_factorization,MCAR,xgboost,10,2,22.983122437664655,12.206787844258862,0.9216428003355656,8.35618059997796
positive_matrix_factorization,MCAR,xgboost,10,3,22.953207302294,12.238401750831509,0.9218466491126682,7.53413630000432
positive_matrix_factorization,MCAR,xgboost,10,4,22.84973830385739,12.20348927477443,0.9225496639631676,7.381131300004199
positive_matrix_factorization,MCAR,xgboost,10,5,22.941107644675444,12.273519707490406,0.9219290236177652,7.313718899997184
positive_matrix_factorization,MCAR,xgboost,10,6,22.848714431902284,12.210003495174746,0.9225566047385296,7.050664699985646
positive_matrix_factorization,MCAR,xgboost,10,7,22.978291462726496,12.239461167773602,0.9216757377125244,7.025897100014845
positive_matrix_factorization,MCAR,xgboost,10,8,22.94305026384176,12.216342961467827,0.9219158011876484,7.588624999974854
positive_matrix_factorization,MCAR,xgboost,10,9,22.961355089325533,12.225324318330884,0.9217911544822236,7.093355099990731
positive_matrix_factorization,MCAR,xgboost,10,10,22.895937666714016,12.240635257267664,0.9222361572239358,7.298200599994743
positive_matrix_factorization,MCAR,xgboost,10,11,22.99784325179597,12.282478152974347,0.9215423917700284,8.252884699992137
positive_matrix_factorization,MCAR,xgboost,10,12,22.94481992154142,12.230053349233511,0.9219037550445904,8.329723499977263
positive_matrix_factorization,MCAR,xgboost,10,13,22.936460905833965,12.233489754535764,0.921960647086322,7.505733800004236
positive_matrix_factorization,MCAR,xgboost,10,14,22.89436705636681,12.216998163189931,0.9222468257109598,7.577438600012101
positive_matrix_factorization,MCAR,xgboost,10,15,22.87784318483072,12.197798045051726,0.922359020978726,7.073733599972911
positive_matrix_factorization,MCAR,xgboost,10,16,22.921574454451985,12.209355944219796,0.9220619139765625,7.096987600001739
positive_matrix_factorization,MCAR,xgboost,10,17,22.860935743108424,12.189493295183148,0.922473736797911,7.195055999996839
positive_matrix_factorization,MCAR,xgboost,10,18,22.973642390455726,12.244180102690873,0.9217074283471204,7.436780400021234
positive_matrix_factorization,MCAR,xgboost,10,19,22.95761649598576,12.211791689632078,0.9218166205110454,7.14986079998198
positive_matrix_factorization,MCAR,xgboost,10,20,22.95318900512826,12.21490940864424,0.9218467737126184,7.20096650000778
positive_matrix_factorization,MCAR,xgboost,10,21,23.03794694898421,12.248829684977563,0.9212685240413686,8.548654199985322
positive_matrix_factorization,MCAR,xgboost,10,22,22.94278607906169,12.254244616256264,0.9219175994261464,8.349825800018152
positive_matrix_factorization,MCAR,xgboost,10,23,22.91238516489269,12.23238191377129,0.922124392414045,7.578451100009261
positive_matrix_factorization,MCAR,xgboost,10,24,23.00636198304799,12.226263083997472,0.9214842573565702,7.837542900000699
positive_matrix_factorization,MCAR,xgboost,10,25,23.01832270466532,12.253545169499263,0.9214025974178524,7.089141600008588
positive_matrix_factorization,MCAR,xgboost,10,26,22.95973598938009,12.20999521786182,0.9218021837505302,7.063589299999876
positive_matrix_factorization,MCAR,xgboost,10,27,22.876244341706087,12.214545175585933,0.9223698726492102,7.331430399994133
positive_matrix_factorization,MCAR,xgboost,10,28,22.93453368291585,12.213371748609472,0.9219737609587249,7.159417700022459
positive_matrix_factorization,MCAR,xgboost,10,29,22.91418586934974,12.22855166764391,0.9221121513083632,7.055872800003272
positive_matrix_factorization,MCAR,xgboost,10,30,22.874067400132663,12.226383573702796,0.9223846467710524,7.073112199985189
positive_matrix_factorization,MCAR,xgboost,20,1,23.14293074030176,12.340393565272349,0.9205493313247496,8.49462849998963
positive_matrix_factorization,MCAR,xgboost,20,2,23.015937748218693,12.307712285429208,0.9214188837192784,8.451756399997976
positive_matrix_factorization,MCAR,xgboost,20,3,23.11349769999974,12.34049908271752,0.9207512925828376,7.510290300007909
positive_matrix_factorization,MCAR,xgboost,20,4,23.09397460698868,12.347134572813504,0.9208851127846924,7.577996799984248
positive_matrix_factorization,MCAR,xgboost,20,5,23.197490559091644,12.38625234013496,0.9201742773758668,7.14247229998
positive_matrix_factorization,MCAR,xgboost,20,6,23.004101125247413,12.314413299930417,0.9214996882367044,7.392457700014347
positive_matrix_factorization,MCAR,xgboost,20,7,23.108081392361356,12.351731974212829,0.9207884297649632,7.0723481999884825
positive_matrix_factorization,MCAR,xgboost,20,8,23.096020402418468,12.332280099223745,0.9208710952717808,7.028940899996087
positive_matrix_factorization,MCAR,xgboost,20,9,23.11367713720339,12.32799596962094,0.920750062113799,6.941698699985864
positive_matrix_factorization,MCAR,xgboost,20,10,23.066613727121425,12.349360958231838,0.9210724664699368,7.710097400005907
positive_matrix_factorization,MCAR,xgboost,20,11,23.15426272054969,12.391178854735358,0.9204715059323472,8.837268499977654
positive_matrix_factorization,MCAR,xgboost,20,12,23.128624756687007,12.328547983308836,0.9206475270694232,7.959597099979874
positive_matrix_factorization,MCAR,xgboost,20,13,23.091924386006568,12.348431298355797,0.9208991593751604,7.590365900017787
positive_matrix_factorization,MCAR,xgboost,20,14,22.922061835355027,12.295426958425246,0.9220585995499148,7.502701899997191
positive_matrix_factorization,MCAR,xgboost,20,15,23.043961572637198,12.31770108652631,0.9212274090919114,7.218326100002741
positive_matrix_factorization,MCAR,xgboost,20,16,23.10586223185036,12.320113573402224,0.9208036430356038,6.8983722999983
positive_matrix_factorization,MCAR,xgboost,20,17,23.13496616058209,12.319089566738793,0.9206040073988232,6.985411500005284
positive_matrix_factorization,MCAR,xgboost,20,18,23.176195830506376,12.372182513560809,0.9203207662277432,7.31774390002829
positive_matrix_factorization,MCAR,xgboost,20,19,23.160828727715447,12.338165392117196,0.92042639469664,7.061935000005178
positive_matrix_factorization,MCAR,xgboost,20,20,23.07309826874596,12.332308242962329,0.9210280836382804,7.425717499980237
positive_matrix_factorization,MCAR,xgboost,20,21,23.069483227625376,12.326983608496237,0.9210528279840104,8.424401199998101
positive_matrix_factorization,MCAR,xgboost,20,22,23.167422488715864,12.366178461739285,0.9203810799085064,8.709382800007006
positive_matrix_factorization,MCAR,xgboost,20,23,23.228718022063607,12.360453566521516,0.9199592168191492,7.599270899983821
positive_matrix_factorization,MCAR,xgboost,20,24,23.238351987249438,12.33255192063462,0.9198928102249996,7.687258000019938
positive_matrix_factorization,MCAR,xgboost,20,25,23.004985094367857,12.322147000801989,0.9214936551224858,7.04579630002263
positive_matrix_factorization,MCAR,xgboost,20,26,23.07528859723159,12.330451342857137,0.9210130893235868,7.126492400013376
positive_matrix_factorization,MCAR,xgboost,20,27,23.09448604204388,12.329624987694258,0.9208816086174424,7.182102999999188
positive_matrix_factorization,MCAR,xgboost,20,28,23.01682974912959,12.304188158877816,0.9214127926543518,7.461297400004696
positive_matrix_factorization,MCAR,xgboost,20,29,23.177747880883476,12.355604723629847,0.9203100940426674,7.056860100012273
positive_matrix_factorization,MCAR,xgboost,20,30,22.96886965743465,12.326970014278505,0.9217399552508732,7.237780099996598
positive_matrix_factorization,MCAR,xgboost,30,1,23.116753251285644,12.455900226997027,0.9207289665459656,8.683277899981476
positive_matrix_factorization,MCAR,xgboost,30,2,23.172891227106888,12.461713049391363,0.9203434869103494,8.393212099996163
positive_matrix_factorization,MCAR,xgboost,30,3,23.24557161066214,12.477696679634128,0.9198430275569156,7.602849999995669
positive_matrix_factorization,MCAR,xgboost,30,4,23.073330260405918,12.447366030685636,0.9210264955621704,7.7349129000213
positive_matrix_factorization,MCAR,xgboost,30,5,23.24487544260226,12.516491330558692,0.9198478286338108,7.1846294999995735
positive_matrix_factorization,MCAR,xgboost,30,6,23.03763476783785,12.443778897323964,0.9212706577658664,7.054294400004437
positive_matrix_factorization,MCAR,xgboost,30,7,23.24953018930515,12.479612290260004,0.919815724748252,7.463345800002571
positive_matrix_factorization,MCAR,xgboost,30,8,23.25264267361989,12.478329752629111,0.9197942542925074,7.331536900019273
positive_matrix_factorization,MCAR,xgboost,30,9,23.18639094388582,12.464560571078191,0.9202506496736292,7.033208500011824
positive_matrix_factorization,MCAR,xgboost,30,10,23.16643947499142,12.482600252299283,0.9203878363641071,7.020947700017132
positive_matrix_factorization,MCAR,xgboost,30,11,23.273495467195207,12.52157615700398,0.91965033397935,8.499019699986093
positive_matrix_factorization,MCAR,xgboost,30,12,23.11129460266945,12.461612198702657,0.9207663992791264,8.318932200025301
positive_matrix_factorization,MCAR,xgboost,30,13,23.219449079845823,12.50253537278423,0.9200230813316044,7.759564700012561
positive_matrix_factorization,MCAR,xgboost,30,14,23.186801247024874,12.471483757595989,0.9202478271819036,7.402352400007658
positive_matrix_factorization,MCAR,xgboost,30,15,23.23979806333202,12.466128424789025,0.919882840094973,7.343870100012282
positive_matrix_factorization,MCAR,xgboost,30,16,23.02480636105025,12.431972204248082,0.9213583135377552,7.192365999973845
positive_matrix_factorization,MCAR,xgboost,30,17,23.200730581471163,12.456887279211816,0.9201519771025514,7.046743100014282
positive_matrix_factorization,MCAR,xgboost,30,18,23.25570349885765,12.473433404538348,0.9197731373870576,7.1312712999933865
positive_matrix_factorization,MCAR,xgboost,30,19,23.10087286849883,12.434395269157235,0.9208378418666056,7.083829500013962
positive_matrix_factorization,MCAR,xgboost,30,20,23.138704017701563,12.460997469192264,0.92057834971267,7.184778599999845
positive_matrix_factorization,MCAR,xgboost,30,21,23.18194615873707,12.46697616351661,0.920281222327505,8.499747599998955
positive_matrix_factorization,MCAR,xgboost,30,22,23.27562002126308,12.494216711379917,0.9196356636431589,8.142536200000905
positive_matrix_factorization,MCAR,xgboost,30,23,23.227005629138908,12.463036264549928,0.9199710174031228,7.803918099991279
positive_matrix_factorization,MCAR,xgboost,30,24,23.292667532516894,12.462506038344976,0.9195178997650132,7.438909299991792
positive_matrix_factorization,MCAR,xgboost,30,25,23.11337962752663,12.47298067965489,0.920752102245408,7.412943800009089
positive_matrix_factorization,MCAR,xgboost,30,26,23.07248685649713,12.44530083916876,0.9210322689242504,7.062727799988352
positive_matrix_factorization,MCAR,xgboost,30,27,23.11200987364917,12.445457026309372,0.9207614948050864,7.167644800007111
positive_matrix_factorization,MCAR,xgboost,30,28,23.21395451533158,12.468328130953775,0.920060927737368,7.435575000010431
positive_matrix_factorization,MCAR,xgboost,30,29,23.14559239773349,12.464265877976676,0.9205310551067832,7.435621500015259
positive_matrix_factorization,MCAR,xgboost,30,30,23.15514256921318,12.453483195494323,0.9204654617434628,7.235625800007256
positive_matrix_factorization,MCAR,xgboost,40,1,23.400815170810976,12.676865111583256,0.9187688095004152,8.485615799989318
positive_matrix_factorization,MCAR,xgboost,40,2,23.333728195803715,12.654034558446307,0.9192338995614624,8.601541299984092
positive_matrix_factorization,MCAR,xgboost,40,3,23.489834330030224,12.685651996765785,0.9181496100220048,7.829369699989911
positive_matrix_factorization,MCAR,xgboost,40,4,23.31553963375109,12.664654238205982,0.919359764289936,7.663395899988245
positive_matrix_factorization,MCAR,xgboost,40,5,23.372319946410396,12.722774301323977,0.918966519851654,7.226360500004375
positive_matrix_factorization,MCAR,xgboost,40,6,23.32126235363597,12.649228086371622,0.9193201736888006,7.294652699987637
positive_matrix_factorization,MCAR,xgboost,40,7,23.44970843580859,12.692175195547556,0.9184290087497496,7.094611500011524
positive_matrix_factorization,MCAR,xgboost,40,8,23.22894387141639,12.646641085062742,0.919957660362444,7.512878999987151
positive_matrix_factorization,MCAR,xgboost,40,9,23.466231350927234,12.68146489383806,0.9183140166676876,7.309625900001265
positive_matrix_factorization,MCAR,xgboost,40,10,23.45441417022531,12.70555281122066,0.9183962671967888,7.320523899979889
positive_matrix_factorization,MCAR,xgboost,40,11,23.37386313539721,12.73768037667812,0.9189558188084788,8.812494599987986
positive_matrix_factorization,MCAR,xgboost,40,12,23.35029487395242,12.665532181411708,0.9191191728472764,8.336273599998094
positive_matrix_factorization,MCAR,xgboost,40,13,23.472056826623923,12.704809796747842,0.9182734546558788,7.693352100002812
positive_matrix_factorization,MCAR,xgboost,40,14,23.33701017171725,12.668067193448117,0.9192111778570048,7.664876199996797
positive_matrix_factorization,MCAR,xgboost,40,15,23.30513442159649,12.64274369456693,0.9194317241538504,7.320840800006408
positive_matrix_factorization,MCAR,xgboost,40,16,23.343330751543107,12.633220781588845,0.9191674103524898,7.295875499985414
positive_matrix_factorization,MCAR,xgboost,40,17,23.352193834612272,12.65828023437892,0.9191060170601604,7.404282600007718
positive_matrix_factorization,MCAR,xgboost,40,18,23.516168434176887,12.698000878950324,0.9179659846384404,7.36441169999307
positive_matrix_factorization,MCAR,xgboost,40,19,23.44379996757672,12.674952033763908,0.9184701093795228,7.309670299990103
positive_matrix_factorization,MCAR,xgboost,40,20,23.347724851497453,12.658374628369112,0.9191369759717204,7.220864500006428
positive_matrix_factorization,MCAR,xgboost,40,21,23.342821379323727,12.667794136365954,0.9191709379918658,8.597295299987309
positive_matrix_factorization,MCAR,xgboost,40,22,23.307551927553696,12.6812452228589,0.919415008147366,8.52625789999729
positive_matrix_factorization,MCAR,xgboost,40,23,23.36303645366862,12.654326129236326,0.919030880114122,7.790674799995031
positive_matrix_factorization,MCAR,xgboost,40,24,23.41272974375383,12.671257019260192,0.9186860703885554,7.487664200016297
positive_matrix_factorization,MCAR,xgboost,40,25,23.34604161301105,12.654747593556856,0.9191486350818558,7.684521300019696
positive_matrix_factorization,MCAR,xgboost,40,26,23.324698979396576,12.656162952815276,0.919296393947012,7.328441900026519
positive_matrix_factorization,MCAR,xgboost,40,27,23.27281438306752,12.657647849114822,0.919655036674871,7.197028099995805
positive_matrix_factorization,MCAR,xgboost,40,28,23.32996544018503,12.656636864095065,0.9192599458573856,7.115358300012304
positive_matrix_factorization,MCAR,xgboost,40,29,23.43591322780763,12.68981447695086,0.9185249551702904,7.166109999991022
positive_matrix_factorization,MCAR,xgboost,40,30,23.302564776213742,12.654942452394977,0.9194494902375396,7.274397200002568
positive_matrix_factorization,MCAR,xgboost,50,1,23.6363158787133,12.949844178740124,0.9171255964056984,8.896762500022305
positive_matrix_factorization,MCAR,xgboost,50,2,23.64587223462315,12.94424030421517,0.9170585692596678,8.811124700005166
positive_matrix_factorization,MCAR,xgboost,50,3,23.63727345705134,12.982163284976863,0.9171188812863372,8.034733100008452
positive_matrix_factorization,MCAR,xgboost,50,4,23.612035434341944,12.93500897021144,0.917295774687684,7.285084500006633
positive_matrix_factorization,MCAR,xgboost,50,5,23.752400012057237,13.013339105025974,0.9163095616626876,7.226878000015859
positive_matrix_factorization,MCAR,xgboost,50,6,23.56105908320687,12.930253270135433,0.9176524918114318,7.339044300024398
positive_matrix_factorization,MCAR,xgboost,50,7,23.62223974940695,12.958904547619682,0.9172242753596694,7.613205900008323
positive_matrix_factorization,MCAR,xgboost,50,8,23.764487062287817,12.978256748531368,0.9162243637109874,7.190844900003867
positive_matrix_factorization,MCAR,xgboost,50,9,23.873738980784594,13.004709868821042,0.9154523135848488,7.484038099995814
positive_matrix_factorization,MCAR,xgboost,50,10,23.649832359818102,12.989627762960884,0.9170307854713736,7.283334899984766
positive_matrix_factorization,MCAR,xgboost,50,11,23.55281745547836,12.98455839543344,0.917710091837323,8.824442200013436
positive_matrix_factorization,MCAR,xgboost,50,12,23.663228445952733,13.001658124134895,0.9169367655634966,8.485272299993085
positive_matrix_factorization,MCAR,xgboost,50,13,23.62918600183547,12.99761549386557,0.9171755868675862,7.573276800016174
positive_matrix_factorization,MCAR,xgboost,50,14,23.686229896796775,12.93469100532193,0.9167752065877538,8.084033499995712
positive_matrix_factorization,MCAR,xgboost,50,15,23.551578074146583,12.92134137265884,0.9177187520235428,7.341083900013473
positive_matrix_factorization,MCAR,xgboost,50,16,23.652959758671432,12.943317944751682,0.9170088407084002,7.24975170000107
positive_matrix_factorization,MCAR,xgboost,50,17,23.65954726193364,12.936954048256943,0.9169626071149276,7.589688600011868
positive_matrix_factorization,MCAR,xgboost,50,18,23.81659413792445,12.981546379928988,0.9158565805406816,7.249898500012932
positive_matrix_factorization,MCAR,xgboost,50,19,23.76173052969363,12.949620687919449,0.9162437974886396,7.478314400010277
positive_matrix_factorization,MCAR,xgboost,50,20,23.665546918611422,12.95628724648129,0.9169204880489804,7.738159700005781
positive_matrix_factorization,MCAR,xgboost,50,21,23.60815370802913,12.93069844900515,0.9173229649551226,8.764100800006418
positive_matrix_factorization,MCAR,xgboost,50,22,23.585279298571923,12.95258465864331,0.9174831021831926,8.780270399991423
positive_matrix_factorization,MCAR,xgboost,50,23,23.7721661453584,12.99480545634149,0.9161702136670544,7.584803299978375
positive_matrix_factorization,MCAR,xgboost,50,24,23.70555725521243,12.960856805099104,0.9166393325654127,7.726636300008977
positive_matrix_factorization,MCAR,xgboost,50,25,23.59980324894521,12.937557341538696,0.9173814421327487,7.218297499988694
positive_matrix_factorization,MCAR,xgboost,50,26,23.63649852668739,12.948312783986102,0.9171243155884607,7.437506200018106
positive_matrix_factorization,MCAR,xgboost,50,27,23.593261949585298,12.914535249089916,0.9174272355503044,7.333241799991811
positive_matrix_factorization,MCAR,xgboost,50,28,23.59841947474819,12.945823743139828,0.9173911305251166,7.339275800011819
positive_matrix_factorization,MCAR,xgboost,50,29,23.75909820386069,12.993695316029612,0.916262353494333,7.142811300000176
positive_matrix_factorization,MCAR,xgboost,50,30,23.71173317980049,12.944411774574336,0.916595891590501,7.345214599976316
saits,MAR,lightgbm,10,1,22.94745663365325,12.502824957771562,0.9218858050979624,4.915055599994957
saits,MAR,lightgbm,10,2,22.97228506303401,12.477982651970605,0.9217166794282796,4.866664800007129
saits,MAR,lightgbm,10,3,22.888712661497003,12.456807231549408,0.9222852275464192,5.618066700000782
saits,MAR,lightgbm,10,4,23.0804772901202,12.504771419577263,0.9209775634494012,5.390068600012455
saits,MAR,lightgbm,10,5,22.938673552362832,12.474526639529662,0.9219455896776984,4.010544899996603
saits,MAR,lightgbm,10,6,23.020054145113267,12.501952709334796,0.9213907727647784,3.5506181999808177
saits,MAR,lightgbm,10,7,23.04365928893877,12.509800963859933,0.9212294757082664,3.706255600001896
saits,MAR,lightgbm,10,8,22.93347678300733,12.470512232319582,0.9219809522123942,3.4920018000120763
saits,MAR,lightgbm,10,9,22.98106531365799,12.482895389184442,0.9216568265640048,3.541407699987758
saits,MAR,lightgbm,10,10,23.0125691464918,12.50848050927083,0.9214418842257618,3.54569589998573
saits,MAR,lightgbm,10,11,23.02030183436576,12.475113466849088,0.921389081129706,4.732938600005582
saits,MAR,lightgbm,10,12,22.97444960400292,12.461488526673358,0.9217019263954748,4.843339000013657
saits,MAR,lightgbm,10,13,23.086813498082968,12.50101448032884,0.9209341699516378,3.309575599996606
saits,MAR,lightgbm,10,14,22.954641050988677,12.459165019288234,0.9218368852689528,3.3697630999959074
saits,MAR,lightgbm,10,15,22.98870962494258,12.502970112564446,0.9216046985011138,3.888468699995428
saits,MAR,lightgbm,10,16,23.03819018501656,12.4896362841975,0.921266861529256,3.416739099979168
saits,MAR,lightgbm,10,17,23.050072611800186,12.509688939473191,0.9211856240702252,3.684978100005537
saits,MAR,lightgbm,10,18,22.95324477044193,12.508903172269436,0.9218463939619468,3.626962800015463
saits,MAR,lightgbm,10,19,22.963122119842144,12.491333484081986,0.9217791166269864,3.5490530999959446
saits,MAR,lightgbm,10,20,23.04418084063614,12.51541943055658,0.9212259100102104,3.3457190000044648
saits,MAR,lightgbm,10,21,23.026861234086837,12.497945050353737,0.921344275991506,4.747131500014802
saits,MAR,lightgbm,10,22,23.061641742336263,12.516577486087195,0.9211064882996618,4.388738499983447
saits,MAR,lightgbm,10,23,23.19143726606884,12.544638356671456,0.920215932350822,3.447672899987083
saits,MAR,lightgbm,10,24,23.04987889805619,12.487892425795131,0.921186948783075,3.372306999983266
saits,MAR,lightgbm,10,25,22.96145723510957,12.484001478924297,0.9217904586416182,3.8263469000230543
saits,MAR,lightgbm,10,26,23.021867015957973,12.51320013272216,0.9213783910399852,3.5192226999788545
saits,MAR,lightgbm,10,27,22.964002473566552,12.499211330928654,0.9217731188915173,3.283733999996912
saits,MAR,lightgbm,10,28,23.057422963792163,12.487704708993352,0.9211353504088432,3.660080000001472
saits,MAR,lightgbm,10,29,23.004701566758644,12.490300048995543,0.921495590231682,3.987529399979394
saits,MAR,lightgbm,10,30,23.063631883682376,12.530784865462628,0.9210928712279882,3.3726676999940537
saits,MAR,lightgbm,20,1,23.4453310761753,12.815858344556505,0.9184594596390294,4.618154499999946
saits,MAR,lightgbm,20,2,23.45295869921169,12.825271243653264,0.9184063947729136,4.534928500012029
saits,MAR,lightgbm,20,3,23.46178414953489,12.811393498721973,0.9183449751620836,3.651786100002937
saits,MAR,lightgbm,20,4,23.466023949652097,12.810611174098131,0.91831546058955,3.609325199999148
saits,MAR,lightgbm,20,5,23.37700651855296,12.808797804635706,0.9189340192418004,4.141183900006581
saits,MAR,lightgbm,20,6,23.45910659581756,12.80092479215318,0.9183636117020928,3.7671994999982417
saits,MAR,lightgbm,20,7,23.631177457190077,12.84052028662144,0.9171616254834244,3.5035169999755453
saits,MAR,lightgbm,20,8,23.47357023436953,12.841271113915523,0.9182629153516246,3.609368099976564
saits,MAR,lightgbm,20,9,23.4270981479266,12.798432096685945,0.9185862349633614,3.3943578000180423
saits,MAR,lightgbm,20,10,23.518182557985924,12.851530182250231,0.9179519318611218,3.591460499999812
saits,MAR,lightgbm,20,11,23.41045227694509,12.826479339318086,0.918701889199148,5.219822099985322
saits,MAR,lightgbm,20,12,23.42332118025869,12.795614965319736,0.9186124842554116,4.522879600001033
saits,MAR,lightgbm,20,13,23.414603200874343,12.818360463867908,0.9186730565916126,3.3957318000029773
saits,MAR,lightgbm,20,14,23.56089965267464,12.83687067130087,0.9176536062488256,3.4757238999882247
saits,MAR,lightgbm,20,15,23.32081777329184,12.807119609742555,0.919323249707801,3.585076500021387
saits,MAR,lightgbm,20,16,23.523879934510376,12.820988713895334,0.9179121740815366,3.627804299991112
saits,MAR,lightgbm,20,17,23.68012746158959,12.851004580728947,0.9168180845373674,3.404040399997029
saits,MAR,lightgbm,20,18,23.452855357216677,12.826574322513586,0.9184071138316452,4.023480300005758
saits,MAR,lightgbm,20,19,23.41692654661733,12.807668083863142,0.9186569162384683,3.370256399997743
saits,MAR,lightgbm,20,20,23.52014012944064,12.85296131202292,0.9179382725028596,3.615069699997548
saits,MAR,lightgbm,20,21,23.40201829539951,12.795354363435758,0.9187604564790098,4.653264499997022
saits,MAR,lightgbm,20,22,23.507089115985405,12.84753629589846,0.9180293171620432,4.529229000007035
saits,MAR,lightgbm,20,23,23.61191695001787,12.881464978230747,0.917296604699114,3.468886999995448
saits,MAR,lightgbm,20,24,23.555811631626216,12.823667067437572,0.9176891681289796,3.489749700005632
saits,MAR,lightgbm,20,25,23.52234651755176,12.819471476342516,0.9179228756122448,4.019473899999866
saits,MAR,lightgbm,20,26,23.46098109890625,12.828965046545049,0.9183505648475389,3.941553299984662
saits,MAR,lightgbm,20,27,23.555345676467063,12.854735173865343,0.9176924244614748,3.575093499996001
saits,MAR,lightgbm,20,28,23.602821128362592,12.858452184024909,0.917360310703418,3.724020900001051
saits,MAR,lightgbm,20,29,23.440904506264594,12.801281999635789,0.918490247076186,3.375571800017497
saits,MAR,lightgbm,20,30,23.578537054068853,12.882080112631613,0.9175302730962736,3.623571200005245
saits,MAR,lightgbm,30,1,23.77412122124652,13.043495885281956,0.9161564244033876,4.630872399982764
saits,MAR,lightgbm,30,2,23.594878975277044,13.006139753995589,0.9174159164832344,4.322013900004095
saits,MAR,lightgbm,30,3,23.694442211382132,13.041104601189332,0.9167174864126733,3.5125468999904115
saits,MAR,lightgbm,30,4,23.67656120471063,13.048822456615268,0.916843137252216,3.781782199977897
saits,MAR,lightgbm,30,5,23.661183047744775,13.030838661530057,0.9169511245549984,4.505224799999269
saits,MAR,lightgbm,30,6,23.61360869205585,13.01459725274511,0.9172847532409684,3.839008599985391
saits,MAR,lightgbm,30,7,23.83759948270964,13.074853443544615,0.915708092394612,3.979246899980353
saits,MAR,lightgbm,30,8,23.702401187684483,13.049996469031752,0.9166615277308112,3.342911899992032
saits,MAR,lightgbm,30,9,23.60963668661314,13.015084168919197,0.9173125776859796,3.76232350000646
saits,MAR,lightgbm,30,10,23.64793493462012,13.062276008937928,0.9170440981714972,3.419591000012588
saits,MAR,lightgbm,30,11,23.67182419099781,13.02612555058021,0.9168764086204751,4.682627700007288
saits,MAR,lightgbm,30,12,23.64692181964397,13.03875079024326,0.917051205943609,4.452605000027688
saits,MAR,lightgbm,30,13,23.78331399686208,13.042708425429792,0.9160915720217052,3.659282999986317
saits,MAR,lightgbm,30,14,23.778430472117236,13.031130486399723,0.9161260270025906,3.39463359999354
saits,MAR,lightgbm,30,15,23.735202210809376,13.05896219053333,0.9164307090388164,3.885112999996636
saits,MAR,lightgbm,30,16,23.76198806713805,13.04399090088545,0.9162419819243044,3.689656600006856
saits,MAR,lightgbm,30,17,23.662437305159948,13.044988808308934,0.9169423196335816,3.369720499991672
saits,MAR,lightgbm,30,18,23.671582283473374,13.050318607968046,0.9168781075279449,3.5412077000073623
saits,MAR,lightgbm,30,19,23.6822761103797,13.006049378722809,0.9168029886025244,3.575314400019124
saits,MAR,lightgbm,30,20,23.74807478328265,13.081266598715548,0.9163400383584488,3.911523800023133
saits,MAR,lightgbm,30,21,23.53526260889245,13.002590446707543,0.9178327139705164,4.8712630000081845
saits,MAR,lightgbm,30,22,23.75166782806598,13.078133157372594,0.9163147212132752,4.575306299986551
saits,MAR,lightgbm,30,23,23.691793062635345,13.070562521913915,0.9167361081156808,3.4031624000053853
saits,MAR,lightgbm,30,24,23.62952268033832,13.033262228125423,0.9171732266171678,3.6318227000010666
saits,MAR,lightgbm,30,25,23.712230235915204,13.042249702999548,0.9165923948442888,3.666211700008717
saits,MAR,lightgbm,30,26,23.924587581141505,13.06221350294383,0.9150917743434396,3.897873600013554
saits,MAR,lightgbm,30,27,23.70859842536049,13.044344360497892,0.9166179426244664,3.364904399990337
saits,MAR,lightgbm,30,28,23.752268983546,13.039800882699488,0.9163104850054477,3.4160932000086177
saits,MAR,lightgbm,30,29,23.73290716550161,13.040499124850957,0.9164468695109024,3.405747800017707
saits,MAR,lightgbm,30,30,23.767448678509037,13.0591396682526,0.9162034815650368,3.3743375999911223
saits,MAR,lightgbm,40,1,24.22426919320612,13.584947290254672,0.9129513153037114,4.850236199999927
saits,MAR,lightgbm,40,2,24.1814126778619,13.570392007876638,0.9132590482843628,4.728762999991886
saits,MAR,lightgbm,40,3,24.169846142556334,13.562733161454332,0.9133420088909028,3.4254598999978043
saits,MAR,lightgbm,40,4,24.24682559145214,13.607372127093097,0.9127891292793848,3.4710833999852184
saits,MAR,lightgbm,40,5,24.305516496013936,13.611665989399938,0.9123664199501436,4.041132400016068
saits,MAR,lightgbm,40,6,24.326252494819936,13.623767244537223,0.9122168288100956,3.412477100006072
saits,MAR,lightgbm,40,7,24.30228921213165,13.616313510440444,0.9123896903599032,3.3943280999956187
saits,MAR,lightgbm,40,8,24.259715051805312,13.623664195478732,0.9126963831309198,3.663214200001676
saits,MAR,lightgbm,40,9,24.276819124806643,13.59375777041865,0.9125732346246236,3.4176204999967013
saits,MAR,lightgbm,40,10,24.383995793515187,13.64620638374384,0.9117995918439756,3.385431400005473
saits,MAR,lightgbm,40,11,24.06209978491374,13.59066479435902,0.9141129092130568,4.718392999988282
saits,MAR,lightgbm,40,12,24.15248995048245,13.593530983511702,0.9134664211610388,4.591921099985484
saits,MAR,lightgbm,40,13,24.34884646607434,13.63028630897681,0.9120536888843,3.484905000019353
saits,MAR,lightgbm,40,14,24.289166525705333,13.628774996103086,0.9124842799855788,3.653527999995276
saits,MAR,lightgbm,40,15,24.21185219147953,13.600358712335092,0.9130405321661126,3.6900955000019167
saits,MAR,lightgbm,40,16,24.27869546273985,13.60530360210437,0.9125597197984217,3.6405637999996543
saits,MAR,lightgbm,40,17,24.38857679819178,13.634127286754032,0.9117664484297764,3.4541120000067167
saits,MAR,lightgbm,40,18,24.32170362348703,13.60498988463747,0.9122496556514892,3.8910029999969993
saits,MAR,lightgbm,40,19,24.25999870689803,13.572470547042284,0.9126943415356034,3.565665899979649
saits,MAR,lightgbm,40,20,24.451923320621543,13.65160551691626,0.9113075001715784,3.646640999999363
saits,MAR,lightgbm,40,21,24.35045778652926,13.610956602664665,0.9120420485481422,4.963627700024517
saits,MAR,lightgbm,40,22,24.31663384657345,13.635126322297078,0.9122862343641084,4.664205300010508
saits,MAR,lightgbm,40,23,24.39846861010486,13.67226987790135,0.9116948602676588,3.524515800003428
saits,MAR,lightgbm,40,24,24.299287928353927,13.59561508638643,0.912411328417314,4.201134900009492
saits,MAR,lightgbm,40,25,24.312790520668177,13.594194467036052,0.9123139590852976,3.819731700001285
saits,MAR,lightgbm,40,26,24.15757857552904,13.61214535461882,0.913429954252304,3.661475300003076
saits,MAR,lightgbm,40,27,24.22870497129376,13.60821331052373,0.9129194328970524,3.3309669999871403
saits,MAR,lightgbm,40,28,24.39699980957315,13.615569159094695,0.9117054919785406,3.822517499997048
saits,MAR,lightgbm,40,29,24.298628761619312,13.596583012066093,0.9124160803882946,3.536412899993593
saits,MAR,lightgbm,40,30,24.37560575316566,13.645479424857374,0.9118602773591106,3.445066999993287
saits,MAR,lightgbm,50,1,24.465763868675783,13.684262180387275,0.911207066336061,4.870455899974331
saits,MAR,lightgbm,50,2,24.441992824771308,13.672993370750376,0.9113795257248458,4.6095058000064455
saits,MAR,lightgbm,50,3,24.36546770390476,13.65060991197125,0.9119335784321512,3.451636200014036
saits,MAR,lightgbm,50,4,24.49268170723064,13.69580443629602,0.9110115744889882,3.7379497999791056
saits,MAR,lightgbm,50,5,24.537332914993332,13.67288271831524,0.910686819315196,3.522285300015937
saits,MAR,lightgbm,50,6,24.41729370552222,13.688252509533475,0.9115585407291212,3.6558860999939498
saits,MAR,lightgbm,50,7,24.59225766727297,13.745711688680055,0.9102865317517116,3.4559200999792665
saits,MAR,lightgbm,50,8,24.46328230812328,13.71305271793263,0.9112250779434576,3.931481700012228
saits,MAR,lightgbm,50,9,24.43799947139348,13.674146303510508,0.9114084811347564,3.385314400016796
saits,MAR,lightgbm,50,10,24.530690171723165,13.737548949754997,0.9107351704725964,3.377021199994488
saits,MAR,lightgbm,50,11,24.43405342269038,13.661989644560386,0.9114370888957434,4.809052699973108
saits,MAR,lightgbm,50,12,24.40091701794328,13.687201833292972,0.911677136381129,4.614579799992498
saits,MAR,lightgbm,50,13,24.465882228700416,13.713965086309802,0.9112062072123244,3.4587547999981325
saits,MAR,lightgbm,50,14,24.35488894946064,13.656313024975123,0.9120100334229858,3.687032799993176
saits,MAR,lightgbm,50,15,24.362571960301228,13.689721286974308,0.911954509909937,3.885571799997706
saits,MAR,lightgbm,50,16,24.39457034219092,13.668112543165304,0.91172307593956,3.700488200003747
saits,MAR,lightgbm,50,17,24.5757244129862,13.710415078425806,0.910407119052872,3.579966799996328
saits,MAR,lightgbm,50,18,24.53440731397772,13.720607313050843,0.9107081157744208,3.922198099986417
saits,MAR,lightgbm,50,19,24.354361962491684,13.670142351468064,0.9120138412058266,3.4011843999905977
saits,MAR,lightgbm,50,20,24.54084462253529,13.734321561001616,0.9106612530309536,3.638575399992988
saits,MAR,lightgbm,50,21,24.391055312487232,13.67382356882836,0.9117485138669752,4.883175499999197
saits,MAR,lightgbm,50,22,24.38992879575013,13.698715498690618,0.9117566655831773,4.856696700007888
saits,MAR,lightgbm,50,23,24.586027163891828,13.747790017257165,0.910331984208166,3.775437999982387
saits,MAR,lightgbm,50,24,24.508343348334105,13.685370333027343,0.910897732289442,4.012013900006423
saits,MAR,lightgbm,50,25,24.32970626742472,13.66652065110004,0.9121919006273084,4.067382500012172
saits,MAR,lightgbm,50,26,24.395537729580365,13.7051502371697,0.9117160744080568,3.615189900010592
saits,MAR,lightgbm,50,27,24.53142738150727,13.715893503187148,0.9107298051205353,3.5857065000163857
saits,MAR,lightgbm,50,28,24.490774737444013,13.69591791064599,0.9110254310061788,3.488493799988646
saits,MAR,lightgbm,50,29,24.27574653486605,13.664638306246832,0.9125809597715692,3.4563366000074893
saits,MAR,lightgbm,50,30,24.71678635535544,13.75371548306578,0.9093756608239268,3.353060599998571
saits,MAR,xgboost,10,1,23.144466648707247,12.43117674988616,0.9205387852966332,12.677378399996089
saits,MAR,xgboost,10,2,23.152832470999645,12.40110950115401,0.9204813306528464,9.786335399985546
saits,MAR,xgboost,10,3,23.07206685056501,12.439128780566673,0.921035143916775,10.0220765999984
saits,MAR,xgboost,10,4,23.24252794367512,12.430974086743204,0.9198640169447152,8.623795999999857
saits,MAR,xgboost,10,5,23.24334404886295,12.485556696838726,0.9198583892832292,8.334773800015682
saits,MAR,xgboost,10,6,23.020449779147903,12.40741586831235,0.9213880707074515,8.99076420001802
saits,MAR,xgboost,10,7,23.175847142534057,12.451409138251307,0.9203231637723326,8.53120399999898
saits,MAR,xgboost,10,8,23.113554440185894,12.431098081478297,0.9207509034948694,8.543205299996771
saits,MAR,xgboost,10,9,23.156239654451603,12.446791763576218,0.9204579249092848,8.346411300008185
saits,MAR,xgboost,10,10,23.248648287726738,12.46867917925221,0.9198218077354916,8.147377800021786
saits,MAR,xgboost,10,11,23.247254254432946,12.473684132740717,0.9198314227218828,9.704713899991477
saits,MAR,xgboost,10,12,23.05817223021297,12.431547023812694,0.9211302248062192,9.793622299999695
saits,MAR,xgboost,10,13,23.30412256234,12.480536466856142,0.9194387202075462,9.431080500013197
saits,MAR,xgboost,10,14,23.242574773961348,12.42453549985237,0.9198636940198756,8.933196900004987
saits,MAR,xgboost,10,15,23.17948163001077,12.413699294182134,0.920298171618362,8.253189000010025
saits,MAR,xgboost,10,16,23.12967989839241,12.43594945623464,0.9206402866896464,8.649756899976637
saits,MAR,xgboost,10,17,23.23575927989912,12.438273134479436,0.919910684376626,8.522431099991081
saits,MAR,xgboost,10,18,23.134041554964263,12.448915709070166,0.9206103535082872,8.071101799985627
saits,MAR,xgboost,10,19,23.14646494119604,12.438498994680469,0.9205250633469576,8.10865229999763
saits,MAR,xgboost,10,20,23.28278749065814,12.441621304990022,0.9195861614078972,8.990459399996325
saits,MAR,xgboost,10,21,23.246981124775463,12.457905506651509,0.9198333064959564,9.368831700005105
saits,MAR,xgboost,10,22,23.21697622074528,12.456941980110011,0.920040115423946,9.653585699998075
saits,MAR,xgboost,10,23,23.255059526218545,12.457282708245488,0.9197775804424254,8.547896800009767
saits,MAR,xgboost,10,24,23.12926816791364,12.386417530703106,0.9206431120224722,8.727632699999958
saits,MAR,xgboost,10,25,23.21526571208402,12.450333929153729,0.9200518970647148,8.469990799989318
saits,MAR,xgboost,10,26,23.182023364217752,12.445839648967668,0.920280691333536,8.331867100001546
saits,MAR,xgboost,10,27,23.077564064947754,12.415156917100974,0.9209975106645174,9.356367600004887
saits,MAR,xgboost,10,28,23.127542362941615,12.43025174311473,0.9206549541094218,9.380250399990471
saits,MAR,xgboost,10,29,23.1554742885402,12.433777195126051,0.9204631829121052,8.220144599996274
saits,MAR,xgboost,10,30,23.049240716512774,12.410644212596292,0.9211913129134554,9.052484100015135
saits,MAR,xgboost,20,1,23.591694546921698,12.744760960477969,0.9174382065192268,9.85679010002059
saits,MAR,xgboost,20,2,23.601406228227468,12.743488753145533,0.9173702182820294,8.499071400001412
saits,MAR,xgboost,20,3,23.57888083424454,12.749700159231656,0.9175278682257914,7.465051000006497
saits,MAR,xgboost,20,4,23.465829128690007,12.717934604710765,0.9183168169160012,8.107558700023219
saits,MAR,xgboost,20,5,23.5338081447911,12.785659753274585,0.9178428694276294,7.463238099997397
saits,MAR,xgboost,20,6,23.506602608877834,12.7102943480743,0.9180327100880616,7.229884100001072
saits,MAR,xgboost,20,7,23.432501473964283,12.739023508515304,0.918548675394996,7.230830200016499
saits,MAR,xgboost,20,8,23.57802953821369,12.754343935721325,0.9175338232947808,7.744389200001024
saits,MAR,xgboost,20,9,23.577850489968057,12.742613892504476,0.9175350757631582,7.573550599976443
saits,MAR,xgboost,20,10,23.453905490197315,12.769168135874176,0.9183998068067444,7.356663399987156
saits,MAR,xgboost,20,11,23.627734255692054,12.812801089720896,0.9171857638012004,8.176095000002533
saits,MAR,xgboost,20,12,23.58497506306683,12.764944148736776,0.91748523100328,9.362811600003624
saits,MAR,xgboost,20,13,23.594296758597736,12.76931482124813,0.9174199920487582,7.659208199998829
saits,MAR,xgboost,20,14,23.590925086405814,12.74055666108978,0.9174435920589616,7.536014899989823
saits,MAR,xgboost,20,15,23.6633497783548,12.731873203603865,0.9169359137534724,7.145301300013671
saits,MAR,xgboost,20,16,23.519341928229643,12.715129389633884,0.9179438422535872,7.202380000002449
saits,MAR,xgboost,20,17,23.65643605010912,12.74917990562788,0.9169844443825264,7.286903800006257
saits,MAR,xgboost,20,18,23.53512262853663,12.75846126132747,0.9178336913780704,7.243725200009067
saits,MAR,xgboost,20,19,23.642949161684832,12.75081612820165,0.91707907422256,7.093340099992929
saits,MAR,xgboost,20,20,23.461638393671464,12.721780738631765,0.91834598971934,7.944332999992184
saits,MAR,xgboost,20,21,23.537577960001357,12.737154579251474,0.9178165462754284,8.416676399996504
saits,MAR,xgboost,20,22,23.49789603468884,12.757380439714224,0.9180934183186727,8.073374600004172
saits,MAR,xgboost,20,23,23.607318387475008,12.76280797133816,0.9173288155274106,7.612715600000229
saits,MAR,xgboost,20,24,23.502656155730385,12.714032999949248,0.9180602302636132,9.404949099989608
saits,MAR,xgboost,20,25,23.556937312543496,12.760936587435522,0.9176813010303562,7.137034100014716
saits,MAR,xgboost,20,26,23.616772794356567,12.737931552297804,0.9172625849192584,7.380609999992885
saits,MAR,xgboost,20,27,23.48306676264057,12.72463335881495,0.9181967664410078,8.417852600017795
saits,MAR,xgboost,20,28,23.818694429836967,12.762398395902313,0.9158417393308316,7.84972729999572
saits,MAR,xgboost,20,29,23.55019209447479,12.774705345942094,0.9177284360269796,7.221707099990454
saits,MAR,xgboost,20,30,23.42928970138046,12.720566169697136,0.9185710020939424,7.695550200005528
saits,MAR,xgboost,30,1,23.56482652778004,12.93514219045737,0.917626154754544,8.487622099986766
saits,MAR,xgboost,30,2,23.648740307367973,12.92807851272514,0.9170384476518668,8.377356099983444
saits,MAR,xgboost,30,3,23.56475313014561,12.942498977541543,0.9176266678952588,7.709542900003726
saits,MAR,xgboost,30,4,23.61329140182088,12.928970846288996,0.9172869760747672,7.748531799996272
saits,MAR,xgboost,30,5,23.62967271690735,12.98242329253232,0.9171721747902204,8.375409299973398
saits,MAR,xgboost,30,6,23.66297931723753,12.943035477043848,0.9169385145495228,7.172038699995028
saits,MAR,xgboost,30,7,23.57692666423063,12.930675938516668,0.9175415379066836,7.37268739999854
saits,MAR,xgboost,30,8,23.640094172412613,12.945723712988524,0.9170990991406294,7.540955800010124
saits,MAR,xgboost,30,9,23.645525571381047,12.947044999263111,0.917061001188102,8.010476399998879
saits,MAR,xgboost,30,10,23.820055947243738,12.98043270311969,0.9158321177949376,7.354546600021422
saits,MAR,xgboost,30,11,23.80213898980152,13.012481429176514,0.9159586888837128,8.777198800002225
saits,MAR,xgboost,30,12,23.607854817581504,12.939281052507791,0.9173250584029956,8.57502590000513
saits,MAR,xgboost,30,13,23.704205698684586,12.968625993835492,0.9166488378000898,9.281281300005505
saits,MAR,xgboost,30,14,23.69357762451176,12.961692390259994,0.916723564095654,8.573540900018997
saits,MAR,xgboost,30,15,23.689268977613576,12.9281325154171,0.9167538487692882,7.444350399979157
saits,MAR,xgboost,30,16,23.599017046014456,12.936044056470283,0.9173869467439264,7.304671199992299
saits,MAR,xgboost,30,17,23.67863104914205,12.929471033472083,0.9168285971936838,7.505659199989168
saits,MAR,xgboost,30,18,23.837524324394018,12.991422048694952,0.9157086239269764,7.42992399999639
saits,MAR,xgboost,30,19,23.6417440906615,12.93165489060406,0.9170875268954998,7.102180799993221
saits,MAR,xgboost,30,20,23.533619765626486,12.9105823854883,0.9178441846953996,7.4006106999877375
saits,MAR,xgboost,30,21,23.67280453808633,12.936900837892578,0.9168695235019008,10.55786739999894
saits,MAR,xgboost,30,22,23.66936404977322,12.970777752437076,0.916893685290488,8.771499400027096
saits,MAR,xgboost,30,23,23.68690957489929,12.952123624856892,0.9167704302361352,7.898780299990904
saits,MAR,xgboost,30,24,23.714565651062948,12.9426278855408,0.9165759644220912,8.680786200013245
saits,MAR,xgboost,30,25,23.58867372002396,12.93156841637679,0.9174593486138144,9.106650500005344
saits,MAR,xgboost,30,26,23.59321491651428,12.946877300773156,0.9174275647669112,8.578962700004922
saits,MAR,xgboost,30,27,23.625644641774677,12.915093572128791,0.9172004111750424,9.038562500005357
saits,MAR,xgboost,30,28,23.662035089879005,12.931895339536556,0.9169451432467102,11.95936179999262
saits,MAR,xgboost,30,29,23.749677817381382,12.971915276696514,0.9163287436072952,11.425833599991163
saits,MAR,xgboost,30,30,23.617469440279912,12.941577798015231,0.9172577036822208,8.504836700012675
saits,MAR,xgboost,40,1,24.1607067062308,13.462816834965055,0.9134075331350534,10.089489000005416
saits,MAR,xgboost,40,2,24.35766861928416,13.489343060352784,0.9119899473521572,9.989047400013078
saits,MAR,xgboost,40,3,24.43113604540853,13.5447403674644,0.9114582361033624,8.56322129999171
saits,MAR,xgboost,40,4,24.45503289841905,13.528315666047694,0.9112849404930362,9.562772500008576
saits,MAR,xgboost,40,5,24.57861079336105,13.5874599244089,0.9103860727296812,8.594271900015883
saits,MAR,xgboost,40,6,24.375652035129864,13.501924989961363,0.9118599426569988,8.98878759998479
saits,MAR,xgboost,40,7,24.48382920029055,13.541559756242483,0.9110758898873575,8.319704599998659
saits,MAR,xgboost,40,8,24.391304702350457,13.531009846081329,0.9117467091776502,10.1042843000032
saits,MAR,xgboost,40,9,24.345158158596533,13.527200819371291,0.9120803306777616,7.949262399983127
saits,MAR,xgboost,40,10,24.367155519846083,13.53950618267398,0.9119213771429966,7.899747200019192
saits,MAR,xgboost,40,11,24.337623574203214,13.562605301454838,0.9121347427834472,9.475139700021828
saits,MAR,xgboost,40,12,24.282851661274456,13.503380867378391,0.9125297799467252,9.401002900005553
saits,MAR,xgboost,40,13,24.484684583813745,13.54956945699144,0.9110696763537884,8.55219109999598
saits,MAR,xgboost,40,14,24.34780240428037,13.506199588701415,0.9120612308772944,8.148828699981095
saits,MAR,xgboost,40,15,24.53943621491884,13.521311041816384,0.910671507100284,7.983344100008253
saits,MAR,xgboost,40,16,24.494489362342605,13.526082733721088,0.9109984386208734,7.847680699982447
saits,MAR,xgboost,40,17,24.39213315964089,13.513561907159826,0.911740713981842,10.206754300015746
saits,MAR,xgboost,40,18,24.54027102777954,13.551329982721604,0.910665429222822,8.63332329998957
saits,MAR,xgboost,40,19,24.41809014394804,13.52941349903008,0.911552771103198,8.067842600023141
saits,MAR,xgboost,40,20,24.400379981951733,13.521659601250256,0.911681024106712,8.990900300006615
saits,MAR,xgboost,40,21,24.37738801965985,13.528113576981715,0.9118473878974936,9.876746099995216
saits,MAR,xgboost,40,22,24.36961094349237,13.510938185633911,0.911903625277814,9.62508820000221
saits,MAR,xgboost,40,23,24.34128685773463,13.522818403955604,0.9121082899481489,8.345587099989643
saits,MAR,xgboost,40,24,24.497290202005654,13.509824714977944,0.910978083564559,9.096267899993109
saits,MAR,xgboost,40,25,24.42942513673292,13.494185324125258,0.9114706368011788,10.636286399996608
saits,MAR,xgboost,40,26,24.39104773673905,13.506552006484055,0.9117485686879676,10.236617799993835
saits,MAR,xgboost,40,27,24.46287642052849,13.525702969531752,0.9112280237738836,8.034914200019557
saits,MAR,xgboost,40,28,24.32332468010178,13.479078778348304,0.9122379580320444,7.828775200003292
saits,MAR,xgboost,40,29,24.490327669511395,13.519642089950493,0.9110286793569544,7.987532300001476
saits,MAR,xgboost,40,30,24.47948858101259,13.529610423559667,0.9111074169404756,8.161453799984884
saits,MAR,xgboost,50,1,24.514787990271834,13.559824786245356,0.910850865987442,9.846415100008016
saits,MAR,xgboost,50,2,24.61726879423093,13.57979247031593,0.9101039559181971,9.246046700020088
saits,MAR,xgboost,50,3,24.63840076710009,13.603527577117244,0.9099495524266398,8.568607799999882
saits,MAR,xgboost,50,4,24.465877067898308,13.5628098732616,0.91120624467242,8.483372099988628
saits,MAR,xgboost,50,5,24.813598793214307,13.65432726156015,0.9086643429744572,7.92811310000252
saits,MAR,xgboost,50,6,24.566705095032106,13.580092246525538,0.91047286835779,7.998270000010962
saits,MAR,xgboost,50,7,24.695221927325417,13.629326918119038,0.9095337242147982,8.12383100000443
saits,MAR,xgboost,50,8,24.67031596155077,13.604097359877237,0.909716108789932,8.90718690000358
saits,MAR,xgboost,50,9,24.74730178881152,13.620355413633302,0.9091517524190436,8.19489969999995
saits,MAR,xgboost,50,10,24.84027232019717,13.644856991252892,0.9084678738076832,7.946750200004317
saits,MAR,xgboost,50,11,24.61373575825347,13.62850762859386,0.9101297575755172,9.399412500002654
saits,MAR,xgboost,50,12,24.585607992333266,13.59474909402363,0.9103350417140632,9.485980199999176
saits,MAR,xgboost,50,13,24.73966665837941,13.62055612985401,0.90920780145613,8.742566100001568
saits,MAR,xgboost,50,14,24.489141843646287,13.586332745205038,0.9110372951615628,8.472028000018327
saits,MAR,xgboost,50,15,24.630569815227897,13.553759511006731,0.9100067857399576,8.637586400000146
saits,MAR,xgboost,50,16,24.562842250209727,13.565290491706564,0.9105010204625716,8.215407400013646
saits,MAR,xgboost,50,17,24.654892117317893,13.587789592224704,0.9098289642048988,8.1692866999947
saits,MAR,xgboost,50,18,24.88523594654261,13.627961487054334,0.9081362074614509,8.747345699986909
saits,MAR,xgboost,50,19,24.71094378236424,13.59520497219193,0.9094184994623676,7.880650000006426
saits,MAR,xgboost,50,20,24.615578605357623,13.56948469408689,0.9101162997796294,8.106768400000874
saits,MAR,xgboost,50,21,24.55996713634026,13.607811463179296,0.910521971189278,8.984967099997448
saits,MAR,xgboost,50,22,24.57192745130457,13.579082266385637,0.9104348012038548,9.859017099981427
saits,MAR,xgboost,50,23,24.68325055774213,13.61083488602399,0.9096214126530016,8.915880400018068
saits,MAR,xgboost,50,24,24.456170724090224,13.554366549915809,0.9112766849637282,8.593554899998708
saits,MAR,xgboost,50,25,24.500828143031605,13.547154016987204,0.910952368309452,8.256839100009529
saits,MAR,xgboost,50,26,24.645492404191145,13.590515791253353,0.9098977067728145,9.166431199992076
saits,MAR,xgboost,50,27,24.529795485411288,13.569881505739126,0.9107416817092674,10.788700500008416
saits,MAR,xgboost,50,28,24.49008358437662,13.560997788464617,0.9110304528300464,8.579301199992187
saits,MAR,xgboost,50,29,24.61927355060836,13.605794389861254,0.9100893135947568,8.467507299996214
saits,MAR,xgboost,50,30,24.480053608800677,13.576131535231848,0.9111033133123236,8.020936599990819
saits,MCAR,lightgbm,10,1,23.09757307050965,12.52955378482964,0.9208604557717208,5.679860700009158
saits,MCAR,lightgbm,10,2,23.19751582782845,12.532867786787708,0.9201741034694462,5.182256200001575
saits,MCAR,lightgbm,10,3,23.111465576129724,12.524423906302069,0.920765226961156,4.498959299991839
saits,MCAR,lightgbm,10,4,23.13909862746338,12.533102604558623,0.9205756407601098,4.457750700006727
saits,MCAR,lightgbm,10,5,23.066206045857207,12.50233304547088,0.9210752563889668,3.9714520999987135
saits,MCAR,lightgbm,10,6,23.09187986142845,12.511077685954511,0.9208994644106442,3.961013299995102
saits,MCAR,lightgbm,10,7,23.346682217851352,12.594215661060566,0.9191441979710882,4.250227999989875
saits,MCAR,lightgbm,10,8,23.22898111091147,12.533187664657174,0.9199574037223902,4.159808199998224
saits,MCAR,lightgbm,10,9,23.140077992919142,12.519020596306753,0.920568917324493,3.884915700007696
saits,MCAR,lightgbm,10,10,23.27682196264116,12.558063723971284,0.9196273634805756,4.032887799985474
saits,MCAR,lightgbm,10,11,23.229473272711104,12.550773670710582,0.9199540118968624,5.337501600006362
saits,MCAR,lightgbm,10,12,23.207196863343285,12.535765537918524,0.920107461972048,5.204524000000674
saits,MCAR,lightgbm,10,13,23.132586741332677,12.54726555592633,0.920620338232146,4.827195799996844
saits,MCAR,lightgbm,10,14,23.156776385484296,12.52748170741666,0.9204542375061898,4.467726800008677
saits,MCAR,lightgbm,10,15,23.043649336890176,12.529340485898931,0.9212295437467588,4.152550700004213
saits,MCAR,lightgbm,10,16,23.119246041864816,12.50337080086404,0.9207118692713048,4.760801600001287
saits,MCAR,lightgbm,10,17,23.17569221592717,12.55958724756384,0.9203242290210416,4.215349499980221
saits,MCAR,lightgbm,10,18,23.140470990828877,12.526348711052576,0.9205662192770148,4.037561400007689
saits,MCAR,lightgbm,10,19,23.118290656626897,12.522446033182735,0.9207184221791576,4.72888320000493
saits,MCAR,lightgbm,10,20,23.3127644671786,12.596595681198576,0.9193789597940146,4.045010600006208
saits,MCAR,lightgbm,10,21,23.16980690893041,12.526812316504714,0.9203646901066488,5.208723899995675
saits,MCAR,lightgbm,10,22,23.145147668912827,12.539478053444654,0.920534108974664,5.524698900000658
saits,MCAR,lightgbm,10,23,23.381616859426853,12.600920072167485,0.9189020409251264,4.3991883999842685
saits,MCAR,lightgbm,10,24,23.211372165689166,12.52079362863557,0.9200787117950332,4.267234800005099
saits,MCAR,lightgbm,10,25,23.172457204434853,12.512925839658866,0.920346470777019,4.149875299975975
saits,MCAR,lightgbm,10,26,23.128535719597696,12.533500063801656,0.9206481380265982,4.012252599990461
saits,MCAR,lightgbm,10,27,23.11494868734724,12.554078124511827,0.9207413423379578,4.663982600002782
saits,MCAR,lightgbm,10,28,23.18899220658381,12.531372247325518,0.9202327546379192,3.999720799998613
saits,MCAR,lightgbm,10,29,23.146601419908063,12.527374480425063,0.9205241261266088,4.400313999998616
saits,MCAR,lightgbm,10,30,23.279751833834897,12.59487142535114,0.9196071290780444,4.4369786999886855
saits,MCAR,lightgbm,20,1,23.54116260529869,12.900965652804796,0.9177915121819212,5.175436000019545
saits,MCAR,lightgbm,20,2,23.54198887418565,12.857593009880402,0.917785741225836,5.736472400021739
saits,MCAR,lightgbm,20,3,23.42836319925851,12.85591114502036,0.9185774421225223,4.193092499976046
saits,MCAR,lightgbm,20,4,23.54562862188905,12.882609764847883,0.9177603175206988,3.9487461000098847
saits,MCAR,lightgbm,20,5,23.52880312153301,12.888191726368955,0.9178778110419448,3.953861300018616
saits,MCAR,lightgbm,20,6,23.60519441239584,12.881256958776977,0.917343690883741,4.660315700020874
saits,MCAR,lightgbm,20,7,23.67694082906677,12.914856513112593,0.9168404705960842,4.068983500008471
saits,MCAR,lightgbm,20,8,23.70920799975517,12.885056756270922,0.9166136548787588,4.0836912999802735
saits,MCAR,lightgbm,20,9,23.590238324489007,12.855522303119336,0.9174483986336508,4.85459170001559
saits,MCAR,lightgbm,20,10,23.623366223528414,12.888594181212667,0.9172163805168464,4.862619799998356
saits,MCAR,lightgbm,20,11,23.5503828008001,12.87851093765818,0.9177271035732056,4.98246780000045
saits,MCAR,lightgbm,20,12,23.67324586427426,12.886415797780677,0.9168664239115492,5.361064400000032
saits,MCAR,lightgbm,20,13,23.424562042008347,12.85684097111382,0.9186038609411152,3.969309999985853
saits,MCAR,lightgbm,20,14,23.5300238770528,12.85646772454757,0.9178692892556358,4.302312500018161
saits,MCAR,lightgbm,20,15,23.539814482264852,12.86709322141652,0.9178009275183272,4.2050394999969285
saits,MCAR,lightgbm,20,16,23.63456987047201,12.88082686530976,0.9171378397728932,4.02830800000811
saits,MCAR,lightgbm,20,17,23.69544883963717,12.917567090511838,0.9167104099589308,4.854558699997142
saits,MCAR,lightgbm,20,18,23.643316621893717,12.884256345544928,0.9170764966780004,4.076128999993671
saits,MCAR,lightgbm,20,19,23.56570924903953,12.879830887518066,0.9176199833103172,4.309755499998573
saits,MCAR,lightgbm,20,20,23.656419276179413,12.915328769706438,0.9169845621091864,4.217127899988554
saits,MCAR,lightgbm,20,21,23.70230665584866,12.886859592482422,0.9166621924839732,5.736522499995772
saits,MCAR,lightgbm,20,22,23.672496716484893,12.904111361016168,0.916871685407981,5.53967470000498
saits,MCAR,lightgbm,20,23,23.70661717733195,12.950584699996622,0.9166318779597572,4.614706299995305
saits,MCAR,lightgbm,20,24,23.655355629267763,12.885663451516931,0.9169920270706444,4.405092799977865
saits,MCAR,lightgbm,20,25,23.57063461786707,12.859026201254398,0.9175855439166902,4.111025999998674
saits,MCAR,lightgbm,20,26,23.565825162047947,12.87439414243128,0.9176191729006706,4.542999199999031
saits,MCAR,lightgbm,20,27,23.5699940651501,12.878473940488403,0.917590023226416,3.953021399996942
saits,MCAR,lightgbm,20,28,23.527691354802343,12.882194424121218,0.9178855716203324,4.236604300007457
saits,MCAR,lightgbm,20,29,23.670856138859147,12.895352959893405,0.9168832071100552,4.852452899998752
saits,MCAR,lightgbm,20,30,23.710175296471817,12.931622777719568,0.9166068506883164,6.285885199991753
saits,MCAR,lightgbm,30,1,23.799107366468373,13.07955248607148,0.915980095814776,5.47720299998764
saits,MCAR,lightgbm,30,2,23.877204848053594,13.083758285119323,0.9154277634019364,5.238045500009321
saits,MCAR,lightgbm,30,3,23.787567459239785,13.079577059855312,0.9160615565868376,4.641448200010927
saits,MCAR,lightgbm,30,4,23.83216114117544,13.092381441465427,0.9157465489423474,4.308403600007296
saits,MCAR,lightgbm,30,5,23.787926292583503,13.084954877753162,0.9160590241598,4.413079100020696
saits,MCAR,lightgbm,30,6,23.77107745231245,13.063186976695066,0.9161778917907086,5.6426433000015095
saits,MCAR,lightgbm,30,7,24.009311065400585,13.133804632041182,0.9144893432120236,4.175610400008736
saits,MCAR,lightgbm,30,8,23.789154917371576,13.105823025452242,0.916050352985548,4.306636699999217
saits,MCAR,lightgbm,30,9,23.88810124733221,13.10395359369953,0.9153505564478398,3.94561700001941
saits,MCAR,lightgbm,30,10,23.776111941477534,13.096436380018462,0.9161423825728886,4.378319899988128
saits,MCAR,lightgbm,30,11,23.81481000732941,13.090902744938315,0.9158691866442424,5.35995750001166
saits,MCAR,lightgbm,30,12,23.85015890229864,13.094617964282213,0.915619246508426,5.096459299995331
saits,MCAR,lightgbm,30,13,23.812232862187,13.084211806610943,0.9158873942709538,4.523613099998329
saits,MCAR,lightgbm,30,14,23.91989528681092,13.08507327100567,0.9151250769292671,3.979935800016392
saits,MCAR,lightgbm,30,15,23.771097182962787,13.083027739640736,0.9161777526413244,4.787518199998885
saits,MCAR,lightgbm,30,16,23.755477895020107,13.060671998237336,0.9162878707124128,3.9928698999865446
saits,MCAR,lightgbm,30,17,23.799256022348224,13.094901381392765,0.915979046187864,4.473613400012255
saits,MCAR,lightgbm,30,18,23.767737672697837,13.09775218925508,0.9162014437481532,4.168823400017573
saits,MCAR,lightgbm,30,19,23.79199396874073,13.0799106895118,0.9160303143096908,4.079359600000316
saits,MCAR,lightgbm,30,20,23.819679946026582,13.100327820823727,0.9158347749655544,5.086083999980474
saits,MCAR,lightgbm,30,21,23.82359799147428,13.07376080314484,0.9158070843921672,16.19539349997649
saits,MCAR,lightgbm,30,22,23.923081052080303,13.097414516364672,0.9151024673329512,13.44474160001846
saits,MCAR,lightgbm,30,23,23.806225410874298,13.101721971448304,0.9159298294887436,7.0589327000197954
saits,MCAR,lightgbm,30,24,23.76440820226365,13.073127108781266,0.9162249197118574,4.623672400019132
saits,MCAR,lightgbm,30,25,23.74260684211728,13.059563124612817,0.916378558961838,4.0263341999962
saits,MCAR,lightgbm,30,26,23.720831310380024,13.077619021380723,0.9165318754308774,4.072738999995636
saits,MCAR,lightgbm,30,27,23.824302490042967,13.093477634513928,0.9158021049037156,4.11216799999238
saits,MCAR,lightgbm,30,28,23.93282564939691,13.100314218667874,0.915033290561126,5.360638400015887
saits,MCAR,lightgbm,30,29,23.831172900246983,13.087806553505224,0.9157535362215868,4.892610200011404
saits,MCAR,lightgbm,30,30,23.826994759213925,13.127180237023603,0.9157830742348834,4.780340399971465
saits,MCAR,lightgbm,40,1,24.00620113289002,13.339578331316376,0.9145114942139972,6.039710999990348
saits,MCAR,lightgbm,40,2,24.02038640114164,13.334474144237682,0.9144104340199312,5.124000999989221
saits,MCAR,lightgbm,40,3,23.9899387617673,13.355292495928394,0.9146272788737484,5.3265552999801
saits,MCAR,lightgbm,40,4,24.05035277932715,13.344831632472603,0.9141967481024484,4.77854080000543
saits,MCAR,lightgbm,40,5,24.159905652549863,13.37392048577893,0.9134132750254093,4.370917400025064
saits,MCAR,lightgbm,40,6,24.090421364226387,13.34679325618268,0.913910608532598,4.841794700012542
saits,MCAR,lightgbm,40,7,24.228214230097684,13.393555835720647,0.9129229604144272,5.005790600000182
saits,MCAR,lightgbm,40,8,24.10914895960045,13.370557820154843,0.9137767068514642,5.208269700000528
saits,MCAR,lightgbm,40,9,24.0037234759834,13.364356090996548,0.9145291396761184,4.305623299995204
saits,MCAR,lightgbm,40,10,24.163251450420148,13.400392814433218,0.9133892913440216,5.201121999998577
saits,MCAR,lightgbm,40,11,23.917080016054413,13.33400549065846,0.9151450545942657,5.903590000001714
saits,MCAR,lightgbm,40,12,24.09168686734979,13.35267975066195,0.9139015635056388,5.304907799989451
saits,MCAR,lightgbm,40,13,24.01710805885455,13.36976935469909,0.914433795238271,6.541318800009321
saits,MCAR,lightgbm,40,14,24.014807866924293,13.34663251999924,0.9144501843279356,4.7211990999931
saits,MCAR,lightgbm,40,15,24.05685855178876,13.35940367502121,0.914150321179819,4.47938800000702
saits,MCAR,lightgbm,40,16,23.998529839803112,13.346198084248808,0.9145661219826032,4.267681400000583
saits,MCAR,lightgbm,40,17,24.09815774039109,13.36118680013766,0.9138553063152868,4.015491300000576
saits,MCAR,lightgbm,40,18,24.1064481309883,13.37095918751435,0.9137960241068082,4.445192799990764
saits,MCAR,lightgbm,40,19,24.008411666341704,13.381759351276134,0.914495749623563,4.3866663000080734
saits,MCAR,lightgbm,40,20,24.210793550192147,13.385303027762248,0.9130481364476564,4.270274300011806
saits,MCAR,lightgbm,40,21,23.92599683459168,13.324522179764822,0.9150817711838288,5.3118756000185385
saits,MCAR,lightgbm,40,22,23.97067010143236,13.364059065699434,0.9147643661205622,6.739998699980788
saits,MCAR,lightgbm,40,23,24.286799221176757,13.413162496508232,0.9125013383118936,4.195499800000107
saits,MCAR,lightgbm,40,24,24.042514154984943,13.333257718634602,0.9142526699310988,5.41453039998305
saits,MCAR,lightgbm,40,25,23.95681826922423,13.341221429759454,0.9148628471859052,4.477087799983565
saits,MCAR,lightgbm,40,26,24.059000414006903,13.365755357473835,0.9141350335337822,5.004077999998117
saits,MCAR,lightgbm,40,27,23.981993949241986,13.352494379672912,0.9146838157376866,4.05956380002317
saits,MCAR,lightgbm,40,28,24.00666592027181,13.349780615063406,0.914508183872373,4.053076499985764
saits,MCAR,lightgbm,40,29,24.008933160289214,13.322947879659562,0.9144920350560228,4.251691199984634
saits,MCAR,lightgbm,40,30,24.32574695525766,13.382893635866877,0.9122204773297206,4.045591400004923
saits,MCAR,lightgbm,50,1,24.906847923959457,13.915364299779675,0.9079765770426812,5.428015700017568
saits,MCAR,lightgbm,50,2,24.85733046996304,13.895109246881374,0.9083421179541792,6.538668399996823
saits,MCAR,lightgbm,50,3,24.579052153669164,13.884684109071388,0.910382854290201,4.272097600012785
saits,MCAR,lightgbm,50,4,24.81147224924504,13.92857268688604,0.908679997371826,4.727151099999901
saits,MCAR,lightgbm,50,5,24.77734407451717,13.903729058369471,0.9089310458822536,4.805724300007569
saits,MCAR,lightgbm,50,6,24.937740340880424,13.92680581598592,0.9077481588211892,4.4904970999923535
saits,MCAR,lightgbm,50,7,24.891249033693946,13.932044916862123,0.908091807502462,4.355787799984682
saits,MCAR,lightgbm,50,8,24.87558394065575,13.926527435634874,0.9082074543578889,4.038005000009434
saits,MCAR,lightgbm,50,9,24.85709938031271,13.890642495291424,0.9083438221669048,4.078207799990196
saits,MCAR,lightgbm,50,10,24.862439976780824,13.927560896276637,0.9083044329174194,5.233619700011332
saits,MCAR,lightgbm,50,11,24.85766034985196,13.921919582650736,0.9083396851673912,6.0606794000195805
saits,MCAR,lightgbm,50,12,24.79687738866077,13.913572700441634,0.9087874001648596,5.879872000019532
saits,MCAR,lightgbm,50,13,24.868657684302768,13.904439687244276,0.9082585639271844,4.832114699995145
saits,MCAR,lightgbm,50,14,24.88536739061829,13.916992097824382,0.9081352370078682,4.923190700006671
saits,MCAR,lightgbm,50,15,24.864029616874365,13.941633505386388,0.9082927069878788,5.119704500015359
saits,MCAR,lightgbm,50,16,24.79765303673432,13.884499745277177,0.908781693802502,5.819086499977857
saits,MCAR,lightgbm,50,17,24.813740537109243,13.915502546549712,0.908663299489483,5.844699699984631
saits,MCAR,lightgbm,50,18,24.847821893583244,13.946179552464423,0.9084122275969416,5.0204781999927945
saits,MCAR,lightgbm,50,19,24.736043074699,13.906838503044286,0.9092343959159436,4.825087300006999
saits,MCAR,lightgbm,50,20,24.934284170170617,13.955139597535233,0.90777372777915,4.242156899999827
saits,MCAR,lightgbm,50,21,24.91728338434725,13.9074299067887,0.9078994490205072,5.568056899996009
saits,MCAR,lightgbm,50,22,24.94216136814609,13.94137387892979,0.9077154466306095,5.453184400015744
saits,MCAR,lightgbm,50,23,24.852544782668783,13.94396608143766,0.908377407643604,4.663518599991221
saits,MCAR,lightgbm,50,24,24.992720403926192,13.938637277564256,0.907340936427374,4.664768399990862
saits,MCAR,lightgbm,50,25,24.73224751068043,13.907500447709053,0.9092622484086756,4.217268500011414
saits,MCAR,lightgbm,50,26,24.862481463047697,13.903117352709108,0.90830412690482,4.323262499994598
saits,MCAR,lightgbm,50,27,24.8663939909781,13.913357515178404,0.9082752648707726,4.49650219999603
saits,MCAR,lightgbm,50,28,24.85551124659948,13.909148483481196,0.9083555337197124,4.706290300004184
saits,MCAR,lightgbm,50,29,24.86974445400483,13.918955315083382,0.9082505454814028,4.408657399995718
saits,MCAR,lightgbm,50,30,24.979567303253216,13.947698675033571,0.907438439481902,4.859788900008425
saits,MCAR,xgboost,10,1,23.406233919814643,12.486290273218398,0.918731184965291,7.507881700003054
saits,MCAR,xgboost,10,2,23.34724921357401,12.46075366564469,0.9191402706078624,7.023579200002132
saits,MCAR,xgboost,10,3,23.28975899478599,12.484362235325502,0.919537997987756,7.275964900007239
saits,MCAR,xgboost,10,4,23.237320028055635,12.458249300956394,0.9198999248014113,6.387395300000208
saits,MCAR,xgboost,10,5,23.41865547122161,12.556866620091103,0.918644904307666,6.331842600018717
saits,MCAR,xgboost,10,6,23.327823313895205,12.473244738453708,0.9192747720647194,6.425107399991248
saits,MCAR,xgboost,10,7,23.174864782245,12.470163065315964,0.9203299181921848,6.294216200010851
saits,MCAR,xgboost,10,8,23.27541505049424,12.469616110721276,0.919637079052696,6.407361399993533
saits,MCAR,xgboost,10,9,23.289613451038537,12.468788841555732,0.9195390036404734,6.498055499978364
saits,MCAR,xgboost,10,10,23.508157246265306,12.533865639118378,0.9180218677192672,6.387871700018877
saits,MCAR,xgboost,10,11,23.44086127545568,12.536937784635432,0.9184905477240816,7.159283999993932
saits,MCAR,xgboost,10,12,23.27369177642593,12.47041789457849,0.919648978493435,7.079418000008445
saits,MCAR,xgboost,10,13,23.314245387872383,12.517575301691442,0.9193687167223156,7.360342500003753
saits,MCAR,xgboost,10,14,23.364310219507384,12.477484043099713,0.9190220509098688,6.2252408000058495
saits,MCAR,xgboost,10,15,23.114960423652267,12.441984715380284,0.9207412618528976,6.395524899999145
saits,MCAR,xgboost,10,16,23.381050102034845,12.471711359064566,0.9189059724163487,6.2870376000064425
saits,MCAR,xgboost,10,17,23.36549096167668,12.464729513452736,0.9190138660763034,6.308525600004941
saits,MCAR,xgboost,10,18,23.32620151110692,12.499336793166904,0.9192859960736676,6.466750799998408
saits,MCAR,xgboost,10,19,23.392131222054104,12.49142800198584,0.9188290874525858,6.26089580002008
saits,MCAR,xgboost,10,20,23.277818889190964,12.458062400745648,0.919620478749386,6.311515700013842
saits,MCAR,xgboost,10,21,23.274680092639542,12.473088774200605,0.919642154143932,7.310403599985875
saits,MCAR,xgboost,10,22,23.3594145078978,12.511146770244691,0.9190559832747994,7.197547599993413
saits,MCAR,xgboost,10,23,23.28351097632478,12.491422407058591,0.9195811637963738,7.265279900020687
saits,MCAR,xgboost,10,24,23.364199063519276,12.46010972999505,0.919022821415178,6.34418139999616
saits,MCAR,xgboost,10,25,23.319101104516623,12.49537432860212,0.9193351266635812,6.346251900016796
saits,MCAR,xgboost,10,26,23.25328915017157,12.462233456576897,0.9197897944248332,6.422114300017711
saits,MCAR,xgboost,10,27,23.39920782696717,12.48345237927179,0.9187799682544056,6.500169300008565
saits,MCAR,xgboost,10,28,23.109162141004447,12.431883018786875,0.9207810202533296,6.3926367000094615
saits,MCAR,xgboost,10,29,23.32453304393205,12.48595561187951,0.919297542218442,6.324414300004719
saits,MCAR,xgboost,10,30,23.21164008571652,12.461866619391758,0.920076866782412,6.354478900000686
saits,MCAR,xgboost,20,1,23.75701318595274,12.830850117326552,0.9162770499133744,7.503035199973965
saits,MCAR,xgboost,20,2,23.809083308930088,12.805281348627322,0.9159096433068225,7.164134799997555
saits,MCAR,xgboost,20,3,23.94237855162589,12.836528288168523,0.914965447284064,7.287160000007134
saits,MCAR,xgboost,20,4,23.70728804484853,12.816101457784663,0.9166271594665248,6.310941300005652
saits,MCAR,xgboost,20,5,23.71818034212412,12.857511042801342,0.9165505306779392,6.453594899998279
saits,MCAR,xgboost,20,6,23.720276642857065,12.797327452480602,0.9165357788789488,6.490570599999046
saits,MCAR,xgboost,20,7,23.776204176401706,12.816439058452234,0.9161417319521308,6.467149300005985
saits,MCAR,xgboost,20,8,23.82419866297662,12.856437587997396,0.9158028387763144,6.4511133999913
saits,MCAR,xgboost,20,9,23.756096092982737,12.814651208264523,0.916283513709673,6.396850700024515
saits,MCAR,xgboost,20,10,23.83933367260523,12.855619836928913,0.9156958274438732,6.758586799987825
saits,MCAR,xgboost,20,11,23.78850360941876,12.878275441349569,0.9160549497292696,7.167979300022125
saits,MCAR,xgboost,20,12,23.748588947798904,12.832448689829834,0.91633641571116,6.836329399986425
saits,MCAR,xgboost,20,13,24.009972767238487,12.877863500086038,0.9144846297624524,6.960970799991628
saits,MCAR,xgboost,20,14,23.56967064018296,12.793105325199924,0.9175922848528796,6.899660199997015
saits,MCAR,xgboost,20,15,23.69637511837165,12.805406247442903,0.9167038980853216,6.562201999971876
saits,MCAR,xgboost,20,16,23.75080999212836,12.822609074808632,0.916320766005054,6.393286000005901
saits,MCAR,xgboost,20,17,23.624964082278535,12.77944750262674,0.9172051813504766,6.345084699976724
saits,MCAR,xgboost,20,18,23.91563605260297,12.847952275372702,0.9151553003049492,6.429195800010348
saits,MCAR,xgboost,20,19,23.932578697638828,12.84841679595337,0.9150350440164288,6.480046600016067
saits,MCAR,xgboost,20,20,23.802993899360413,12.811600174725678,0.915952651694321,6.550350700010313
saits,MCAR,xgboost,20,21,23.755423644410044,12.817766637147464,0.9162882530603426,7.662312300002668
saits,MCAR,xgboost,20,22,23.798624428673858,12.829707371105322,0.9159835056885084,7.155294500000309
saits,MCAR,xgboost,20,23,23.753369887180657,12.822803465680616,0.9163027269065068,7.373693800007459
saits,MCAR,xgboost,20,24,23.67157554262931,12.773487711261511,0.9168781548683912,6.388196200015955
saits,MCAR,xgboost,20,25,23.654753584975836,12.81155357641357,0.916996252231418,6.449181400006637
saits,MCAR,xgboost,20,26,23.77000615624569,12.804556697916237,0.9161854468770554,6.302684099995531
saits,MCAR,xgboost,20,27,23.59393460704358,12.800465482013708,0.9174225270892392,6.362824499985436
saits,MCAR,xgboost,20,28,23.789080647213733,12.830119446480408,0.9160508771692631,6.50722329999553
saits,MCAR,xgboost,20,29,23.764655631000423,12.847390716574012,0.9162231752147908,6.434955500008073
saits,MCAR,xgboost,20,30,23.71576914508577,12.82352246103324,0.9165674968096312,6.407910699985223
saits,MCAR,xgboost,30,1,23.951278480977784,13.029579325986896,0.9149022169604586,7.308112700004131
saits,MCAR,xgboost,30,2,23.911350852146136,12.999038677955944,0.9151857025047732,7.268296499998541
saits,MCAR,xgboost,30,3,23.993318123202,13.041428636805843,0.9146032249897867,7.479880400002003
saits,MCAR,xgboost,30,4,23.990237991902383,13.020807235777422,0.9146251491267366,6.340623900003266
saits,MCAR,xgboost,30,5,24.129417425209947,13.086350296414762,0.913631670752442,6.338984099973459
saits,MCAR,xgboost,30,6,24.0109961410695,13.026973201779358,0.9144773397869116,6.530736299988348
saits,MCAR,xgboost,30,7,23.98225781738005,13.026416502948983,0.9146819383002572,6.442134699987946
saits,MCAR,xgboost,30,8,23.985587727506974,13.038769031468783,0.9146582440173072,6.55436630002805
saits,MCAR,xgboost,30,9,24.160841972251344,13.050603667037556,0.9134065635399722,6.407055499992566
saits,MCAR,xgboost,30,10,23.97773256835548,13.039255605908618,0.9147141328544892,6.44024240001454
saits,MCAR,xgboost,30,11,24.064564266376475,13.065103687790344,0.9140953149062688,7.2011943999968935
saits,MCAR,xgboost,30,12,24.011801766970937,13.033252000457844,0.9144716007142228,7.16194830002496
saits,MCAR,xgboost,30,13,24.0804663409334,13.05674952332286,0.91398174425981,7.591346800007159
saits,MCAR,xgboost,30,14,23.98791355198512,13.021455536698197,0.9146416924471832,6.521433300018543
saits,MCAR,xgboost,30,15,23.99872700187396,13.017821624300854,0.9145647181974867,6.422711999999592
saits,MCAR,xgboost,30,16,24.042065328996603,13.039799963158954,0.9142558713659148,6.511209999996936
saits,MCAR,xgboost,30,17,24.063594977087803,13.019595299367143,0.9141022350244354,6.377932500006864
saits,MCAR,xgboost,30,18,24.122792215649817,13.043162501185645,0.9136790925127756,6.478636599989841
saits,MCAR,xgboost,30,19,23.88470995425989,13.011702775066585,0.9153745893913866,6.512001800001599
saits,MCAR,xgboost,30,20,24.074054295991463,13.03202565677202,0.9140275473170458,6.489769400010118
saits,MCAR,xgboost,30,21,24.1084461266145,13.032123823703971,0.9137817339630696,7.398518100002548
saits,MCAR,xgboost,30,22,24.00798952077536,13.037341745819006,0.9144987564799404,7.336593600019114
saits,MCAR,xgboost,30,23,23.961363250631347,13.030237977937237,0.9148305404348868,7.346881500008749
saits,MCAR,xgboost,30,24,24.027887642865103,13.004686238850248,0.9143569687458066,6.369759199995315
saits,MCAR,xgboost,30,25,24.040856326570644,13.019302481566,0.914264494772566,6.837437100009993
saits,MCAR,xgboost,30,26,24.077471671122723,13.04190615526071,0.914003137554485,6.454090500017628
saits,MCAR,xgboost,30,27,23.927991038160748,13.007742825741964,0.9150676149258076,6.39662430001772
saits,MCAR,xgboost,30,28,24.05467885428669,13.047100907836018,0.9141658774797145,6.528925399994478
saits,MCAR,xgboost,30,29,24.09201569666744,13.058352364143984,0.9138992131610164,6.587360200006515
saits,MCAR,xgboost,30,30,23.90965472825167,12.993473626345727,0.915197734485346,6.411798499990255
saits,MCAR,xgboost,40,1,24.054082808036057,13.265597900074868,0.9141701311613668,7.498441500007175
saits,MCAR,xgboost,40,2,24.029472845237446,13.25569526447579,0.9143456680425018,7.2308955999906175
saits,MCAR,xgboost,40,3,24.06903162957695,13.282682473282788,0.9140634171294282,7.315650600008666
saits,MCAR,xgboost,40,4,23.967336986759936,13.241706706778524,0.9147880684525098,6.446679599990603
saits,MCAR,xgboost,40,5,24.252037398085363,13.349530114249925,0.9127516336457776,6.51738760000444
saits,MCAR,xgboost,40,6,24.12638795547254,13.267055418297424,0.9136533566315416,6.541106099990429
saits,MCAR,xgboost,40,7,24.08256653334281,13.257759717312812,0.9139667393372988,6.439631599991117
saits,MCAR,xgboost,40,8,24.13576195876688,13.28012373412446,0.9135862458013068,6.605942900001537
saits,MCAR,xgboost,40,9,24.16740542140016,13.291037874753837,0.9133595098143052,6.387824100005673
saits,MCAR,xgboost,40,10,24.230524003849027,13.308047053853164,0.912906356809584,6.392018899990944
saits,MCAR,xgboost,40,11,24.12221276169135,13.354902332461164,0.913683239494629,7.273567799973534
saits,MCAR,xgboost,40,12,24.22846304020534,13.312650330510529,0.9129211719409858,6.748334899981273
saits,MCAR,xgboost,40,13,24.16093406785676,13.300294950378316,0.9134059033899524,7.159126000013202
saits,MCAR,xgboost,40,14,24.0490590586328,13.260367520733672,0.9142059789406012,6.715563499979908
saits,MCAR,xgboost,40,15,24.115944163763736,13.246070377059247,0.9137280956416124,6.415797900001053
saits,MCAR,xgboost,40,16,24.1155429209703,13.284273637676526,0.9137309664138858,6.526083999982802
saits,MCAR,xgboost,40,17,24.125771589775702,13.246857604951394,0.9136577684340276,6.678029000002425
saits,MCAR,xgboost,40,18,24.074660839392227,13.314158264501046,0.9140232151277032,6.438073600002099
saits,MCAR,xgboost,40,19,24.186532402474352,13.272413443704329,0.9132223145498206,6.470047199982218
saits,MCAR,xgboost,40,20,24.039327318217577,13.260947837927668,0.914275400052575,6.525796900008572
saits,MCAR,xgboost,40,21,24.13010340559836,13.264366638362173,0.9136267599150872,7.243217900017044
saits,MCAR,xgboost,40,22,24.33162788914442,13.298919173669471,0.9121780294681104,6.925635699997656
saits,MCAR,xgboost,40,23,24.19375105176229,13.26944409839014,0.913170507937252,7.062882400001399
saits,MCAR,xgboost,40,24,24.03491244518268,13.245894596668688,0.9143068841674956,6.620374600024661
saits,MCAR,xgboost,40,25,24.173437610423317,13.28945043089958,0.9133162534506828,6.443812300014542
saits,MCAR,xgboost,40,26,24.077656207792263,13.256300530276636,0.9140018193400464,6.685606100014411
saits,MCAR,xgboost,40,27,24.051969254676354,13.26352255241033,0.9141852136768231,6.422896200005198
saits,MCAR,xgboost,40,28,24.003390354828827,13.254422605850731,0.9145315119709114,6.481815000006463
saits,MCAR,xgboost,40,29,24.23505158808837,13.292558654544417,0.9128738060775572,6.479407700011507
saits,MCAR,xgboost,40,30,24.022590969266925,13.259926554096792,0.9143947226417152,6.444859200011706
saits,MCAR,xgboost,50,1,24.9506946283572,13.854633909378087,0.9076522906912172,7.324302299995907
saits,MCAR,xgboost,50,2,24.78460755373203,13.836507618747008,0.9088776443223904,6.921993199997814
saits,MCAR,xgboost,50,3,25.05974019407681,13.86358506928087,0.9068433261499786,7.180239099980099
saits,MCAR,xgboost,50,4,24.78652487910263,13.831959135042206,0.9088635454134788,6.806309599982342
saits,MCAR,xgboost,50,5,25.26257901145244,13.91079136788414,0.9053291633806512,6.614691700000549
saits,MCAR,xgboost,50,6,25.01109340765273,13.84311445248815,0.9072046526576734,6.464727300015511
saits,MCAR,xgboost,50,7,24.923359760947267,13.865353738187135,0.9078545239087812,6.5323728999937885
saits,MCAR,xgboost,50,8,25.163760037814654,13.85461256644638,0.9060683577052754,6.588204500003485
saits,MCAR,xgboost,50,9,25.08333303709492,13.845732461146085,0.9066678362722326,6.506792800006224
saits,MCAR,xgboost,50,10,25.05387132447688,13.89845630535919,0.9068869547228894,6.52249020000454
saits,MCAR,xgboost,50,11,25.008104768797608,13.91392534547852,0.907226828034542,7.714619300008053
saits,MCAR,xgboost,50,12,24.97772695676216,13.882359378275536,0.9074520777540164,7.168507399997907
saits,MCAR,xgboost,50,13,25.120262644492268,13.845496575059128,0.9063928124209888,7.333662399993045
saits,MCAR,xgboost,50,14,25.05495175427948,13.857666466222229,0.9068789236863264,7.737980400008382
saits,MCAR,xgboost,50,15,24.9077779817827,13.8298939383188,0.9079697043382202,6.548260599985952
saits,MCAR,xgboost,50,16,25.1158057273333,13.879040696124488,0.9064260256461842,6.539353200001642
saits,MCAR,xgboost,50,17,24.99206629295521,13.851804982063252,0.9073457865209956,6.456650299980538
saits,MCAR,xgboost,50,18,25.18073506574673,13.893662072242336,0.9059415857079736,7.045830700022634
saits,MCAR,xgboost,50,19,24.996891349196943,13.845906112494218,0.907310006770615,6.517105899984017
saits,MCAR,xgboost,50,20,25.04394375699013,13.842579624379264,0.9069607319755516,6.506583900016267
saits,MCAR,xgboost,50,21,25.317289856302867,13.89133425608074,0.9049186645108775,7.27208240001346
saits,MCAR,xgboost,50,22,25.10403203645306,13.868521487110328,0.9065137355793236,7.219596299983095
saits,MCAR,xgboost,50,23,25.094308114818507,13.874009262474612,0.90658614442976,7.411757099995157
saits,MCAR,xgboost,50,24,25.069405680605712,13.850172915901537,0.9067714516443988,9.04114970000228
saits,MCAR,xgboost,50,25,25.04738129770863,13.8490745701496,0.906935189015937,7.864283899980364
saits,MCAR,xgboost,50,26,25.077229572074145,13.852314462311009,0.9067132513125762,8.59286480001174
saits,MCAR,xgboost,50,27,25.04907294282989,13.860400391660306,0.9069226178055644,11.72087429999374
saits,MCAR,xgboost,50,28,25.07687963717208,13.847733139543454,0.9067158547948636,11.45453550000093
saits,MCAR,xgboost,50,29,25.20306737031267,13.878359948096351,0.9057746745662586,10.772635899978924
saits,MCAR,xgboost,50,30,24.945632873541395,13.83595195488992,0.9076897561048493,11.020170699979644
spatial,MAR,lightgbm,10,1,22.8961042313618,12.28238792085378,0.9222350257783156,4.406042999995407
spatial,MAR,lightgbm,10,2,22.76159630348627,12.240721876673778,0.923146034978752,4.010332500009099
spatial,MAR,lightgbm,10,3,22.85200289231339,12.270411364262392,0.922534311329716,3.5169620999949984
spatial,MAR,lightgbm,10,4,22.779651433789343,12.258991614704287,0.923024061222694,4.594416599982651
spatial,MAR,lightgbm,10,5,22.819392873840208,12.27353985293095,0.9227552420836148,4.143298999988474
spatial,MAR,lightgbm,10,6,22.729620287923677,12.261596883114017,0.9233618157512434,3.788984999991954
spatial,MAR,lightgbm,10,7,22.956761933028503,12.30413982525726,0.9218224409215828,3.8677161000086926
spatial,MAR,lightgbm,10,8,22.681409729275664,12.234848372359355,0.9236865771192176,3.4526269999914803
spatial,MAR,lightgbm,10,9,22.85713784968324,12.250488293148916,0.9224994935763032,3.4474752999958582
spatial,MAR,lightgbm,10,10,22.852453500586968,12.28663649923447,0.922531256278082,3.4566575000062585
spatial,MAR,lightgbm,10,11,22.832742213706,12.237810927205755,0.9226648393154012,4.593586400005734
spatial,MAR,lightgbm,10,12,22.852764285629064,12.27059636794889,0.9225291491703712,3.9015520999964792
spatial,MAR,lightgbm,10,13,22.849407696143157,12.276876348375032,0.9225519051698704,3.671349799988093
spatial,MAR,lightgbm,10,14,22.801108547425603,12.227890142442492,0.9228789791642968,4.197845399990911
spatial,MAR,lightgbm,10,15,22.72601481069249,12.253886878363598,0.9233861272275894,3.4632074999972247
spatial,MAR,lightgbm,10,16,22.771264376390995,12.253929120167736,0.9230807330966466,3.891530199995032
spatial,MAR,lightgbm,10,17,22.832003524441788,12.266213636583068,0.9226698431584196,3.450525899999775
spatial,MAR,lightgbm,10,18,22.772461917805437,12.264353350599094,0.9230726425112228,3.52337529999204
spatial,MAR,lightgbm,10,19,22.83651306389092,12.257242772164943,0.922639293248017,3.4253104999952484
spatial,MAR,lightgbm,10,20,22.877960156019075,12.286323341667854,0.9223582270419264,3.6138940999808256
spatial,MAR,lightgbm,10,21,22.85300837461036,12.2405596707784,0.9225274942386692,4.7092207000241615
spatial,MAR,lightgbm,10,22,22.863938809042818,12.282252265471136,0.92245336739796,4.441809000010835
spatial,MAR,lightgbm,10,23,22.890997448593254,12.311717806800605,0.922269711551775,3.43562020000536
spatial,MAR,lightgbm,10,24,22.79421520740869,12.257150809243344,0.9229256033059962,3.7030658000148833
spatial,MAR,lightgbm,10,25,22.75796273437343,12.255254320001686,0.9231705703320964,3.5578666999936104
spatial,MAR,lightgbm,10,26,22.824055788045605,12.262492231003712,0.9227236704742262,3.987539199995808
spatial,MAR,lightgbm,10,27,22.765797816402618,12.251150654578757,0.9231176597519556,3.757046799990349
spatial,MAR,lightgbm,10,28,22.84371872277807,12.248635016190226,0.922590465933012,3.614879600005224
spatial,MAR,lightgbm,10,29,22.79326829072353,12.234377263091565,0.9229320068180832,3.6489069999952335
spatial,MAR,lightgbm,10,30,22.98186441335766,12.310622845966966,0.921651378157332,3.707087999995565
spatial,MAR,lightgbm,20,1,22.8825227405594,12.334685756474862,0.9223272555327032,4.673942699999316
spatial,MAR,lightgbm,20,2,22.756367352389784,12.311459727201717,0.9231813417700364,4.308022499986691
spatial,MAR,lightgbm,20,3,22.80336400903469,12.2954967245346,0.9228637209495884,3.62374589999672
spatial,MAR,lightgbm,20,4,22.89358534344064,12.35408098108709,0.92225213528109,4.471164100017631
spatial,MAR,lightgbm,20,5,22.712017595458786,12.32429115280438,0.9234804729041304,3.945019699982368
spatial,MAR,lightgbm,20,6,22.744413871967733,12.315511476646911,0.9232620232903688,3.644771000021137
spatial,MAR,lightgbm,20,7,22.953364125895597,12.380728914425095,0.9218455811719948,3.646564099995885
spatial,MAR,lightgbm,20,8,22.780976174247737,12.316503507772726,0.9230151079596628,3.405015700001968
spatial,MAR,lightgbm,20,9,22.84229627290142,12.316266940044404,0.9226001060231636,3.593430500011891
spatial,MAR,lightgbm,20,10,22.86186531714258,12.359797306399717,0.9224674319058248,3.59482610001578
spatial,MAR,lightgbm,20,11,22.79405505055821,12.323601146011006,0.9229266863833604,4.426880999992136
spatial,MAR,lightgbm,20,12,22.766621069507973,12.31894440078862,0.9231120992378656,4.02843030000804
spatial,MAR,lightgbm,20,13,22.826597769351675,12.34876456121303,0.9227064565376982,3.986640899995109
spatial,MAR,lightgbm,20,14,22.800048316101183,12.320905247050083,0.9228861511156836,3.6797454000043217
spatial,MAR,lightgbm,20,15,22.79616583667451,12.329153796293388,0.92291241136187,3.85740629999782
spatial,MAR,lightgbm,20,16,22.803981798678024,12.326802474195558,0.9228595413347014,3.8149455999955535
spatial,MAR,lightgbm,20,17,22.89917389178166,12.341394408429393,0.9222141726180604,3.451798099995358
spatial,MAR,lightgbm,20,18,22.821054958069585,12.313698533821288,0.922743989201447,3.6703486000187695
spatial,MAR,lightgbm,20,19,22.81664778211414,12.321993608224364,0.9227738255045624,3.489604500005953
spatial,MAR,lightgbm,20,20,22.88898060276476,12.353036062796802,0.9222834080367908,3.5909752000006847
spatial,MAR,lightgbm,20,21,22.89516267356278,12.335118712675026,0.9222414215137392,4.174600300000748
spatial,MAR,lightgbm,20,22,22.973867077693583,12.36841769672978,0.9217058969027464,4.135252700012643
spatial,MAR,lightgbm,20,23,22.917212978296288,12.37386155479754,0.922091570993738,3.479702999989968
spatial,MAR,lightgbm,20,24,22.872940642934985,12.320910855657964,0.922392293115922,3.846078900009161
spatial,MAR,lightgbm,20,25,22.727180028658903,12.320425536416783,0.923378270667575,4.034114900015993
spatial,MAR,lightgbm,20,26,22.833389871292244,12.339334397284214,0.9226604519830872,3.683922900003381
spatial,MAR,lightgbm,20,27,22.823098235467643,12.343440528668928,0.922730154387255,3.4365573000104632
spatial,MAR,lightgbm,20,28,22.82540660111152,12.340647016261078,0.9227145231986016,3.444996999984141
spatial,MAR,lightgbm,20,29,22.819397861062686,12.328163442564644,0.9227552083196282,3.858726899983594
spatial,MAR,lightgbm,20,30,22.874793072617223,12.371661424407248,0.9223797220483388,3.4421543999924324
spatial,MAR,lightgbm,30,1,22.900224266731797,12.416838148498934,0.9222070364515932,4.4547423999756575
spatial,MAR,lightgbm,30,2,22.862445686179104,12.390378005352364,0.9224634953877524,3.95006140001351
spatial,MAR,lightgbm,30,3,22.880145112289227,12.389597286730815,0.9223433960011868,3.6266801000165287
spatial,MAR,lightgbm,30,4,22.947088701615854,12.422478532353404,0.9218883099929428,4.08313640000415
spatial,MAR,lightgbm,30,5,23.021406454892663,12.439074573173686,0.9213815367179404,3.775324099988211
spatial,MAR,lightgbm,30,6,22.915037520686823,12.41315063205641,0.9221063614868472,3.741409200010821
spatial,MAR,lightgbm,30,7,23.02748845629164,12.458338473740811,0.9213399909708044,3.5048879999958444
spatial,MAR,lightgbm,30,8,22.964812392240937,12.430349893595416,0.9217676008178104,3.565648499992676
spatial,MAR,lightgbm,30,9,22.884452035534203,12.37836704353328,0.9223141573306748,3.51846740001929
spatial,MAR,lightgbm,30,10,23.01575868354702,12.46479212312346,0.9214201064413072,3.5119546999922022
spatial,MAR,lightgbm,30,11,22.82491153172866,12.401823256111848,0.9227178757135456,4.676864200009732
spatial,MAR,lightgbm,30,12,22.90559654778977,12.412831292188994,0.9221705324696838,4.034734499990009
spatial,MAR,lightgbm,30,13,22.85496501909844,12.402551593081736,0.9225142274828712,3.940229300002102
spatial,MAR,lightgbm,30,14,22.906706101803927,12.412886670702612,0.9221629921212372,4.650377000012668
spatial,MAR,lightgbm,30,15,22.810119522353627,12.40539206861059,0.9228180108212316,3.661697600007756
spatial,MAR,lightgbm,30,16,22.8988451952693,12.419627479547168,0.9222164056895932,3.5516424999805167
spatial,MAR,lightgbm,30,17,22.972433126183915,12.44197125126206,0.9217156703068669,3.7169993999996223
spatial,MAR,lightgbm,30,18,22.935029515105665,12.42140847416547,0.9219703871522452,3.6297469999990426
spatial,MAR,lightgbm,30,19,22.84368687443448,12.403333270859823,0.9225906817791052,3.5992289000132587
spatial,MAR,lightgbm,30,20,22.963925077315803,12.446893018457464,0.92177364619133,3.477127899997868
spatial,MAR,lightgbm,30,21,22.84664084113283,12.387067054899134,0.9225706605510102,4.461400800006231
spatial,MAR,lightgbm,30,22,22.96907511934716,12.439194081720524,0.9217385551357936,4.002993100002641
spatial,MAR,lightgbm,30,23,23.05598674319133,12.458462073360772,0.9211451748811582,3.931940400012536
spatial,MAR,lightgbm,30,24,22.95738743368468,12.428697477686894,0.9218181806708704,3.697291499993298
spatial,MAR,lightgbm,30,25,22.84333035911401,12.405090394458888,0.922593097973364,3.722489300009329
spatial,MAR,lightgbm,30,26,22.928874467783142,12.400989495785064,0.9220122629661628,3.666476900019916
spatial,MAR,lightgbm,30,27,23.03520058476827,12.44952644742324,0.9212872941531812,3.672105300007388
spatial,MAR,lightgbm,30,28,22.9875758197508,12.429059361662722,0.9216124312368256,3.5768798000062816
spatial,MAR,lightgbm,30,29,22.947838125983736,12.422154767921905,0.921883207841592,3.5357099999964703
spatial,MAR,lightgbm,30,30,22.91306232396813,12.44482826517296,0.9221197892308048,4.074743500008481
spatial,MAR,lightgbm,40,1,22.967315530731565,12.51005932550245,0.9217505454028828,4.497291000006953
spatial,MAR,lightgbm,40,2,22.944743877529238,12.503131935142587,0.9219042726988568,4.023476499976823
spatial,MAR,lightgbm,40,3,22.942053160224603,12.525023581482635,0.9219225881095556,3.997234899987234
spatial,MAR,lightgbm,40,4,22.93308502099632,12.529581915306194,0.9219836177164766,3.8329143000009935
spatial,MAR,lightgbm,40,5,22.90277135601192,12.503467721720051,0.922189730364051,3.4977107000013348
spatial,MAR,lightgbm,40,6,22.858518840250188,12.46513459251608,0.9224901283878688,3.651244799984852
spatial,MAR,lightgbm,40,7,23.13120724703997,12.582829256360194,0.920629805441888,3.703175600006944
spatial,MAR,lightgbm,40,8,22.95875176500454,12.508950379074935,0.9218088878822568,3.6197715000016615
spatial,MAR,lightgbm,40,9,22.97587742543135,12.510904635932262,0.9216921939193392,3.947435999987647
spatial,MAR,lightgbm,40,10,23.03130561744553,12.531147484515822,0.9213139105914708,3.589914000011049
spatial,MAR,lightgbm,40,11,22.90804144541845,12.495097335836752,0.9221539168591248,4.64812230001553
spatial,MAR,lightgbm,40,12,22.97109552828229,12.518557054457435,0.92172478644237,3.8899270000110846
spatial,MAR,lightgbm,40,13,22.946362882148485,12.533436683228269,0.9218932512810808,3.562777399987681
spatial,MAR,lightgbm,40,14,22.96765702860925,12.498535980745164,0.9217482184246776,3.8132423000060953
spatial,MAR,lightgbm,40,15,22.914867182901432,12.513623352805086,0.9221075195194756,3.695732499996666
spatial,MAR,lightgbm,40,16,22.92222661435253,12.494667721755787,0.9220574789568298,3.986394400009885
spatial,MAR,lightgbm,40,17,22.94739999500477,12.52772453124062,0.921886190698601,3.740879699995276
spatial,MAR,lightgbm,40,18,23.00709023388011,12.536833566530994,0.9214792865524128,3.870022299990524
spatial,MAR,lightgbm,40,19,22.981232668445017,12.524817533761103,0.9216556855243998,3.599924000009196
spatial,MAR,lightgbm,40,20,23.09806648228687,12.554164341449606,0.9208570745679794,3.646591199998511
spatial,MAR,lightgbm,40,21,22.9543300405229,12.521141892583758,0.9218390033052992,4.439431599981617
spatial,MAR,lightgbm,40,22,23.057947748385928,12.52260178788809,0.9211317604652364,3.9630373000109103
spatial,MAR,lightgbm,40,23,23.026343383193147,12.553074916024377,0.9213478137275914,3.481007900001714
spatial,MAR,lightgbm,40,24,23.075308517652356,12.525818589102276,0.9210129529479858,3.767792600003304
spatial,MAR,lightgbm,40,25,22.88640768823073,12.47887690867882,0.9223008790560532,3.496259299980011
spatial,MAR,lightgbm,40,26,22.972658680336437,12.53058968664609,0.9217141330345868,3.867186599993147
spatial,MAR,lightgbm,40,27,22.95237888154621,12.517528138398626,0.9218522903886932,3.615557999990415
spatial,MAR,lightgbm,40,28,22.892370177336748,12.486478643934865,0.9222603886028028,3.477797700004885
spatial,MAR,lightgbm,40,29,22.915666086503094,12.484419385217029,0.922102088140147,3.460866600013105
spatial,MAR,lightgbm,40,30,23.04590380480931,12.545383565008116,0.9212141300289912,3.484439799998654
spatial,MAR,lightgbm,50,1,23.227029053638784,12.661246651539498,0.9199708559841376,4.623003399989102
spatial,MAR,lightgbm,50,2,23.2498773706865,12.674494013102994,0.9198133299733836,4.913685200008331
spatial,MAR,lightgbm,50,3,23.17493948494671,12.641434717335503,0.9203294045684804,3.677254999987781
spatial,MAR,lightgbm,50,4,23.241162915328054,12.69304157619952,0.9198734294042028,3.4910414000041783
spatial,MAR,lightgbm,50,5,23.22045801130972,12.667785146983634,0.9200161308667204,4.293740099994466
spatial,MAR,lightgbm,50,6,23.32579113220147,12.671241773645349,0.9192888360588406,3.6612104999949215
spatial,MAR,lightgbm,50,7,23.3162544144245,12.687579228847698,0.9193548198651944,3.936305399984121
spatial,MAR,lightgbm,50,8,23.375426927815635,12.712050004697073,0.9189449741727488,3.690001199982362
spatial,MAR,lightgbm,50,9,23.40963297097357,12.689612168019885,0.9187075795515862,3.389990099996794
spatial,MAR,lightgbm,50,10,23.358792406791256,12.727267400538407,0.9190602945722278,3.6283647999807727
spatial,MAR,lightgbm,50,11,23.22729188518388,12.665788923542358,0.9199690447923116,4.540196899994044
spatial,MAR,lightgbm,50,12,23.25954406541434,12.64806695540061,0.9197466370451094,4.205754099995829
spatial,MAR,lightgbm,50,13,23.28232066738249,12.678472838824092,0.9195893859938902,3.553501399990637
spatial,MAR,lightgbm,50,14,23.24885051638665,12.68641873984042,0.9198204128673948,3.622145700006513
spatial,MAR,lightgbm,50,15,23.169635129085847,12.657180398479705,0.9203658709270588,3.583130600018194
spatial,MAR,lightgbm,50,16,23.263153480329613,12.659688046315168,0.9197217276866332,3.8367537000158336
spatial,MAR,lightgbm,50,17,23.35319735648569,12.708328030556496,0.9190990643407588,4.011974699998973
spatial,MAR,lightgbm,50,18,23.192611380119395,12.655483329876962,0.9202078536823874,3.4333794999984093
spatial,MAR,lightgbm,50,19,23.23620187188886,12.671794177464111,0.9199076332839782,3.592186199995922
spatial,MAR,lightgbm,50,20,23.366152342053283,12.73235040514005,0.9190092812466578,3.871487299998989
spatial,MAR,lightgbm,50,21,23.42865887892843,12.70125613711828,0.918575386908784,4.559642099979101
spatial,MAR,lightgbm,50,22,23.24900444000528,12.691447038796165,0.9198193511742124,4.042256399989128
spatial,MAR,lightgbm,50,23,23.310100677297434,12.711098166453729,0.9193973827692888,4.136317099997541
spatial,MAR,lightgbm,50,24,23.29297805533731,12.682024808276225,0.9195157538798062,3.814759500004584
spatial,MAR,lightgbm,50,25,23.28200811395256,12.652964957038318,0.9195915449233948,3.734436900005676
spatial,MAR,lightgbm,50,26,23.243314882629004,12.674860408571403,0.9198585904098396,3.923278500005836
spatial,MAR,lightgbm,50,27,23.232108490204872,12.69765500193914,0.9199358495777762,4.078343200002564
spatial,MAR,lightgbm,50,28,23.3037494810883,12.69463555304216,0.9194412996363522,3.5029519999807235
spatial,MAR,lightgbm,50,29,23.33004267918117,12.705394414222566,0.9192594112409868,3.633195700007491
spatial,MAR,lightgbm,50,30,23.238896993495715,12.710158025201892,0.919889052692556,3.6824223999865353
spatial,MAR,xgboost,10,1,22.92113754610815,12.18211815797349,0.9220648851054108,8.113776799989864
spatial,MAR,xgboost,10,2,22.79486980115149,12.1605025009774,0.922921176468592,7.587035199976526
spatial,MAR,xgboost,10,3,22.823795561048183,12.190000549891993,0.9227254325863374,7.551939600001788
spatial,MAR,xgboost,10,4,22.86940948216672,12.180170193224347,0.9224162536674196,7.533315100008622
spatial,MAR,xgboost,10,5,23.026119704603207,12.25636960556789,0.9213493417795604,8.452725100010866
spatial,MAR,xgboost,10,6,22.886367926967385,12.176601770422716,0.9223011490339867,7.627934699994512
spatial,MAR,xgboost,10,7,22.923782911039257,12.21729769858381,0.9220468948362588,7.771603900007904
spatial,MAR,xgboost,10,8,22.758329603469047,12.15859481355879,0.923168093258828,7.315234299981967
spatial,MAR,xgboost,10,9,23.052095300725966,12.220788795814212,0.921171791232243,7.23389970001881
spatial,MAR,xgboost,10,10,23.011744260575416,12.221934832084228,0.9214475159587076,7.2080193999863695
spatial,MAR,xgboost,10,11,23.01337858037864,12.231835978712713,0.9214363577920212,8.312386100005824
spatial,MAR,xgboost,10,12,22.936829268948703,12.200851578134028,0.921958140418003,7.930374200019287
spatial,MAR,xgboost,10,13,22.9711861665668,12.227446187324809,0.9217241687317288,8.213238900003489
spatial,MAR,xgboost,10,14,22.869248723443,12.168123333782574,0.9224173444013292,7.725671000021975
spatial,MAR,xgboost,10,15,22.972879218035946,12.181723278461671,0.9217126299375256,7.517123500001617
spatial,MAR,xgboost,10,16,22.88168243665728,12.174918935333114,0.9223329601058036,7.289946300006704
spatial,MAR,xgboost,10,17,22.86350652636662,12.16322518020646,0.922456299679161,7.104466700024204
spatial,MAR,xgboost,10,18,23.037966767200395,12.221518379059392,0.9212683885850204,7.121835199999623
spatial,MAR,xgboost,10,19,22.832756602009884,12.201950900443164,0.9226647418481646,7.622096400009468
spatial,MAR,xgboost,10,20,22.854943878563653,12.18957048021002,0.9225143708293966,7.102850600000238
spatial,MAR,xgboost,10,21,22.879457455682136,12.171786397002627,0.922348063827731,8.130343600001652
spatial,MAR,xgboost,10,22,22.915313913154822,12.211941393174904,0.9221044824286252,7.924906100000953
spatial,MAR,xgboost,10,23,22.95308884999883,12.200058680974731,0.921847455746772,7.355051399994409
spatial,MAR,xgboost,10,24,23.019769004495977,12.203379773850328,0.9213927201576576,7.264849300001515
spatial,MAR,xgboost,10,25,22.972022809757583,12.206735283189584,0.9217184667942356,7.3300015999993775
spatial,MAR,xgboost,10,26,22.900675179165727,12.186497256796793,0.922203972886846,7.264537100010784
spatial,MAR,xgboost,10,27,22.95950980280349,12.200517496468471,0.9218037244659149,7.461589699989418
spatial,MAR,xgboost,10,28,22.92162195562211,12.185795088365738,0.9220615909486548,7.183750399999553
spatial,MAR,xgboost,10,29,22.852114099722854,12.203182511453251,0.9225335573669616,7.190655799990054
spatial,MAR,xgboost,10,30,22.850488315231075,12.183912324461678,0.9225445794772544,7.760826299985638
spatial,MAR,xgboost,20,1,23.062695665892363,12.30608158322852,0.9210992772232544,8.23235289999866
spatial,MAR,xgboost,20,2,22.884583906556816,12.2568600183788,0.9223132620030507,7.763155399996322
spatial,MAR,xgboost,20,3,22.94117888858378,12.27511014877972,0.921928538716146,7.9214045999979135
spatial,MAR,xgboost,20,4,22.970669402731478,12.253489170686567,0.9217276905057894,7.685505000001285
spatial,MAR,xgboost,20,5,23.104328200511063,12.347474995431243,0.9208141586060148,7.372097100014798
spatial,MAR,xgboost,20,6,22.96182887843946,12.282624022221883,0.9217879268955442,7.3723033000133
spatial,MAR,xgboost,20,7,23.082832415872737,12.305498585299397,0.9209614357698732,7.320722200005548
spatial,MAR,xgboost,20,8,22.93978131879225,12.25771782815124,0.9219380506067876,7.633001399983186
spatial,MAR,xgboost,20,9,23.02984253204364,12.289182818468,0.92132390748995,7.434173699992243
spatial,MAR,xgboost,20,10,23.1351798129443,12.316557322483126,0.92060254094155,7.518682399997488
spatial,MAR,xgboost,20,11,23.00062366327724,12.319708718267751,0.9215234197630428,7.98384190001525
spatial,MAR,xgboost,20,12,23.038125937726868,12.28592101699649,0.9212673006595574,7.666018399992026
spatial,MAR,xgboost,20,13,23.108232218404865,12.323013736257227,0.9207873957365188,7.667418900004122
spatial,MAR,xgboost,20,14,23.12367475777629,12.295091276369838,0.9206814895402275,7.610673199989833
spatial,MAR,xgboost,20,15,22.998392967291142,12.271078239019555,0.9215386409941018,7.394888500013621
spatial,MAR,xgboost,20,16,22.996359429000663,12.271260317120085,0.921552515626484,7.59719510001014
spatial,MAR,xgboost,20,17,22.89245422813935,12.260016128472012,0.9222598177498352,7.643436399986967
spatial,MAR,xgboost,20,18,23.12428895098093,12.33338419429623,0.9206772758901371,7.3671993000025395
spatial,MAR,xgboost,20,19,22.936233959688604,12.268017854134824,0.9219621914085068,7.570506699994439
spatial,MAR,xgboost,20,20,22.90144135322836,12.254026579041629,0.9221987672503508,7.219463099987479
spatial,MAR,xgboost,20,21,22.977740655204123,12.26596097570894,0.9216794926545188,8.284035600023344
spatial,MAR,xgboost,20,22,22.97761303996841,12.309962358665135,0.9216803626149208,7.699211200000718
spatial,MAR,xgboost,20,23,22.97575226648939,12.2757325700263,0.9216930470659052,7.612822900002357
spatial,MAR,xgboost,20,24,22.955837206850777,12.253076789703274,0.921828738968283,7.567399799998384
spatial,MAR,xgboost,20,25,23.04767977628013,12.303935774889329,0.9212019867127736,7.778924700018251
spatial,MAR,xgboost,20,26,23.08414164289767,12.278739046649344,0.9209524695947484,7.263873299991246
spatial,MAR,xgboost,20,27,23.03107071609925,12.270156308774684,0.921315515656714,7.1182993999973405
spatial,MAR,xgboost,20,28,22.85877080848014,12.25111442437214,0.922488419604117,7.27978029998485
spatial,MAR,xgboost,20,29,22.93028659986301,12.281851359506524,0.922002656530684,7.714712099987082
spatial,MAR,xgboost,20,30,22.99425857928252,12.285044991346435,0.9215668482296892,7.620860199996969
spatial,MAR,xgboost,30,1,23.14101633621124,12.359678621380674,0.9205624752429384,8.384769500000402
spatial,MAR,xgboost,30,2,22.97775385202633,12.331462590392968,0.9216794026907468,7.976658899977338
spatial,MAR,xgboost,30,3,23.00761849864368,12.346333695953636,0.9214756806898798,7.778228000010131
spatial,MAR,xgboost,30,4,23.040233841220847,12.346773613303151,0.9212528924976362,7.294169400003739
spatial,MAR,xgboost,30,5,23.15199425636758,12.418739435991748,0.920487088264206,7.195177199988393
spatial,MAR,xgboost,30,6,22.963670288036734,12.33456499728407,0.921775382055356,7.342456300015328
spatial,MAR,xgboost,30,7,23.07670034770865,12.36575470318843,0.9210034241599676,7.45798370000557
spatial,MAR,xgboost,30,8,23.026733367132376,12.348529524049692,0.9213451495313126,7.823768900008872
spatial,MAR,xgboost,30,9,23.12062111970717,12.37831532420358,0.9207024372514304,7.3654741999926046
spatial,MAR,xgboost,30,10,23.209296866168277,12.380607363082046,0.9200930024793792,7.682484500022838
spatial,MAR,xgboost,30,11,23.01685784531075,12.373597242126383,0.921412600794588,8.213322400028119
spatial,MAR,xgboost,30,12,22.97443050317986,12.352190579518572,0.921702056588542,7.703549900004873
spatial,MAR,xgboost,30,13,23.111147253257894,12.398106111855606,0.9207674096065378,7.5144806999887805
spatial,MAR,xgboost,30,14,22.94196537636109,12.335586356777709,0.9219231856082806,7.938204400008544
spatial,MAR,xgboost,30,15,22.88298142343754,12.313545261335328,0.9223241415827717,7.384634699992603
spatial,MAR,xgboost,30,16,23.036016281107237,12.348575006383571,0.9212817194847478,7.308068399986951
spatial,MAR,xgboost,30,17,22.950706458524657,12.32943439672382,0.9218636784254396,7.430127300001914
spatial,MAR,xgboost,30,18,23.19145101362128,12.403907349012504,0.9202158377610848,7.67648840000038
spatial,MAR,xgboost,30,19,23.068395262884504,12.348156511909144,0.9210602741598396,8.047170400008326
spatial,MAR,xgboost,30,20,23.0785355942348,12.351005718609692,0.920990858762478,7.576314199977787
spatial,MAR,xgboost,30,21,23.08296762792526,12.364187416689909,0.9209605098005116,8.242078999988735
spatial,MAR,xgboost,30,22,23.04841012436377,12.361293972483326,0.9211969926404509,7.849330500001088
spatial,MAR,xgboost,30,23,23.0442890929914,12.35384035648409,0.9212251699100644,7.645467299997108
spatial,MAR,xgboost,30,24,23.085690171357957,12.346675270357396,0.9209418639193804,7.201733800000511
spatial,MAR,xgboost,30,25,23.057018246127804,12.355830132597406,0.9211381189434458,7.8158429999894
spatial,MAR,xgboost,30,26,22.91635418981033,12.314997648611293,0.9220974098894392,7.282219399989117
spatial,MAR,xgboost,30,27,22.993350852106374,12.334727161487336,0.921573040601394,7.720660300023155
spatial,MAR,xgboost,30,28,22.99508690827613,12.333327976457497,0.9215611972865516,7.48219120001886
spatial,MAR,xgboost,30,29,22.9988757766302,12.376313730827242,0.9215353466530956,7.810144399991259
spatial,MAR,xgboost,30,30,23.02658485628664,12.341906572131416,0.9213461640964712,7.386982700001681
spatial,MAR,xgboost,40,1,23.06634558340322,12.462269334725349,0.921074301485648,8.349892400001409
spatial,MAR,xgboost,40,2,22.95443495037541,12.408836529433495,0.9218382888538336,7.882995499996468
spatial,MAR,xgboost,40,3,23.27112627540764,12.49294302597417,0.9196666919931108,7.830569799989462
spatial,MAR,xgboost,40,4,23.11019275166439,12.454412002468588,0.9207739541602312,7.396332900010748
spatial,MAR,xgboost,40,5,23.286820416595692,12.527625576704915,0.9195583012435944,7.413910199975362
spatial,MAR,xgboost,40,6,23.09319158141522,12.469065135490355,0.9208904776411766,7.212372799986042
spatial,MAR,xgboost,40,7,23.142605406598697,12.46920835156285,0.920551565078016,7.340054500004044
spatial,MAR,xgboost,40,8,23.169759988208572,12.476650479172164,0.9203650126421328,7.704485099995509
spatial,MAR,xgboost,40,9,23.324663472771704,12.498882339000671,0.9192966396531184,7.259463599999435
spatial,MAR,xgboost,40,10,23.24128582476612,12.497211620938398,0.9198725819132364,8.274052199994912
spatial,MAR,xgboost,40,11,23.12496749899812,12.502284646197698,0.9206726206060788,9.086737699981311
spatial,MAR,xgboost,40,12,23.08245547718269,12.475060058474142,0.9209640171211624,7.8833649000152946
spatial,MAR,xgboost,40,13,23.116440869353383,12.48296767558572,0.920731108946416,7.405926300009014
spatial,MAR,xgboost,40,14,23.054339440028933,12.460952596206614,0.9211564425110168,7.730060200003209
spatial,MAR,xgboost,40,15,23.077542417481972,12.44505651213122,0.9209976588779838,7.498113700014073
spatial,MAR,xgboost,40,16,23.01854763284192,12.463577735354823,0.921401061349647,7.41001099999994
spatial,MAR,xgboost,40,17,23.03085004603199,12.44382630831139,0.9213170234656636,7.367103900003713
spatial,MAR,xgboost,40,18,23.19227791850852,12.483734317051804,0.9202101481567724,7.530725899996469
spatial,MAR,xgboost,40,19,23.24602771242037,12.473383826083838,0.9198398820034012,7.887637199979508
spatial,MAR,xgboost,40,20,23.065699099329724,12.444462373198748,0.9210787255494306,7.942201099998783
spatial,MAR,xgboost,40,21,23.04982124759264,12.45671944245634,0.9211873430240404,8.108587700000498
spatial,MAR,xgboost,40,22,23.19747921964668,12.496570246801047,0.9201743554169948,7.767002300010063
spatial,MAR,xgboost,40,23,23.08120715692136,12.456178067293076,0.920972565566195,7.916544100007741
spatial,MAR,xgboost,40,24,23.1393008889066,12.458910549380304,0.9205742522396668,7.579091099993093
spatial,MAR,xgboost,40,25,23.06962352654462,12.462694876691105,0.9210518677339272,7.384721400012495
spatial,MAR,xgboost,40,26,23.18045220998637,12.467736459432516,0.920291496868733,7.402028000011342
spatial,MAR,xgboost,40,27,23.069753686562706,12.4460976016643,0.9210509768724618,7.6813656000013
spatial,MAR,xgboost,40,28,23.032650236114247,12.432565103232289,0.9213047225866704,7.884896499977913
spatial,MAR,xgboost,40,29,23.048186687628583,12.472123978381088,0.9211985205030015,7.481663000013214
spatial,MAR,xgboost,40,30,23.03862859927752,12.455583315656368,0.9212638649345692,7.350257200014312
spatial,MAR,xgboost,50,1,23.387895822117898,12.588049153101316,0.918858478545769,8.366684500011615
spatial,MAR,xgboost,50,2,23.399142394178646,12.584393225539388,0.918780422495914,8.263692299980903
spatial,MAR,xgboost,50,3,23.491953758479227,12.60192582009766,0.9181348390475657,8.035682699992321
spatial,MAR,xgboost,50,4,23.489171716716392,12.597422894170514,0.918154227712571,8.578423300001305
spatial,MAR,xgboost,50,5,23.57012598279235,12.662184539804654,0.9175891007518302,7.559977099997923
spatial,MAR,xgboost,50,6,23.44793011043798,12.59257741956616,0.918441380269275,7.22641279999516
spatial,MAR,xgboost,50,7,23.52821972651505,12.607033754705126,0.9178818834192516,7.672839400009252
spatial,MAR,xgboost,50,8,23.33031585688203,12.607765651313636,0.9192575204036796,7.13566329999594
spatial,MAR,xgboost,50,9,23.54090953343296,12.614263442044129,0.9177932796854142,7.407224900001893
spatial,MAR,xgboost,50,10,23.575945162358035,12.653422099475083,0.9175484032162716,7.261674300010782
spatial,MAR,xgboost,50,11,23.460289227373863,12.627817669981752,0.9183553805103292,8.222263100004056
spatial,MAR,xgboost,50,12,23.574491664092708,12.646510712622725,0.9175585694732592,8.020497399993474
spatial,MAR,xgboost,50,13,23.541355766628858,12.639534265387008,0.9177901630925608,7.360108900000341
spatial,MAR,xgboost,50,14,23.539451991966743,12.627219610167217,0.9178034590707226,7.445641000027535
spatial,MAR,xgboost,50,15,23.396575062522803,12.618160905992164,0.918798244187813,7.571167699992657
spatial,MAR,xgboost,50,16,23.414468412846954,12.598293995834297,0.918673992918966,7.354746600001818
spatial,MAR,xgboost,50,17,23.60742444361601,12.63727635899122,0.9173280727233066,7.564687899983255
spatial,MAR,xgboost,50,18,23.54124070303077,12.624873254080294,0.9177909667282228,7.407362099998863
spatial,MAR,xgboost,50,19,23.55067885176201,12.610033759299665,0.9177250350613322,7.50067300000228
spatial,MAR,xgboost,50,20,23.48819811877889,12.596072193817308,0.918161012389752,7.935412000020733
spatial,MAR,xgboost,50,21,23.325581298642245,12.581739667415848,0.919290288171185,8.17126649999409
spatial,MAR,xgboost,50,22,23.375842341297947,12.610906361015624,0.9189420932285988,7.815231799992034
spatial,MAR,xgboost,50,23,23.458336194349567,12.64492432891301,0.9183689735227082,7.524637599999551
spatial,MAR,xgboost,50,24,23.488842743827178,12.594300289950995,0.9181565202456546,7.254661900020437
spatial,MAR,xgboost,50,25,23.301847780191427,12.591318738398726,0.9194544470744482,7.4748772000020836
spatial,MAR,xgboost,50,26,23.288423820543237,12.588865922386828,0.9195472233054754,7.317719599988777
spatial,MAR,xgboost,50,27,23.44138281640022,12.596514215082635,0.9184869206398084,7.258236399997259
spatial,MAR,xgboost,50,28,23.4958483921764,12.620523688102551,0.9181076926256972,7.736416100000497
spatial,MAR,xgboost,50,29,23.337831146291705,12.586326861026706,0.919205493603964,7.712560099986149
spatial,MAR,xgboost,50,30,23.525690542762067,12.60623381258119,0.9178995371682986,7.737093799980357
spatial,MCAR,lightgbm,10,1,22.688674962782283,12.208830560605028,0.9236376803671288,4.013833600009093
spatial,MCAR,lightgbm,10,2,22.71045380457957,12.199632941353409,0.9234910097416048,3.9842359999893233
spatial,MCAR,lightgbm,10,3,22.81133091947889,12.211762215422322,0.9228098126596688,3.4429429000010714
spatial,MCAR,lightgbm,10,4,22.70844568400032,12.207639047759416,0.9235045394127028,3.594801600003848
spatial,MCAR,lightgbm,10,5,22.63990837069542,12.1909588876931,0.923965590924036,3.4424473000108264
spatial,MCAR,lightgbm,10,6,22.716070116136592,12.208683081168235,0.9234531636058776,3.381968600006076
spatial,MCAR,lightgbm,10,7,22.79826585221973,12.254186839642236,0.9228982078688625,3.400349900010042
spatial,MCAR,lightgbm,10,8,22.82799732743956,12.245158560367871,0.922696978110708,3.396662799990736
spatial,MCAR,lightgbm,10,9,22.75725278668252,12.212090632157617,0.9231753637335132,3.4147291999834124
spatial,MCAR,lightgbm,10,10,22.874217134675597,12.250163403428571,0.9223836306214296,3.344268099986948
spatial,MCAR,lightgbm,10,11,22.66971452403661,12.209595767254546,0.9237652557422618,4.58935360002215
spatial,MCAR,lightgbm,10,12,22.7653351611674,12.203885567644592,0.9231207845847476,3.938163799990434
spatial,MCAR,lightgbm,10,13,22.753669033510217,12.21894445169086,0.9231995581174426,3.45347939999192
spatial,MCAR,lightgbm,10,14,22.70113706197501,12.196828279540483,0.9235537710023602,3.6532404999888968
spatial,MCAR,lightgbm,10,15,22.69064625934085,12.201352285341873,0.9236244103707422,3.425108700001146
spatial,MCAR,lightgbm,10,16,22.74378825848719,12.2010726093427,0.9232662447798918,3.709244800003944
spatial,MCAR,lightgbm,10,17,22.719322217217155,12.218550539627351,0.9234312446852686,3.4656982000160497
spatial,MCAR,lightgbm,10,18,22.7775652295128,12.226289759371618,0.923038159786026,3.397663800016744
spatial,MCAR,lightgbm,10,19,22.82708857826154,12.238325237513966,0.9227031326286308,3.668218000006164
spatial,MCAR,lightgbm,10,20,22.876235964893365,12.243269037134214,0.9223699295023292,3.426274299999932
spatial,MCAR,lightgbm,10,21,22.82501171405286,12.21189267122782,0.922717197303922,4.06554850001703
spatial,MCAR,lightgbm,10,22,22.84406142256545,12.247304181419157,0.9225881433313222,3.932229199999711
spatial,MCAR,lightgbm,10,23,22.89200515286356,12.266352246653502,0.9222628677374872,3.3795996999833733
spatial,MCAR,lightgbm,10,24,22.803832669396886,12.221399570337178,0.9228605502693368,3.803661599988118
spatial,MCAR,lightgbm,10,25,22.65530251733925,12.213714204617665,0.9238621556306283,3.378050700004678
spatial,MCAR,lightgbm,10,26,22.78026339602224,12.237077919360845,0.9230199253385032,3.4348819000006188
spatial,MCAR,lightgbm,10,27,22.712105150667128,12.208483625996836,0.9234798829348752,3.5658922999864444
spatial,MCAR,lightgbm,10,28,22.83777773976565,12.229494799187917,0.9226307246081138,3.95452369999839
spatial,MCAR,lightgbm,10,29,22.68980923812262,12.191405258561412,0.923630045010606,3.318713199987542
spatial,MCAR,lightgbm,10,30,22.83428723522145,12.277834006749355,0.922654372895852,3.456602500024019
spatial,MCAR,lightgbm,20,1,22.824081661003547,12.244830277532447,0.9227234952758848,4.189212800003588
spatial,MCAR,lightgbm,20,2,22.813232195069943,12.218675041324714,0.9227969448497516,4.281838199996855
spatial,MCAR,lightgbm,20,3,22.798080809609417,12.265385996056828,0.9228994594604588,3.367220800020732
spatial,MCAR,lightgbm,20,4,22.83455908702,12.256251263803687,0.9226525312204114,3.6343541000096593
spatial,MCAR,lightgbm,20,5,22.795518947729065,12.251320781215284,0.922916786343324,3.376241999998456
spatial,MCAR,lightgbm,20,6,22.766840496980905,12.21844355339874,0.9231106171207772,3.409816300001694
spatial,MCAR,lightgbm,20,7,22.998212687847023,12.32137171485624,0.9215398710726352,3.573218700010329
spatial,MCAR,lightgbm,20,8,22.821729739411715,12.252809415181744,0.9227394204656488,3.865179000014905
spatial,MCAR,lightgbm,20,9,22.82357549769649,12.226366556093296,0.9227269227169584,3.7623440000170376
spatial,MCAR,lightgbm,20,10,22.92566647373424,12.276056682360409,0.9220340840716796,3.362588899995899
spatial,MCAR,lightgbm,20,11,22.78817208754629,12.232492939794488,0.9229664652590576,4.007603200006997
spatial,MCAR,lightgbm,20,12,22.729504729963036,12.240036460532956,0.9233625950101711,4.411420999997063
spatial,MCAR,lightgbm,20,13,22.7863517842627,12.24777966358262,0.9229787715375238,4.103575200017076
spatial,MCAR,lightgbm,20,14,22.74416019244592,12.23663125613232,0.923263735072856,4.130300899996655
spatial,MCAR,lightgbm,20,15,22.785731960928675,12.265416051889888,0.9229829616690354,3.5126717999810357
spatial,MCAR,lightgbm,20,16,22.750990475548,12.21372584312138,0.923217638922474,3.619189799996093
spatial,MCAR,lightgbm,20,17,22.83532384469465,12.252696821336553,0.9226473502085356,3.4162457000056747
spatial,MCAR,lightgbm,20,18,22.797214592339905,12.252310076933238,0.9229053182475638,3.754883899993729
spatial,MCAR,lightgbm,20,19,22.696970545345327,12.23112195247698,0.923581829971724,3.386431500024628
spatial,MCAR,lightgbm,20,20,22.96832170775156,12.280409250800862,0.9217436891790856,3.4542621999862604
spatial,MCAR,lightgbm,20,21,22.904280113077657,12.234060757913456,0.922179478271924,4.231009399984032
spatial,MCAR,lightgbm,20,22,22.959040085443636,12.26236949735102,0.9218069239917488,4.000597300007939
spatial,MCAR,lightgbm,20,23,22.96315149155345,12.299977349501512,0.9217789165250436,3.549145099997986
spatial,MCAR,lightgbm,20,24,22.810437835264025,12.228694264514024,0.9228158566724992,3.640169299993431
spatial,MCAR,lightgbm,20,25,22.66430579690724,12.193837499320583,0.92380162882849,3.446454699995229
spatial,MCAR,lightgbm,20,26,22.89442120785928,12.26163036390625,0.922246457895121,3.3912010999920312
spatial,MCAR,lightgbm,20,27,22.74192250113294,12.230623654654403,0.9232788337729172,3.391266499995254
spatial,MCAR,lightgbm,20,28,22.780369456122248,12.23234696767076,0.9230192085308632,3.3582596000051126
spatial,MCAR,lightgbm,20,29,22.820186824298816,12.247595257221096,0.9227498668680508,3.508576299995184
spatial,MCAR,lightgbm,20,30,22.87597369061585,12.285364533313178,0.9223717095376434,3.489414099982241
spatial,MCAR,lightgbm,30,1,22.782790177240813,12.303243276361542,0.923002847169469,4.072268399992026
spatial,MCAR,lightgbm,30,2,22.74621876857713,12.300564611593886,0.923249843630757,4.07693750000908
spatial,MCAR,lightgbm,30,3,22.71081056992093,12.298489277001224,0.923488605917299,3.388982800010126
spatial,MCAR,lightgbm,30,4,22.795805747948357,12.308124222227232,0.9229148466970536,3.783477599994512
spatial,MCAR,lightgbm,30,5,22.718255967770578,12.33572371733854,0.9234384314733628,3.708279499987839
spatial,MCAR,lightgbm,30,6,22.71456935311964,12.278507676403876,0.9234632775794428,3.4659924999868963
spatial,MCAR,lightgbm,30,7,22.856262931481663,12.34363022102165,0.9225054265418746,3.773132300004363
spatial,MCAR,lightgbm,30,8,22.81757729223543,12.333261778030728,0.9227675332592112,3.4806236999866087
spatial,MCAR,lightgbm,30,9,22.71987812631657,12.289188681926946,0.9234274975850552,3.641963000001852
spatial,MCAR,lightgbm,30,10,22.818689846409487,12.327587480553513,0.9227600015745852,3.3933738000050653
spatial,MCAR,lightgbm,30,11,22.810856567642094,12.297703471980032,0.9228130228999286,4.461293800006388
spatial,MCAR,lightgbm,30,12,22.67405039475514,12.278035800409867,0.923736091228048,3.748534299986204
spatial,MCAR,lightgbm,30,13,22.725882410754124,12.319255838519515,0.923387019917537,3.43208249998861
spatial,MCAR,lightgbm,30,14,22.8123451964134,12.301913503096902,0.9228029481792536,3.719177299994044
spatial,MCAR,lightgbm,30,15,22.67765150376543,12.322079019222905,0.9237118647265546,3.4552106999908574
spatial,MCAR,lightgbm,30,16,22.734726540240068,12.285972670169974,0.9233273780564788,3.839928800007328
spatial,MCAR,lightgbm,30,17,22.835422436310523,12.306561805613851,0.9226466822662504,3.458264400018379
spatial,MCAR,lightgbm,30,18,22.74291412885372,12.310075047512925,0.9232721430022622,3.466389299981529
spatial,MCAR,lightgbm,30,19,22.728032242361422,12.292846231189918,0.9233725243046892,3.703771600004984
spatial,MCAR,lightgbm,30,20,22.855339648058937,12.331323136448882,0.922511687233757,3.649267700006021
spatial,MCAR,lightgbm,30,21,22.831895515598863,12.301983524005491,0.9226705747911907,4.865011199988658
spatial,MCAR,lightgbm,30,22,22.852939215457088,12.306757129431409,0.9225279631419055,4.298070999997435
spatial,MCAR,lightgbm,30,23,22.92765601929281,12.37906103993613,0.9220205513377338,3.680294499994488
spatial,MCAR,lightgbm,30,24,22.831498034405666,12.318282509759236,0.9226732672285866,3.409394299989799
spatial,MCAR,lightgbm,30,25,22.822412102901303,12.326644250195711,0.9227348002561018,3.4329020000004675
spatial,MCAR,lightgbm,30,26,22.826370644307776,12.321073374983204,0.9227079946742432,3.48681430000579
spatial,MCAR,lightgbm,30,27,22.75846973225158,12.308465087762134,0.9231671471090108,3.3838421999826096
spatial,MCAR,lightgbm,30,28,22.839512211273323,12.304318051443008,0.9226189721599428,3.3985379000077955
spatial,MCAR,lightgbm,30,29,22.721470119302865,12.28832524363164,0.92341676626361,3.473824799992144
spatial,MCAR,lightgbm,30,30,22.80003909489241,12.338221105682774,0.922886213491232,3.423715600016294
spatial,MCAR,lightgbm,40,1,22.90064209794604,12.375848258720398,0.922204197647521,4.658528200001456
spatial,MCAR,lightgbm,40,2,22.88754089795638,12.392506062513348,0.9222931843946116,4.1016089000040665
spatial,MCAR,lightgbm,40,3,22.868247924598325,12.38766256222203,0.9224241345616964,3.3876836000126787
spatial,MCAR,lightgbm,40,4,22.97699250425037,12.401327048076489,0.9216845927737356,3.527620000008028
spatial,MCAR,lightgbm,40,5,22.91784087509771,12.414009627017544,0.922087301790186,3.3506372999981977
spatial,MCAR,lightgbm,40,6,22.887549306489355,12.362924748833088,0.9222931272980064,3.577665099990554
spatial,MCAR,lightgbm,40,7,23.054883293393928,12.40564314074696,0.9211527226178552,3.754338000027929
spatial,MCAR,lightgbm,40,8,22.892621843051437,12.372594027804563,0.9222586793431456,3.4144650000089314
spatial,MCAR,lightgbm,40,9,22.806661561363327,12.35325084307166,0.9228414102670212,3.378562500001862
spatial,MCAR,lightgbm,40,10,22.9372447980215,12.405933015258311,0.9219553127424848,3.609406000003218
spatial,MCAR,lightgbm,40,11,22.868935122286167,12.375367257532709,0.92241947213574,4.566881600010674
spatial,MCAR,lightgbm,40,12,22.92648657133783,12.403328839146,0.9220285059739164,4.032291499985149
spatial,MCAR,lightgbm,40,13,22.98515450724062,12.409810470074026,0.9216289437048116,3.370833499997389
spatial,MCAR,lightgbm,40,14,22.90185058897837,12.38548176317964,0.9221959866978242,3.603496199997608
spatial,MCAR,lightgbm,40,15,22.94058859787949,12.425431879921389,0.9219325563183098,3.454672799998661
spatial,MCAR,lightgbm,40,16,22.852131702383748,12.371156268931454,0.9225334380243014,3.4725825999921653
spatial,MCAR,lightgbm,40,17,22.94288799664607,12.378560851585911,0.921916905701566,3.475407999998424
spatial,MCAR,lightgbm,40,18,22.899490756861816,12.413219519823596,0.922212019895602,3.4231230999866966
spatial,MCAR,lightgbm,40,19,22.84686720159567,12.363488179067696,0.9225691262311018,3.4746926999941934
spatial,MCAR,lightgbm,40,20,22.966162384909897,12.424488232522204,0.9217584027222356,3.442731700022705
spatial,MCAR,lightgbm,40,21,23.007963182916708,12.409238880271172,0.9214733278778616,4.17415649999748
spatial,MCAR,lightgbm,40,22,22.89020577134105,12.409916874065896,0.9222750880092392,4.684513099986361
spatial,MCAR,lightgbm,40,23,23.00197226502737,12.41206159358816,0.921514216816402,3.415780199982692
spatial,MCAR,lightgbm,40,24,22.98252971239251,12.390086977131578,0.9216468418833346,3.833158599998569
spatial,MCAR,lightgbm,40,25,22.83281401544004,12.37527808111641,0.9226643529255212,3.3476516000228003
spatial,MCAR,lightgbm,40,26,22.92318857434874,12.405232363830203,0.9220509369082084,3.781349800003227
spatial,MCAR,lightgbm,40,27,22.861386568115947,12.382035979109071,0.9224706790820584,3.430287299997872
spatial,MCAR,lightgbm,40,28,22.90159111006309,12.368833593151164,0.92219774973322,3.563898899999913
spatial,MCAR,lightgbm,40,29,22.90220676208908,12.357640210170969,0.9221935666389888,3.448501800012309
spatial,MCAR,lightgbm,40,30,22.973122793282897,12.425470840455818,0.9217109698089532,3.412169899995206
spatial,MCAR,lightgbm,50,1,23.004455616084293,12.477823301887277,0.9214972688545712,4.036389600019902
spatial,MCAR,lightgbm,50,2,22.982832290606314,12.45250180901453,0.9216447787410268,3.9674374999885913
spatial,MCAR,lightgbm,50,3,22.91132886703204,12.463127819452405,0.9221315726304165,3.4412015000125398
spatial,MCAR,lightgbm,50,4,23.06270207682153,12.479207210847818,0.9210992333578693,4.333175400010077
spatial,MCAR,lightgbm,50,5,22.915725613978253,12.468860452445664,0.9221016834325536,3.670402699994156
spatial,MCAR,lightgbm,50,6,23.0020470523235,12.454502700470954,0.9215137064472056,3.380417599983048
spatial,MCAR,lightgbm,50,7,23.12544417990937,12.519838297753536,0.9206693501809652,3.452903299999889
spatial,MCAR,lightgbm,50,8,23.106311853879387,12.488507846320504,0.9208005608071366,3.3769181999959983
spatial,MCAR,lightgbm,50,9,22.93187255120514,12.448106004829125,0.9219918669342424,3.985946300002979
spatial,MCAR,lightgbm,50,10,23.08420059883575,12.483377013191795,0.92095206582602,3.710946299979696
spatial,MCAR,lightgbm,50,11,22.982558733863563,12.437720730665184,0.9216466440003884,4.106595300021581
spatial,MCAR,lightgbm,50,12,23.009948911751707,12.458116227529867,0.9214597726226758,4.209452199982479
spatial,MCAR,lightgbm,50,13,23.083941596092053,12.4867728316051,0.9209538396381032,3.712844299996505
spatial,MCAR,lightgbm,50,14,22.950477628093427,12.464248911074458,0.921865236536869,3.8216244999784976
spatial,MCAR,lightgbm,50,15,22.93371807710305,12.458885597074197,0.9219793104522024,3.491987999994308
spatial,MCAR,lightgbm,50,16,22.9552944827876,12.47091030973736,0.9218324351892064,3.485213899984956
spatial,MCAR,lightgbm,50,17,23.070495723081248,12.456812207224065,0.9210458980145582,3.5157127999991644
spatial,MCAR,lightgbm,50,18,23.07630925519812,12.466933335647884,0.921006101727116,3.443097099981969
spatial,MCAR,lightgbm,50,19,23.084762295389773,12.495566258296344,0.9209482189098376,3.483950800000457
spatial,MCAR,lightgbm,50,20,23.09510047069497,12.507615909335836,0.9208773986728632,3.4322544999886304
spatial,MCAR,lightgbm,50,21,23.00850410863922,12.451812963024745,0.9214696354522572,4.881959199992707
spatial,MCAR,lightgbm,50,22,23.170815023055,12.511425639296654,0.9203577601199164,3.871100099990144
spatial,MCAR,lightgbm,50,23,23.181855596888354,12.527130904235705,0.9202818451799378,3.388394200010225
spatial,MCAR,lightgbm,50,24,23.014567828368204,12.460901199048973,0.921428237813694,4.142710000014631
spatial,MCAR,lightgbm,50,25,22.949475413474747,12.449618880437615,0.9218720604551894,3.742159299988998
spatial,MCAR,lightgbm,50,26,23.00020627836081,12.460713811721146,0.9215262679156986,3.747881899995264
spatial,MCAR,lightgbm,50,27,22.91713102978595,12.467303275328256,0.9220921281704147,3.474859900015872
spatial,MCAR,lightgbm,50,28,23.024024320273814,12.462080070012364,0.921363655598846,3.4269423999940045
spatial,MCAR,lightgbm,50,29,22.93217387365952,12.463131183159591,0.9219898168830312,3.632303200021852
spatial,MCAR,lightgbm,50,30,23.119007245163708,12.522726362344844,0.9207135071833922,3.426106200000504
spatial,MCAR,xgboost,10,1,22.778354923600837,12.136065073185076,0.9230328231872138,7.982033700012835
spatial,MCAR,xgboost,10,2,22.871149269206573,12.151845799186134,0.922404448873707,7.818343400023878
spatial,MCAR,xgboost,10,3,22.777470439140643,12.159491242921405,0.9230388003484584,7.387269800005015
spatial,MCAR,xgboost,10,4,22.911745706878115,12.15196827752438,0.922128739188608,7.135981799976435
spatial,MCAR,xgboost,10,5,22.941610095852003,12.19972563059292,0.921925603793046,7.353958300023805
spatial,MCAR,xgboost,10,6,22.93416770363863,12.162752825503436,0.9219762511561816,7.281585400021868
spatial,MCAR,xgboost,10,7,22.90699220049599,12.179332562906565,0.9221610477818708,7.833166899974458
spatial,MCAR,xgboost,10,8,22.92214310511229,12.155270823328484,0.9220580468692728,8.278430100006517
spatial,MCAR,xgboost,10,9,23.067408734216244,12.188506973046753,0.9210670257900692,7.735815199994249
spatial,MCAR,xgboost,10,10,22.896578647075483,12.196631149143863,0.9222318031071056,7.178011400013929
spatial,MCAR,xgboost,10,11,22.901632875651444,12.190869327847691,0.922197465957328,7.671484099992085
spatial,MCAR,xgboost,10,12,22.824057167591132,12.14649948447724,0.9227236611326596,7.939320000004955
spatial,MCAR,xgboost,10,13,22.963992623818623,12.188593780059335,0.9217731859978412,7.7104539000138175
spatial,MCAR,xgboost,10,14,22.92940577757496,12.157748788649329,0.9220086486475916,7.522752299992135
spatial,MCAR,xgboost,10,15,22.76490503526192,12.132985393421103,0.9231236896533108,7.659241699991981
spatial,MCAR,xgboost,10,16,22.769585022651462,12.141474424027608,0.923092078087697,7.415017399995122
spatial,MCAR,xgboost,10,17,22.83969430451764,12.13300800484929,0.9226177382790746,7.528762700007064
spatial,MCAR,xgboost,10,18,22.952337840763285,12.180809690621109,0.9218525698577918,7.389040699985344
spatial,MCAR,xgboost,10,19,22.8833493393113,12.172668371152035,0.9223216437953956,7.258080300001893
spatial,MCAR,xgboost,10,20,22.8503867126164,12.151738812258133,0.9225452682726658,7.312913300003856
spatial,MCAR,xgboost,10,21,22.85699792412037,12.1468039172702,0.9225004424500304,7.8957961999985855
spatial,MCAR,xgboost,10,22,22.90866632179767,12.196568079489468,0.9221496698926492,7.854526000010082
spatial,MCAR,xgboost,10,23,22.950137453938204,12.176275046058327,0.9218675527614464,7.897480599989649
spatial,MCAR,xgboost,10,24,22.90195962880637,12.156824535265343,0.9221952458182704,7.41643290000502
spatial,MCAR,xgboost,10,25,22.903650289458483,12.175333838812572,0.9221837580422128,7.401051900000311
spatial,MCAR,xgboost,10,26,22.98567528902908,12.174111804344532,0.921625392309826,7.923061300010886
spatial,MCAR,xgboost,10,27,22.859161619810425,12.150120764377323,0.9224857691848928,7.315770699991845
spatial,MCAR,xgboost,10,28,22.89638208815148,12.156353636599407,0.9222331383255876,7.28943080001045
spatial,MCAR,xgboost,10,29,22.817575162264333,12.16734111052349,0.9227675476781751,7.560429600009229
spatial,MCAR,xgboost,10,30,22.91466580673062,12.161844710871168,0.9221088885538588,7.296331099991221
spatial,MCAR,xgboost,20,1,22.955667860992914,12.17858380120525,0.9218298923072192,8.157380099990405
spatial,MCAR,xgboost,20,2,22.874707718587203,12.154916007730892,0.9223803013052662,7.934355400007917
spatial,MCAR,xgboost,20,3,23.0396812194439,12.202027096855982,0.9212566699631684,7.519998300005682
spatial,MCAR,xgboost,20,4,22.893395279584865,12.181137148182968,0.9222534262101764,7.322256899991771
spatial,MCAR,xgboost,20,5,23.20688961337253,12.26168904838725,0.9201095774207704,7.267937900003744
spatial,MCAR,xgboost,20,6,22.99258758860189,12.181756651187388,0.9215782472755084,7.266278099996271
spatial,MCAR,xgboost,20,7,22.925405112591044,12.219882906244948,0.9220358617425524,7.286827900010394
spatial,MCAR,xgboost,20,8,22.880145213198613,12.17744858417668,0.9223433953162016,7.096549800015055
spatial,MCAR,xgboost,20,9,22.906162803277983,12.20048785726408,0.922166684335208,7.627175900008297
spatial,MCAR,xgboost,20,10,22.91989346204851,12.210934049677022,0.9220733449999212,7.604647200001636
spatial,MCAR,xgboost,20,11,22.91714850991455,12.22961782325685,0.92209200932132,7.930567799980054
spatial,MCAR,xgboost,20,12,23.03729403690675,12.189131477002515,0.9212729865920656,7.903005700005451
spatial,MCAR,xgboost,20,13,22.9865223896679,12.223328673502497,0.9216196154594376,7.520639900001697
spatial,MCAR,xgboost,20,14,22.85675528085581,12.181507110175364,0.922502087866974,7.500284899986582
spatial,MCAR,xgboost,20,15,22.928686134380072,12.173968337147576,0.9220135441137056,7.392564599984325
spatial,MCAR,xgboost,20,16,22.98137715578448,12.193453652399873,0.9216547003903724,7.335948899999494
spatial,MCAR,xgboost,20,17,23.122392678986515,12.19167419165843,0.9206902848343856,7.553945899999235
spatial,MCAR,xgboost,20,18,23.1243345657636,12.23699416391466,0.920676962947119,7.502745900012087
spatial,MCAR,xgboost,20,19,22.876358230973484,12.183240060387003,0.922369099684889,7.296523199998774
spatial,MCAR,xgboost,20,20,22.87203619467972,12.173603326839537,0.9223984305661432,7.338056699984008
spatial,MCAR,xgboost,20,21,22.90794218228294,12.195414994637089,0.9221545914894352,7.764547900005709
spatial,MCAR,xgboost,20,22,23.055892683544183,12.233300754009024,0.9211458182751696,7.946163799992064
spatial,MCAR,xgboost,20,23,23.024446865518147,12.20727047688406,0.9213607692469384,7.876738400023896
spatial,MCAR,xgboost,20,24,23.06002457658076,12.193644711613029,0.921117552508668,7.364268399978755
spatial,MCAR,xgboost,20,25,22.959700557886013,12.212450608301872,0.9218024251002852,7.575036900001578
spatial,MCAR,xgboost,20,26,22.880073885302014,12.186414250364637,0.9223438794978868,7.314948799990816
spatial,MCAR,xgboost,20,27,22.91845951159653,12.198070840459732,0.9220830954350028,7.385375699988799
spatial,MCAR,xgboost,20,28,22.835709806283354,12.174853294106668,0.9226447353646112,7.206617100018775
spatial,MCAR,xgboost,20,29,22.87154077133929,12.180537811963166,0.9224017923317548,7.316525300004287
spatial,MCAR,xgboost,20,30,22.86814347622411,12.18688139707433,0.9224248431996775,7.280319099983899
spatial,MCAR,xgboost,30,1,22.81038035572153,12.234581706382157,0.9228162456614076,8.332379400002537
spatial,MCAR,xgboost,30,2,22.828295757273903,12.226548417145322,0.9226949569365788,7.91632380001829
spatial,MCAR,xgboost,30,3,22.973183429589533,12.258322773253324,0.9217105565291438,7.903528099996038
spatial,MCAR,xgboost,30,4,22.791125233952368,12.224015859040524,0.9229464982300368,7.518790300004184
spatial,MCAR,xgboost,30,5,23.044270778709222,12.313538751227046,0.921225295121468,7.349175000010291
spatial,MCAR,xgboost,30,6,22.82686519750252,12.237211830907809,0.9227046454407758,7.432778199989116
spatial,MCAR,xgboost,30,7,22.970762073183632,12.25813328091416,0.921727058957373,7.086435800010804
spatial,MCAR,xgboost,30,8,22.861313240470405,12.226774865967892,0.9224711764301462,7.225500100001227
spatial,MCAR,xgboost,30,9,22.797034010736564,12.23215711886308,0.92290653960959,7.930410400003893
spatial,MCAR,xgboost,30,10,22.98015349073529,12.294206699504894,0.9216630433066344,7.263964299985673
spatial,MCAR,xgboost,30,11,22.89709256676804,12.289329401489525,0.9222283120129136,8.108669100009138
spatial,MCAR,xgboost,30,12,22.912445775855076,12.263039757513583,0.9221239803991692,7.815687499998603
spatial,MCAR,xgboost,30,13,22.951630050355664,12.280672069331295,0.9218573895104982,7.471364500001073
spatial,MCAR,xgboost,30,14,22.999797585492605,12.248480417608548,0.9215290567054436,7.364642700005788
spatial,MCAR,xgboost,30,15,22.656911567607175,12.211297238219595,0.9238513401520624,7.267507199983811
spatial,MCAR,xgboost,30,16,22.89124932494364,12.24274626129131,0.9222680009640972,7.329640800016932
spatial,MCAR,xgboost,30,17,22.89114666791492,12.226509343216115,0.9222686981491264,7.522444000001997
spatial,MCAR,xgboost,30,18,22.987481308758227,12.289195599701584,0.9216130757999372,7.6305797000241
spatial,MCAR,xgboost,30,19,22.85607419333218,12.253095151068765,0.9225067063768192,7.596632300002966
spatial,MCAR,xgboost,30,20,22.802720435740454,12.242299391973862,0.9228680748816368,7.831695600005332
spatial,MCAR,xgboost,30,21,22.85967061869356,12.243829412209438,0.9224823171688624,7.546728900022572
spatial,MCAR,xgboost,30,22,22.854904153288714,12.269749861253633,0.9225146401921448,7.861493800010066
spatial,MCAR,xgboost,30,23,22.83494295415001,12.244756696657277,0.9226499306534106,7.761760100023821
spatial,MCAR,xgboost,30,24,22.8854926689662,12.223099644099753,0.9223070918940158,7.291747699986445
spatial,MCAR,xgboost,30,25,22.881682792372963,12.256623792455812,0.922332957691,7.333964699995704
spatial,MCAR,xgboost,30,26,22.797352649600096,12.229724358652378,0.9229043844920192,7.512724800006254
spatial,MCAR,xgboost,30,27,22.775810829025023,12.23073568759309,0.9230500150206608,7.580488100007642
spatial,MCAR,xgboost,30,28,22.7881274775714,12.205792247923648,0.9229667668594382,7.713403900008416
spatial,MCAR,xgboost,30,29,22.75384228316635,12.2526455542724,0.9231983885741234,7.294005500007188
spatial,MCAR,xgboost,30,30,22.81252526142915,12.243341595636846,0.9228017294932226,7.311305700015509
spatial,MCAR,xgboost,40,1,23.01985848394068,12.34115985499846,0.9213921090525314,7.850119600014295
spatial,MCAR,xgboost,40,2,22.92794948078987,12.310490835828084,0.9220185551361006,8.199353700008942
spatial,MCAR,xgboost,40,3,23.05304529306694,12.333082448727726,0.9211652939714378,8.00966330000665
spatial,MCAR,xgboost,40,4,23.000432024734344,12.33300651149058,0.921524727473221,7.435185900016222
spatial,MCAR,xgboost,40,5,23.23460193983917,12.40281943626536,0.9199186624473088,7.627423500001896
spatial,MCAR,xgboost,40,6,23.043854822058428,12.320245271647778,0.9212281389143568,7.679904100019485
spatial,MCAR,xgboost,40,7,23.05688007182826,12.352888332451853,0.9211390641352664,7.705845400021644
spatial,MCAR,xgboost,40,8,22.8641549060578,12.313328966526802,0.92245190153723,7.279693000018597
spatial,MCAR,xgboost,40,9,23.17469642808092,12.372210084407282,0.9203310757170664,7.367136599990772
spatial,MCAR,xgboost,40,10,23.00574801759778,12.35752532535436,0.9214884479635064,7.461175799980992
spatial,MCAR,xgboost,40,11,23.037466399670944,12.372001692716964,0.9212718085321432,7.72602430000552
spatial,MCAR,xgboost,40,12,22.96115113446646,12.338989494211768,0.9217925438604342,7.95910969999386
spatial,MCAR,xgboost,40,13,22.97210726797981,12.355649076867085,0.9217178911782928,7.543763699999545
spatial,MCAR,xgboost,40,14,22.9406490824973,12.334324155042808,0.9219321446561854,7.758779600000707
spatial,MCAR,xgboost,40,15,22.96342025046849,12.319863473576028,0.921777085527538,7.245994800003245
spatial,MCAR,xgboost,40,16,22.991296048883303,12.319547143067304,0.9215870572420568,7.233493900013855
spatial,MCAR,xgboost,40,17,23.086011365446723,12.319141969420066,0.9209396640126468,7.342063999996753
spatial,MCAR,xgboost,40,18,23.201467122364736,12.367821850141372,0.9201469072391302,8.30708759999834
spatial,MCAR,xgboost,40,19,23.01577519417281,12.350469183215052,0.9214199937008408,8.107943800016074
spatial,MCAR,xgboost,40,20,23.070914630074803,12.337043731407476,0.9210430307397351,7.630483999993885
spatial,MCAR,xgboost,40,21,23.087846032011186,12.34221345458552,0.920927097518044,7.525572599988664
spatial,MCAR,xgboost,40,22,23.104276413943666,12.36762913819371,0.9208145135835136,8.165623200009577
spatial,MCAR,xgboost,40,23,22.971642827543576,12.324165593338831,0.9217210564960252,7.595536299981177
spatial,MCAR,xgboost,40,24,23.003659914830333,12.323623808318962,0.9215026994235322,7.251841099990997
spatial,MCAR,xgboost,40,25,22.93128270319723,12.332745675896446,0.921995879894808,7.327469000010751
spatial,MCAR,xgboost,40,26,23.02565334384602,12.338879353805364,0.9213525276579928,7.374852799985092
spatial,MCAR,xgboost,40,27,23.06516465482109,12.328133253878198,0.9210823828028188,7.376017500006128
spatial,MCAR,xgboost,40,28,22.96095440630364,12.310926599890989,0.9217938839973608,7.656762600003276
spatial,MCAR,xgboost,40,29,23.12860611896462,12.35979517531867,0.9206476549584596,7.2879538999986835
spatial,MCAR,xgboost,40,30,22.974155188503783,12.321445159915708,0.9217039331481164,7.98843230001512
spatial,MCAR,xgboost,50,1,23.08312798319216,12.422233175693416,0.9209594116364648,7.848119999980554
spatial,MCAR,xgboost,50,2,23.10151008488974,12.427021377570108,0.9208334745753168,7.907330600020941
spatial,MCAR,xgboost,50,3,23.169435333248643,12.439362215395958,0.9203672443193284,7.745420699997339
spatial,MCAR,xgboost,50,4,23.06311655702409,12.420661299349415,0.9210963973415603,7.482661899994127
spatial,MCAR,xgboost,50,5,23.3384493530228,12.486690067082078,0.9192012131402896,7.357175400014967
spatial,MCAR,xgboost,50,6,23.11774471704113,12.426137186853351,0.9207221666117658,7.694426900008693
spatial,MCAR,xgboost,50,7,23.162830772897912,12.450335953113823,0.9204126372581238,7.59485350002069
spatial,MCAR,xgboost,50,8,23.22183517479868,12.441135534365204,0.9200066431873088,7.394296599988593
spatial,MCAR,xgboost,50,9,23.18071299109065,12.438574664332478,0.9202897034103308,7.53714790000231
spatial,MCAR,xgboost,50,10,23.252623205901244,12.476212288232178,0.9197943885931338,7.404198999982327
spatial,MCAR,xgboost,50,11,23.293572686793627,12.474360590723157,0.9195116445662403,7.6946538999909535
spatial,MCAR,xgboost,50,12,23.157748632813583,12.44743503424528,0.9204475578390902,8.160793599992758
spatial,MCAR,xgboost,50,13,23.139222820927717,12.436768289565295,0.9205747881760954,8.215250299981562
spatial,MCAR,xgboost,50,14,23.15828946147334,12.436638484245425,0.9204438420423818,7.669281199981924
spatial,MCAR,xgboost,50,15,23.129574052540047,12.431489228727962,0.920641013018529,7.532439699978568
spatial,MCAR,xgboost,50,16,23.07659465149448,12.421607006343644,0.9210041478006746,7.666899400006514
spatial,MCAR,xgboost,50,17,23.068333534159684,12.406493044456337,0.92106069662894,7.4114340000087395
spatial,MCAR,xgboost,50,18,23.16904590408728,12.450706805670162,0.920369921212934,7.405425699980697
spatial,MCAR,xgboost,50,19,23.19543139071593,12.437202279664673,0.9201884485042194,7.458445800002664
spatial,MCAR,xgboost,50,20,23.27226906719511,12.473223043309943,0.9196588018293336,7.520512499992037
spatial,MCAR,xgboost,50,21,23.16212950515293,12.432290623540217,0.9204174562896208,8.124030999984825
spatial,MCAR,xgboost,50,22,23.06038304181268,12.42088514587095,0.9211151000538133,8.260264199983794
spatial,MCAR,xgboost,50,23,23.207731361262336,12.436883281475696,0.9201037818302948,7.721696199994767
spatial,MCAR,xgboost,50,24,23.19342720711076,12.443683771405588,0.920202240021164,7.845562599977711
spatial,MCAR,xgboost,50,25,23.10658742408548,12.433001515583062,0.9207986717011586,7.443644299986772
spatial,MCAR,xgboost,50,26,23.09443679211858,12.425971681075646,0.92088194606342,7.310366699995939
spatial,MCAR,xgboost,50,27,23.091894883081764,12.430150284845078,0.9208993614981732,7.479148399987025
spatial,MCAR,xgboost,50,28,23.13704989405669,12.445251133730665,0.9205897045866333,7.334730600006878
spatial,MCAR,xgboost,50,29,23.2332979342711,12.446273935316848,0.9199276510738368,7.459124099987093
spatial,MCAR,xgboost,50,30,23.092462951624213,12.423037509534309,0.9208954696445724,7.812033499998506
spatiotemporal,MAR,lightgbm,10,1,23.0394258438084,12.317023216273732,0.9212584155616697,3.698550000000978
spatiotemporal,MAR,lightgbm,10,2,22.92053672293825,12.277126074337446,0.922068970819654,3.5586351999954786
spatiotemporal,MAR,lightgbm,10,3,23.04751198520741,12.315530994021898,0.9212031340347756,3.1254944000102114
spatiotemporal,MAR,lightgbm,10,4,22.91470897789526,12.30312020222219,0.9221085950603214,2.919502200005809
spatiotemporal,MAR,lightgbm,10,5,22.969175653461317,12.31278220299383,0.921737870044016,3.305900600011228
spatiotemporal,MAR,lightgbm,10,6,23.08533572531256,12.295397214260442,0.9209442915382527,3.199710800021421
spatiotemporal,MAR,lightgbm,10,7,23.119552246146437,12.341937192022698,0.9207097689843105,2.953856200008886
spatiotemporal,MAR,lightgbm,10,8,22.98415584026005,12.296947975373168,0.9216357537426432,2.9225689999875613
spatiotemporal,MAR,lightgbm,10,9,23.09414261507736,12.297060975954084,0.9208839616628468,2.893741800013231
spatiotemporal,MAR,lightgbm,10,10,23.12186996976386,12.331824219795738,0.9206938705749756,2.9476699999941047
spatiotemporal,MAR,lightgbm,10,11,23.02038306785245,12.293738179889267,0.9213885263280926,3.90833009997732
spatiotemporal,MAR,lightgbm,10,12,23.054213480151603,12.343002833338144,0.9211573040492728,3.4816116000001784
spatiotemporal,MAR,lightgbm,10,13,23.05774386447171,12.313453410911409,0.9211331552029178,2.918582399986917
spatiotemporal,MAR,lightgbm,10,14,22.975274970421065,12.28527861894839,0.9216963005143324,2.9094335999980103
spatiotemporal,MAR,lightgbm,10,15,23.06666793349533,12.31495128817003,0.9210720955112454,3.2453060999978334
spatiotemporal,MAR,lightgbm,10,16,22.901497900787227,12.27644051696327,0.9221983830408896,3.404049899982056
spatiotemporal,MAR,lightgbm,10,17,23.008240799275995,12.317763574690698,0.9214714328452442,2.8911698999872897
spatiotemporal,MAR,lightgbm,10,18,23.046488333391476,12.32210351224751,0.9212101333814924,2.9970022999914363
spatiotemporal,MAR,lightgbm,10,19,23.00864945747285,12.306120501283456,0.9214686432684202,2.938947000016924
spatiotemporal,MAR,lightgbm,10,20,23.11609875520649,12.336642590412678,0.9207334552252844,2.8993976000056136
spatiotemporal,MAR,lightgbm,10,21,22.995457247340894,12.302413232887757,0.9215586707306076,3.905163999996148
spatiotemporal,MAR,lightgbm,10,22,23.13060720422274,12.347643802495533,0.920633923246628,3.5789466999995057
spatiotemporal,MAR,lightgbm,10,23,23.205686956527504,12.379234568516006,0.9201178575716702,2.9055318999744486
spatiotemporal,MAR,lightgbm,10,24,23.033423450222188,12.29029996590641,0.9212994388421208,3.1933664999960456
spatiotemporal,MAR,lightgbm,10,25,22.97069362575137,12.294199884827684,0.9217275254263416,3.2804778999998234
spatiotemporal,MAR,lightgbm,10,26,23.0082084638074,12.325532418251829,0.921471653571049,2.9804716000217013
spatiotemporal,MAR,lightgbm,10,27,22.971960468836464,12.29438836063946,0.9217188916707304,3.25112669999362
spatiotemporal,MAR,lightgbm,10,28,23.032354967066496,12.307621592385644,0.92130674025554,2.907250899996143
spatiotemporal,MAR,lightgbm,10,29,22.938539939731616,12.299440160830397,0.921946498973935,2.9238184000132605
spatiotemporal,MAR,lightgbm,10,30,22.95129290260446,12.318762529812584,0.9218596852439028,2.967177900020033
spatiotemporal,MAR,lightgbm,20,1,23.255267212670685,12.461214760270671,0.9197761475341087,3.8307952000177465
spatiotemporal,MAR,lightgbm,20,2,23.23169290819429,12.448776012914164,0.9199387139689288,3.481352300004801
spatiotemporal,MAR,lightgbm,20,3,23.15373025419652,12.436980237710287,0.9204751636398556,2.904683700005989
spatiotemporal,MAR,lightgbm,20,4,23.283224467258368,12.488023669130063,0.9195831429294988,2.965365100011695
spatiotemporal,MAR,lightgbm,20,5,23.2005390342178,12.444360686354546,0.9201532955615784,3.287439700012328
spatiotemporal,MAR,lightgbm,20,6,23.18092604109918,12.457836881444868,0.920288238195916,3.1454057000228204
spatiotemporal,MAR,lightgbm,20,7,23.21439112425796,12.48822757531772,0.9200579207149572,3.037089700024808
spatiotemporal,MAR,lightgbm,20,8,23.22955270677271,12.44433378475297,0.9199534644553644,2.933895300026052
spatiotemporal,MAR,lightgbm,20,9,23.232430457197346,12.457086307787344,0.9199336303911404,3.1668372999993157
spatiotemporal,MAR,lightgbm,20,10,23.32414269950707,12.474600422844777,0.9193002433649832,2.933204000000842
spatiotemporal,MAR,lightgbm,20,11,23.18233700012332,12.456405420597008,0.920278534230482,3.93956659999094
spatiotemporal,MAR,lightgbm,20,12,23.297898886725356,12.462759038271344,0.9194817443823566,3.546491799992509
spatiotemporal,MAR,lightgbm,20,13,23.1045958777445,12.456504539563817,0.920812323766278,2.8506115000054706
spatiotemporal,MAR,lightgbm,20,14,23.150174242457208,12.44954904537319,0.9204995890376332,2.9155654000060167
spatiotemporal,MAR,lightgbm,20,15,23.27537260293512,12.48054378478939,0.919637372169422,3.242701599985594
spatiotemporal,MAR,lightgbm,20,16,23.175074761013487,12.425890439202815,0.9203284744641104,3.4964684000005946
spatiotemporal,MAR,lightgbm,20,17,23.262147581576336,12.48593359375412,0.9197286700015048,2.9515800999943167
spatiotemporal,MAR,lightgbm,20,18,23.146400650517663,12.43801468988632,0.920525504839039,2.8855131000163965
spatiotemporal,MAR,lightgbm,20,19,23.10572608593907,12.43548614519174,0.9208045763250275,3.1516920999856666
spatiotemporal,MAR,lightgbm,20,20,23.281120847246804,12.468809571797236,0.9195976734656808,2.938839200010989
spatiotemporal,MAR,lightgbm,20,21,23.1066343118818,12.455142646895952,0.9207983502707848,3.995142600004328
spatiotemporal,MAR,lightgbm,20,22,23.34886744630176,12.46048231218118,0.9191290612020808,3.454626399994595
spatiotemporal,MAR,lightgbm,20,23,23.31539662335502,12.505406363038343,0.9193607535320348,2.935766100010369
spatiotemporal,MAR,lightgbm,20,24,23.343759632575832,12.468902321630296,0.9191644400923016,2.969410999998217
spatiotemporal,MAR,lightgbm,20,25,23.31319413385318,12.454494685146091,0.9193759879891464,3.5129827999917325
spatiotemporal,MAR,lightgbm,20,26,23.235478029863703,12.484515987076993,0.9199126231974116,3.229799699998693
spatiotemporal,MAR,lightgbm,20,27,23.20515451718738,12.4435310414624,0.9201215232168496,2.878958999994211
spatiotemporal,MAR,lightgbm,20,28,23.246724498399832,12.47657675463459,0.9198350764267992,2.9209873999934644
spatiotemporal,MAR,lightgbm,20,29,23.17970062650863,12.446376855214226,0.9202966655878116,3.151313600013964
spatiotemporal,MAR,lightgbm,20,30,23.249521271623816,12.506619845585574,0.9198157862598328,2.878713300015079
spatiotemporal,MAR,lightgbm,30,1,23.345812911232287,12.584362318007663,0.9191502191414328,3.957415600016248
spatiotemporal,MAR,lightgbm,30,2,23.22741546815736,12.529615446298806,0.9199681931657188,3.451078600017354
spatiotemporal,MAR,lightgbm,30,3,23.171373160664853,12.550036463872328,0.9203539232359108,2.918332000001101
spatiotemporal,MAR,lightgbm,30,4,23.172264510923583,12.540013892478989,0.9203477955095908,2.98502270001336
spatiotemporal,MAR,lightgbm,30,5,23.2316630150073,12.56151827769406,0.9199389200051796,3.2495670999924187
spatiotemporal,MAR,lightgbm,30,6,23.24039945500443,12.558457963101402,0.9198786935515246,3.1514173000177834
spatiotemporal,MAR,lightgbm,30,7,23.33748075934188,12.601813368997709,0.9192079196330124,2.912993500009179
spatiotemporal,MAR,lightgbm,30,8,23.19310734901117,12.540233664885296,0.9202044409709098,2.9199813999875914
spatiotemporal,MAR,lightgbm,30,9,23.35349354786172,12.561938686931708,0.919097012175392,3.108586699992884
spatiotemporal,MAR,lightgbm,30,10,23.41136872556782,12.600640411341946,0.9186955239227216,2.8995832999935374
spatiotemporal,MAR,lightgbm,30,11,23.149263783005765,12.535826054066693,0.920505842163546,3.925194000010378
spatiotemporal,MAR,lightgbm,30,12,23.233613339546043,12.567799067130483,0.9199254770034376,3.46076250000624
spatiotemporal,MAR,lightgbm,30,13,23.236934007801903,12.579917442816424,0.9199025860372584,2.967434899997897
spatiotemporal,MAR,lightgbm,30,14,23.229031070978383,12.545472940160291,0.919957059416478,2.935855599993374
spatiotemporal,MAR,lightgbm,30,15,23.27158221430753,12.591275218519746,0.9196635441060296,3.370287500001723
spatiotemporal,MAR,lightgbm,30,16,23.15132318738607,12.517722463627337,0.9204916976187862,3.145101600006456
spatiotemporal,MAR,lightgbm,30,17,23.277714599680536,12.55769421020364,0.9196211989819972,2.9553652000031434
spatiotemporal,MAR,lightgbm,30,18,23.38575803024524,12.597793405501609,0.9188733114968488,2.949439900025027
spatiotemporal,MAR,lightgbm,30,19,23.08570501323222,12.5236953988286,0.9209417622658206,3.1112248999997973
spatiotemporal,MAR,lightgbm,30,20,23.28166164670872,12.560435171158511,0.919593938075084,2.9341482000018004
spatiotemporal,MAR,lightgbm,30,21,23.20575746889619,12.55373355546972,0.9201173721141488,3.9664369000238366
spatiotemporal,MAR,lightgbm,30,22,23.352936422404245,12.591121850282205,0.9191008722039888,3.563130700000329
spatiotemporal,MAR,lightgbm,30,23,23.38949745377396,12.62460746911595,0.9188473648243602,3.1393677000014577
spatiotemporal,MAR,lightgbm,30,24,23.153814158294686,12.546293942149678,0.9204745872772832,2.902310600009514
spatiotemporal,MAR,lightgbm,30,25,23.176475445330546,12.545215724382222,0.9203188435973424,3.408210900000995
spatiotemporal,MAR,lightgbm,30,26,23.305381525308512,12.563871885589965,0.919430015618279,3.181895500019891
spatiotemporal,MAR,lightgbm,30,27,23.23832660519709,12.576808624862274,0.9198929852188006,2.881494200002635
spatiotemporal,MAR,lightgbm,30,28,23.22304963880531,12.541581862490704,0.9199982759250096,2.935214599972824
spatiotemporal,MAR,lightgbm,30,29,23.114832321530532,12.541007727019243,0.9207421403475348,2.8931859000003897
spatiotemporal,MAR,lightgbm,30,30,23.377017354873107,12.589549416000509,0.918933944086145,2.971673100022599
spatiotemporal,MAR,lightgbm,40,1,23.441043034840224,12.759254350767131,0.9184892836779236,4.41472810000414
spatiotemporal,MAR,lightgbm,40,2,23.34023565779154,12.736693890061677,0.9191888441281424,3.485636099998373
spatiotemporal,MAR,lightgbm,40,3,23.270905218056463,12.721077933738547,0.9196682181920344,3.0791310999775305
spatiotemporal,MAR,lightgbm,40,4,23.427871303892715,12.74918663764537,0.9185808611371667,2.9318026000109967
spatiotemporal,MAR,lightgbm,40,5,23.38848356904499,12.748987685337797,0.9188544002584788,3.269692500005476
spatiotemporal,MAR,lightgbm,40,6,23.424361692486794,12.73633644461955,0.9186052532922506,3.209532000008039
spatiotemporal,MAR,lightgbm,40,7,23.587811696309544,12.787950122438817,0.9174653812292684,2.951803900010418
spatiotemporal,MAR,lightgbm,40,8,23.51135325263945,12.77056125727091,0.9179995758449532,2.907637500000419
spatiotemporal,MAR,lightgbm,40,9,23.355490453557252,12.725183677011568,0.9190831759119672,3.128912100015441
spatiotemporal,MAR,lightgbm,40,10,23.54386289885938,12.782476231675655,0.9177726516196336,2.900704100000439
spatiotemporal,MAR,lightgbm,40,11,23.48683100076305,12.73457427757038,0.9181705389015544,3.932643099979032
spatiotemporal,MAR,lightgbm,40,12,23.3958922021356,12.746361198532476,0.918802984082698,3.4834004000003915
spatiotemporal,MAR,lightgbm,40,13,23.45345999502345,12.757058789633748,0.9184029066868068,2.891731300012907
spatiotemporal,MAR,lightgbm,40,14,23.42836815790428,12.73875727824977,0.9185774076561226,2.935660099989036
spatiotemporal,MAR,lightgbm,40,15,23.40857853893237,12.76396192056918,0.9187149026396898,3.377678899996681
spatiotemporal,MAR,lightgbm,40,16,23.46826057690232,12.752959161047109,0.918299888580083,3.184475700021721
spatiotemporal,MAR,lightgbm,40,17,23.380359206804428,12.723449545806304,0.9189107648999062,2.9525566000083927
spatiotemporal,MAR,lightgbm,40,18,23.45177918606893,12.74865156230013,0.918414601695619,2.939783300011186
spatiotemporal,MAR,lightgbm,40,19,23.350566722811863,12.7383449175251,0.9191172895743908,3.1667643999971915
spatiotemporal,MAR,lightgbm,40,20,23.448687334471504,12.76593336941144,0.9184361124998884,2.9378968000237364
spatiotemporal,MAR,lightgbm,40,21,23.448735734558824,12.758372716437364,0.9184357757899232,3.930487600009656
spatiotemporal,MAR,lightgbm,40,22,23.453619889041097,12.772941767269286,0.9184017941062704,3.56987969999318
spatiotemporal,MAR,lightgbm,40,23,23.594903229991587,12.820600770339595,0.9174157466960188,2.9625824999820907
spatiotemporal,MAR,lightgbm,40,24,23.50185075635877,12.768978497639786,0.9180658460636196,2.924741199996788
spatiotemporal,MAR,lightgbm,40,25,23.39376615167492,12.726267172046816,0.9188177406141408,3.310362599993823
spatiotemporal,MAR,lightgbm,40,26,23.49595695825266,12.753880363486104,0.9181069358326774,3.7186246999772266
spatiotemporal,MAR,lightgbm,40,27,23.329642674322468,12.732422454728225,0.9192621798900948,2.901646999991499
spatiotemporal,MAR,lightgbm,40,28,23.512799519085892,12.736745353113363,0.9179894872627812,2.933004399994388
spatiotemporal,MAR,lightgbm,40,29,23.38777433222512,12.729907586977674,0.9188593215330316,3.134399200003827
spatiotemporal,MAR,lightgbm,40,30,23.514020398139216,12.786943837721246,0.9179809704107988,2.882301200006623
spatiotemporal,MAR,lightgbm,50,1,23.703307625143083,12.928309096664965,0.9166551534772625,3.772292899986496
spatiotemporal,MAR,lightgbm,50,2,23.573622410376263,12.888748931941166,0.9175646490273556,3.4320383000012957
spatiotemporal,MAR,lightgbm,50,3,23.68784779818695,12.915650211115336,0.9167638367658616,3.187839599995641
spatiotemporal,MAR,lightgbm,50,4,23.68276751580534,12.92719619919273,0.9167995359034028,3.260036699997727
spatiotemporal,MAR,lightgbm,50,5,23.60856679515188,12.931053724009168,0.9173200716227812,2.9277184999955352
spatiotemporal,MAR,lightgbm,50,6,23.560681397083957,12.89642855409356,0.9176551318677816,3.237753900000825
spatiotemporal,MAR,lightgbm,50,7,23.75102984428611,12.943520413955891,0.9163192168246004,3.3574126999883447
spatiotemporal,MAR,lightgbm,50,8,23.778881575591285,12.945986972430331,0.9161228446058768,2.994626400002744
spatiotemporal,MAR,lightgbm,50,9,23.674001965325832,12.914177963867004,0.9168611134113782,3.176138599985279
spatiotemporal,MAR,lightgbm,50,10,23.7329681202574,12.967389034624578,0.916446440320566,2.9774241000122856
spatiotemporal,MAR,lightgbm,50,11,23.542652257515936,12.886300462536804,0.917781107773879,4.12928359999205
spatiotemporal,MAR,lightgbm,50,12,23.664118147750116,12.923533717077571,0.916930519340718,3.634600699995645
spatiotemporal,MAR,lightgbm,50,13,23.61257878708005,12.907070086145064,0.9172919683166116,2.972457099996973
spatiotemporal,MAR,lightgbm,50,14,23.57886107930196,12.89758070183658,0.9175280064199284,2.9677260000025854
spatiotemporal,MAR,lightgbm,50,15,23.520720635306223,12.873147660089224,0.917934221684985,3.366351900011068
spatiotemporal,MAR,lightgbm,50,16,23.65690391513583,12.925023086129103,0.916981160670716,3.172978600021452
spatiotemporal,MAR,lightgbm,50,17,23.712755996028545,12.94089282463034,0.91658869608819,2.953322900022613
spatiotemporal,MAR,lightgbm,50,18,23.64842418138901,12.926790603866896,0.917040665624268,2.9006284000060987
spatiotemporal,MAR,lightgbm,50,19,23.56666755420124,12.916124365180355,0.917613283168213,3.183123499999056
spatiotemporal,MAR,lightgbm,50,20,23.62609803989206,12.929701932626797,0.9171972331421474,3.262626699986868
spatiotemporal,MAR,lightgbm,50,21,23.546761659287792,12.903926014925132,0.9177524024312887,3.830426400003489
spatiotemporal,MAR,lightgbm,50,22,23.718366098785086,12.94705657412217,0.9165492235493772,3.4571289000159595
spatiotemporal,MAR,lightgbm,50,23,23.78275304887839,12.9657782677894,0.916095530066276,2.945533699996304
spatiotemporal,MAR,lightgbm,50,24,23.65513872866768,12.916666907277172,0.9169935492964676,2.989973200019449
spatiotemporal,MAR,lightgbm,50,25,23.53908088556128,12.8826616375687,0.9178060507557292,3.236972499988042
spatiotemporal,MAR,lightgbm,50,26,23.673662773010157,12.949349843882878,0.9168634957605464,3.1364893999998458
spatiotemporal,MAR,lightgbm,50,27,23.59412135523077,12.927171196363124,0.9174212198673064,3.3447201999952085
spatiotemporal,MAR,lightgbm,50,28,23.69713962877457,12.920772826681302,0.9166985232747542,3.5185139999957755
spatiotemporal,MAR,lightgbm,50,29,23.57397592047428,12.898010563156197,0.917562176607377,3.3009171999874525
spatiotemporal,MAR,lightgbm,50,30,23.63819911489048,12.965494242340862,0.917112389754258,2.945397400006186
spatiotemporal,MAR,xgboost,10,1,23.012452751238857,12.216584279975372,0.9214426789017994,8.678547699993942
spatiotemporal,MAR,xgboost,10,2,22.92154590747928,12.2007628407388,0.9220621081076448,8.004332199983764
spatiotemporal,MAR,xgboost,10,3,22.88509509807907,12.21302846860983,0.9223097912608632,8.033538499992574
spatiotemporal,MAR,xgboost,10,4,23.092429418014344,12.251232574274406,0.920895699386938,7.479116900009103
spatiotemporal,MAR,xgboost,10,5,23.184425968208025,12.297780460142832,0.9202641661276504,7.149541599996155
spatiotemporal,MAR,xgboost,10,6,23.08334586576065,12.258983862128378,0.9209579194948714,7.2346648999955505
spatiotemporal,MAR,xgboost,10,7,22.97236428720452,12.234290406719392,0.921716139478352,7.333342999976594
spatiotemporal,MAR,xgboost,10,8,22.964407153527517,12.2113901995708,0.9217703617824144,7.1892388999986
spatiotemporal,MAR,xgboost,10,9,23.1246650383242,12.254480045922085,0.920674695701382,7.634026099985931
spatiotemporal,MAR,xgboost,10,10,23.170939273330823,12.283649042558482,0.9203569059767374,7.59016610000981
spatiotemporal,MAR,xgboost,10,11,23.098992512492277,12.278156810440242,0.9208507285641988,8.180855399987195
spatiotemporal,MAR,xgboost,10,12,23.000719920874232,12.246714392565336,0.9215227629127808,7.947785099997418
spatiotemporal,MAR,xgboost,10,13,23.108872173927036,12.24764448237513,0.9207830082745114,7.93605839999509
spatiotemporal,MAR,xgboost,10,14,22.973158522523303,12.231292203850154,0.921710726288751,7.350073600013275
spatiotemporal,MAR,xgboost,10,15,22.992419764926755,12.207999206285614,0.921579392077386,7.30392049998045
spatiotemporal,MAR,xgboost,10,16,23.11315666789723,12.22732366715778,0.9207536311431268,7.109797500015702
spatiotemporal,MAR,xgboost,10,17,23.06505354592272,12.224642749591824,0.9210831431206852,7.729169600002933
spatiotemporal,MAR,xgboost,10,18,23.229775822882416,12.2728142417536,0.9199519267798352,7.577174600010039
spatiotemporal,MAR,xgboost,10,19,23.123260794208257,12.256472344810968,0.9206843294590586,7.852107599988813
spatiotemporal,MAR,xgboost,10,20,22.95822391426717,12.223304863983904,0.9218124832660256,7.3611521999991965
spatiotemporal,MAR,xgboost,10,21,23.02097589225237,12.231836718227536,0.9213844774467488,8.099459899996873
spatiotemporal,MAR,xgboost,10,22,23.110336003861804,12.266946984325791,0.9207729719667502,7.885533299995586
spatiotemporal,MAR,xgboost,10,23,22.886137923119307,12.228558645532212,0.922302710744868,7.993819199997233
spatiotemporal,MAR,xgboost,10,24,23.028662230010333,12.204046070733623,0.921331971737216,7.078610099997604
spatiotemporal,MAR,xgboost,10,25,23.195440563265752,12.259747192407437,0.9201883853818256,7.506386299995938
spatiotemporal,MAR,xgboost,10,26,22.832095293813104,12.212754250198692,0.9226692215262328,7.344418699998641
spatiotemporal,MAR,xgboost,10,27,23.02881490127554,12.225348748427123,0.9213309286555904,7.575434400001541
spatiotemporal,MAR,xgboost,10,28,22.915356512258352,12.227328231889,0.9221041928159832,7.385011200007284
spatiotemporal,MAR,xgboost,10,29,22.96182689535698,12.248762349058286,0.9217879404050068,7.430456300004153
spatiotemporal,MAR,xgboost,10,30,23.013147461130337,12.25174461921383,0.9214379357853342,7.064326599997003
spatiotemporal,MAR,xgboost,20,1,23.16308693534556,12.37696545632238,0.9204108769027876,8.542751999979373
spatiotemporal,MAR,xgboost,20,2,23.13221710758924,12.348371967848252,0.920622875014343,8.117557999998098
spatiotemporal,MAR,xgboost,20,3,23.076792925964085,12.373585614013455,0.9210027903275968,8.083351199980825
spatiotemporal,MAR,xgboost,20,4,23.067673740071623,12.374044970517373,0.921065212164556,7.734437300008722
spatiotemporal,MAR,xgboost,20,5,23.277271480474624,12.438574634666487,0.9196242591665628,7.576071899995441
spatiotemporal,MAR,xgboost,20,6,23.12423994506052,12.34950799129285,0.9206776120975764,7.325518900004681
spatiotemporal,MAR,xgboost,20,7,23.191624211625427,12.378045959955962,0.9202146460711595,7.127930500020739
spatiotemporal,MAR,xgboost,20,8,23.24013632682702,12.37029267815479,0.9198805078107014,8.067165600019507
spatiotemporal,MAR,xgboost,20,9,23.170070325968386,12.381590464848916,0.9203628793520944,8.513429199985694
spatiotemporal,MAR,xgboost,20,10,23.090562217417247,12.378816467696897,0.9209084912524604,7.779745500010904
spatiotemporal,MAR,xgboost,20,11,23.22073647970653,12.421664350265257,0.9200142124624106,7.211641399975633
spatiotemporal,MAR,xgboost,20,12,23.149987978112435,12.37948215349003,0.9205008683396574,7.647075399989262
spatiotemporal,MAR,xgboost,20,13,23.227103981587916,12.418187057407684,0.9199703396521272,7.145929500024067
spatiotemporal,MAR,xgboost,20,14,23.25755315314275,12.378755195483636,0.9197603751103596,6.462466500001028
spatiotemporal,MAR,xgboost,20,15,23.24982696364565,12.382647950407216,0.9198136776714216,6.314432100014528
spatiotemporal,MAR,xgboost,20,16,23.32049092613488,12.393409425008183,0.9193255111020572,6.231210300000384
spatiotemporal,MAR,xgboost,20,17,23.299313580228425,12.367560712684892,0.919471965636897,6.365057499991963
spatiotemporal,MAR,xgboost,20,18,23.38379552559466,12.419901903013017,0.9188869270335228,6.305122599995229
spatiotemporal,MAR,xgboost,20,19,23.216751096136715,12.390748038419702,0.9200416660867258,6.782039399986388
spatiotemporal,MAR,xgboost,20,20,23.178014572837785,12.35578527794477,0.9203082601475764,6.820172000007005
spatiotemporal,MAR,xgboost,20,21,23.21102861952062,12.375108592865065,0.9200810775706508,7.017233699996723
spatiotemporal,MAR,xgboost,20,22,23.087951599844786,12.401715213582518,0.9209263744038926,7.27331079999567
spatiotemporal,MAR,xgboost,20,23,23.2415038107159,12.388271286114204,0.91987107883519,7.173100299987709
spatiotemporal,MAR,xgboost,20,24,23.1162998664447,12.365914791513337,0.9207320759733196,6.330630400014343
spatiotemporal,MAR,xgboost,20,25,23.21828198118465,12.404869578284282,0.9200311210235492,6.337643900013063
spatiotemporal,MAR,xgboost,20,26,23.13676181018329,12.379574469410828,0.9205916820801489,6.386706999997841
spatiotemporal,MAR,xgboost,20,27,23.21634376591133,12.36936816554121,0.9200444717472016,6.419426799984649
spatiotemporal,MAR,xgboost,20,28,23.06943695505564,12.353497466513865,0.921053144686801,6.338467999972636
spatiotemporal,MAR,xgboost,20,29,23.134344155881127,12.36349772307814,0.9206082766090236,6.450493300013477
spatiotemporal,MAR,xgboost,20,30,23.262240497565184,12.384247246778996,0.9197280287447273,6.816091499989852
spatiotemporal,MAR,xgboost,30,1,23.25685074827399,12.475697530691225,0.9197652216951864,7.501915399974678
spatiotemporal,MAR,xgboost,30,2,23.01407861569763,12.442116897517186,0.9214315781234806,7.42111960001057
spatiotemporal,MAR,xgboost,30,3,23.33520115288501,12.498216100929035,0.9192237024122164,7.317228400002932
spatiotemporal,MAR,xgboost,30,4,23.269852770285205,12.48616598868544,0.9196754841829462,6.331486399983987
spatiotemporal,MAR,xgboost,30,5,23.29330236836636,12.539988718112449,0.919513512666055,6.459697900019819
spatiotemporal,MAR,xgboost,30,6,23.178406966925053,12.46937496156206,0.9203055618291228,6.380958900001133
spatiotemporal,MAR,xgboost,30,7,23.27177960313333,12.487722239170202,0.9196621812776836,6.406635099992855
spatiotemporal,MAR,xgboost,30,8,23.239446566829493,12.473969180498678,0.9198852635832028,6.2329339000280015
spatiotemporal,MAR,xgboost,30,9,23.16621641818116,12.488198967581065,0.9203893694395552,6.528354300011415
spatiotemporal,MAR,xgboost,30,10,23.29581852975647,12.50704101942146,0.919496123295782,6.521972399990773
spatiotemporal,MAR,xgboost,30,11,23.387562601282585,12.538862372111794,0.9188607906693692,7.223649099993054
spatiotemporal,MAR,xgboost,30,12,23.214419857506392,12.507343299322317,0.9200577228207256,7.068696100002853
spatiotemporal,MAR,xgboost,30,13,23.213950430175185,12.51558580628636,0.9200609558724782,7.251361999980872
spatiotemporal,MAR,xgboost,30,14,23.219840376269712,12.47262049957311,0.9200203857512008,6.683935600012774
spatiotemporal,MAR,xgboost,30,15,23.244283035834517,12.464757394511166,0.919851914014593,6.418327999999747
spatiotemporal,MAR,xgboost,30,16,23.19478305878989,12.46955454702634,0.9201929100426044,6.598549999995157
spatiotemporal,MAR,xgboost,30,17,23.15900678193324,12.45697661445904,0.9204389135139835,6.530807800008915
spatiotemporal,MAR,xgboost,30,18,23.32090912603401,12.516936291068705,0.9193226176496224,6.667519500013441
spatiotemporal,MAR,xgboost,30,19,23.15665789907044,12.465507503729231,0.9204550515286484,6.625335399992764
spatiotemporal,MAR,xgboost,30,20,23.2340303050108,12.488982730296422,0.9199226028391988,6.539003000012599
spatiotemporal,MAR,xgboost,30,21,23.22000890224231,12.48158849638493,0.9200192247879062,7.1149528000096325
spatiotemporal,MAR,xgboost,30,22,23.235286148754007,12.501827529157351,0.9199139459325204,7.165841499983799
spatiotemporal,MAR,xgboost,30,23,23.222364083844383,12.485930050513495,0.9200029992296695,7.271968999993987
spatiotemporal,MAR,xgboost,30,24,23.11194810230726,12.460335151287294,0.920761918365156,6.52287330001127
spatiotemporal,MAR,xgboost,30,25,23.26826675643758,12.4957312736463,0.9196864332382892,8.119019200006733
spatiotemporal,MAR,xgboost,30,26,23.101433034543355,12.465482349833133,0.9208340026618368,6.950717599975178
spatiotemporal,MAR,xgboost,30,27,23.310278351795287,12.485868065085,0.9193961540243494,6.6527087000140455
spatiotemporal,MAR,xgboost,30,28,23.11950818336314,12.473984527897072,0.9207100712172344,6.498948499996914
spatiotemporal,MAR,xgboost,30,29,23.207117514338965,12.4843246697478,0.9201080083010634,6.46475859999191
spatiotemporal,MAR,xgboost,30,30,23.27359563580233,12.492990435295347,0.9196496423315088,6.471674300002633
spatiotemporal,MAR,xgboost,40,1,23.38111835138144,12.670699449726149,0.9189054989882992,7.185115800006315
spatiotemporal,MAR,xgboost,40,2,23.396103407608376,12.65273837000218,0.9188015180705114,6.91724979999708
spatiotemporal,MAR,xgboost,40,3,23.51791218722286,12.700052420081946,0.9179538183394856,7.040956499986351
spatiotemporal,MAR,xgboost,40,4,23.574552537548964,12.693960056550967,0.9175581437163552,6.643626699980814
spatiotemporal,MAR,xgboost,40,5,23.47495375652368,12.719252353417277,0.9182532799703094,6.334559499984607
spatiotemporal,MAR,xgboost,40,6,23.487408342331243,12.673393562863849,0.9181665158700903,6.656065999995917
spatiotemporal,MAR,xgboost,40,7,23.58629020793408,12.70818704512151,0.9174760283731952,6.350974700006191
spatiotemporal,MAR,xgboost,40,8,23.48125105724525,12.681700122224662,0.9182094159668855,6.264177999983076
spatiotemporal,MAR,xgboost,40,9,23.54356122244658,12.680900396833971,0.917774758826312,6.403516000020318
spatiotemporal,MAR,xgboost,40,10,23.50015228025393,12.711433886617598,0.9180776883798204,6.31205000000773
spatiotemporal,MAR,xgboost,40,11,23.61542538976303,12.734733590108304,0.917272025463397,7.060165899980348
spatiotemporal,MAR,xgboost,40,12,23.50209496472679,12.692201697615246,0.9180641432947456,7.17187130000093
spatiotemporal,MAR,xgboost,40,13,23.518570905447987,12.696496642032535,0.91794922217707,7.179042600007961
spatiotemporal,MAR,xgboost,40,14,23.449538293417294,12.664199338714406,0.9184301924432016,6.46655319997808
spatiotemporal,MAR,xgboost,40,15,23.600072110079157,12.675326018049054,0.9173795596555564,6.527996000018902
spatiotemporal,MAR,xgboost,40,16,23.637696763286755,12.6900410736332,0.9171159127198856,6.461617699998897
spatiotemporal,MAR,xgboost,40,17,23.47891237747972,12.687374431324312,0.91822570747178,6.369865899992874
spatiotemporal,MAR,xgboost,40,18,23.628501848565303,12.72192806852774,0.9171803829509352,6.405244399997173
spatiotemporal,MAR,xgboost,40,19,23.51941183441133,12.699242886754828,0.9179433544643274,6.433465499983868
spatiotemporal,MAR,xgboost,40,20,23.484463984432622,12.685895929701744,0.9181870317106988,6.456808499991894
spatiotemporal,MAR,xgboost,40,21,23.324913245277088,12.668177484734269,0.9192949112175972,7.026359400013462
spatiotemporal,MAR,xgboost,40,22,23.54606680491537,12.702385739918425,0.9177572565390748,7.110811399994418
spatiotemporal,MAR,xgboost,40,23,23.52024873743397,12.683256783011132,0.9179375146349148,7.164074700005585
spatiotemporal,MAR,xgboost,40,24,23.518218371442188,12.680534407340549,0.9179516819755594,6.524657199974172
spatiotemporal,MAR,xgboost,40,25,23.71364652539353,12.7180291978795,0.9165824309699296,6.484594899986405
spatiotemporal,MAR,xgboost,40,26,23.46746309148084,12.670377697414114,0.9183054410615336,6.710487699980149
spatiotemporal,MAR,xgboost,40,27,23.61815633312772,12.708007618076415,0.9172528906417556,6.341707099985797
spatiotemporal,MAR,xgboost,40,28,23.61538771121712,12.685325477785998,0.9172722894490968,6.2946717999875546
spatiotemporal,MAR,xgboost,40,29,23.59673033208094,12.711531922170517,0.9174029561621934,6.428382799989777
spatiotemporal,MAR,xgboost,40,30,23.512220102500372,12.669880090979335,0.9179935291180048,6.314152699982515
spatiotemporal,MAR,xgboost,50,1,23.64728991830674,12.82413502731199,0.917048623486742,7.081394899985753
spatiotemporal,MAR,xgboost,50,2,23.734086432485185,12.85173303026731,0.9164385659435862,7.224344699992798
spatiotemporal,MAR,xgboost,50,3,23.62494484591096,12.85618403787828,0.9172053161799656,7.363559300021734
spatiotemporal,MAR,xgboost,50,4,23.693655582536877,12.82457156377956,0.9167230160925398,6.513988299993798
spatiotemporal,MAR,xgboost,50,5,23.704737643105997,12.89466934994117,0.9166450968029174,6.542110799986403
spatiotemporal,MAR,xgboost,50,6,23.582466599370303,12.809403341383534,0.9175027823718588,6.412307599995984
spatiotemporal,MAR,xgboost,50,7,23.43229976257852,12.822665868815648,0.9185500776856445,6.6777988000249024
spatiotemporal,MAR,xgboost,50,8,23.689942776576565,12.858709794541076,0.9167491131256404,6.439724800002296
spatiotemporal,MAR,xgboost,50,9,23.6564689326952,12.852164231243352,0.9169842135981392,6.4168542999832425
spatiotemporal,MAR,xgboost,50,10,23.731886360020475,12.871906876895231,0.9164540569708024,6.44845290001831
spatiotemporal,MAR,xgboost,50,11,23.668250076197253,12.886139346985836,0.9169015077279512,7.261455899977591
spatiotemporal,MAR,xgboost,50,12,23.74282015454925,12.881995408367825,0.9163770563826812,7.168888099986361
spatiotemporal,MAR,xgboost,50,13,23.680870488574072,12.854080968209818,0.9168128643477732,7.224124800006393
spatiotemporal,MAR,xgboost,50,14,23.59849726945981,12.830914944508804,0.9173905858662864,6.457915600010892
spatiotemporal,MAR,xgboost,50,15,23.607248736391917,12.836992960046478,0.9173293033531732,6.411781900009373
spatiotemporal,MAR,xgboost,50,16,23.790564142824657,12.835558783078556,0.9160404066479152,6.490863999992143
spatiotemporal,MAR,xgboost,50,17,23.700762888255685,12.841919553919649,0.91667304796894,6.4172931000066455
spatiotemporal,MAR,xgboost,50,18,23.71066445092192,12.859710716001278,0.9166034097562804,6.524099400005071
spatiotemporal,MAR,xgboost,50,19,23.68372392897902,12.860084604433291,0.9167928157743775,6.46952070001862
spatiotemporal,MAR,xgboost,50,20,23.777610769819077,12.837355636980767,0.916131809596482,6.398433700000169
spatiotemporal,MAR,xgboost,50,21,23.800958085620334,12.860230693515735,0.9159670278211336,7.249748900008853
spatiotemporal,MAR,xgboost,50,22,23.68981531291493,12.853887551820398,0.9167500089854934,7.220382400002563
spatiotemporal,MAR,xgboost,50,23,23.802567636073693,12.8820002938172,0.915955661902053,7.460849099996267
spatiotemporal,MAR,xgboost,50,24,23.67283831480328,12.846658391855224,0.9168692862780796,6.520130799995968
spatiotemporal,MAR,xgboost,50,25,23.70908005555306,12.85394653735578,0.9166145548472948,6.406353200000012
spatiotemporal,MAR,xgboost,50,26,23.577582733136623,12.829567487928776,0.9175369487431784,6.62803759999224
spatiotemporal,MAR,xgboost,50,27,23.64290215271782,12.823612347539058,0.9170794039634194,6.403268399997614
spatiotemporal,MAR,xgboost,50,28,23.667716123680428,12.82333238615781,0.916905257067125,6.39956049999455
spatiotemporal,MAR,xgboost,50,29,23.72751836439208,12.87825699505482,0.9164848084015792,6.378147999988869
spatiotemporal,MAR,xgboost,50,30,23.823083348619367,12.869433181812184,0.9158107218624152,6.556551100016804
spatiotemporal,MCAR,lightgbm,10,1,23.070121072531936,12.28822832890396,0.921048462325083,4.505972799990559
spatiotemporal,MCAR,lightgbm,10,2,22.868342213708463,12.25612282836466,0.9224234948472396,3.947891899995738
spatiotemporal,MCAR,lightgbm,10,3,22.98997424390856,12.302142803111582,0.9215960731442662,3.3657959999982268
spatiotemporal,MCAR,lightgbm,10,4,22.99518182878557,12.294416348938936,0.9215605497163546,3.549159399990458
spatiotemporal,MCAR,lightgbm,10,5,22.815085243388204,12.249988957399562,0.9227844024094268,3.6419658999948297
spatiotemporal,MCAR,lightgbm,10,6,23.14852403438861,12.315974589750615,0.9205109226494136,3.661035400000401
spatiotemporal,MCAR,lightgbm,10,7,23.091729698021435,12.331354361183712,0.9209004931677112,3.5412656999833416
spatiotemporal,MCAR,lightgbm,10,8,23.10692498678195,12.295141351820366,0.9207963575897112,4.0652031999779865
spatiotemporal,MCAR,lightgbm,10,9,23.147196510658333,12.281816320132206,0.9205200394821356,3.5499513000249863
spatiotemporal,MCAR,lightgbm,10,10,23.15512915783472,12.29904043331608,0.9204655538756948,3.57331899998826
spatiotemporal,MCAR,lightgbm,10,11,23.01447418780358,12.272081196180672,0.9214288771903932,4.595937500009313
spatiotemporal,MCAR,lightgbm,10,12,22.960374020969528,12.272451099733487,0.9217978375881656,3.8902667999791447
spatiotemporal,MCAR,lightgbm,10,13,23.08594092967017,12.321685916392331,0.9209401464405188,3.3672098999959417
spatiotemporal,MCAR,lightgbm,10,14,23.035612514117325,12.276905159801624,0.9212844789518568,3.830554399988614
spatiotemporal,MCAR,lightgbm,10,15,22.9237300865776,12.27933977811412,0.9220472540986095,3.609240699996008
spatiotemporal,MCAR,lightgbm,10,16,22.90180728737254,12.264436612947982,0.9221962809129592,3.369391199987149
spatiotemporal,MCAR,lightgbm,10,17,23.038771824760516,12.295897390216242,0.9212628859651848,3.440583899995545
spatiotemporal,MCAR,lightgbm,10,18,23.108376964462654,12.303143037546509,0.9207864033847027,3.61563680000836
spatiotemporal,MCAR,lightgbm,10,19,23.02598911713705,12.29910609268431,0.9213502338761164,3.261982700001681
spatiotemporal,MCAR,lightgbm,10,20,23.032802893066737,12.295442556255296,0.9213036794222136,3.416415399988182
spatiotemporal,MCAR,lightgbm,10,21,22.972107729863502,12.276638175756707,0.9217178880303684,4.29558210002142
spatiotemporal,MCAR,lightgbm,10,22,23.017217213780004,12.30732749171712,0.9214101467625024,4.023537400003988
spatiotemporal,MCAR,lightgbm,10,23,23.204426003650557,12.35314749672186,0.9201265386230716,3.5866273999854457
spatiotemporal,MCAR,lightgbm,10,24,22.917833924824603,12.264871265963382,0.9220873490472076,3.6332015999942087
spatiotemporal,MCAR,lightgbm,10,25,23.01760162203152,12.276944621258588,0.921407521697964,4.48084820000804
spatiotemporal,MCAR,lightgbm,10,26,23.017543581290823,12.291836091967308,0.9214079180520216,3.389565399993444
spatiotemporal,MCAR,lightgbm,10,27,22.948901682171428,12.29760468314544,0.9218759667653316,3.8569897999987006
spatiotemporal,MCAR,lightgbm,10,28,23.026642690981205,12.279437813651407,0.9213457689943476,3.4593625999987125
spatiotemporal,MCAR,lightgbm,10,29,23.04425181162629,12.297536334036051,0.9212254247958466,3.4303225000039674
spatiotemporal,MCAR,lightgbm,10,30,23.0336818219131,12.306116598724332,0.9212976732243304,3.419935600017197
spatiotemporal,MCAR,lightgbm,20,1,23.072342584657992,12.410239546405547,0.9210332564887248,4.602693699998781
spatiotemporal,MCAR,lightgbm,20,2,22.99148956422649,12.41101213074736,0.9215857372493644,4.090560100012226
spatiotemporal,MCAR,lightgbm,20,3,22.935582776211238,12.37402081241762,0.9219666224942972,3.587881000014022
spatiotemporal,MCAR,lightgbm,20,4,22.985340320594823,12.387986787926035,0.9216276765871424,3.7779920999892056
spatiotemporal,MCAR,lightgbm,20,5,22.96415012088956,12.39456259232043,0.9217721129669858,3.562961699994048
spatiotemporal,MCAR,lightgbm,20,6,22.905034140922584,12.347431797153131,0.922174354355706,3.651531100011198
spatiotemporal,MCAR,lightgbm,20,7,23.091409270642203,12.422054510548108,0.9209026883667848,3.3762985999928787
spatiotemporal,MCAR,lightgbm,20,8,23.092022495949912,12.39791064293829,0.9208984872271534,3.600763599999482
spatiotemporal,MCAR,lightgbm,20,9,22.98120359989109,12.367310635433348,0.9216558837169444,3.5919239000068046
spatiotemporal,MCAR,lightgbm,20,10,23.091933042459804,12.409590953659675,0.9208991000701978,3.937345699989237
spatiotemporal,MCAR,lightgbm,20,11,22.946730338234456,12.409614047782156,0.9218907497055482,4.716490899998462
spatiotemporal,MCAR,lightgbm,20,12,23.04054106545948,12.411139848313844,0.9212507924163946,4.614636800019071
spatiotemporal,MCAR,lightgbm,20,13,23.025717749640403,12.40046258103892,0.9213520876826364,3.996888800000306
spatiotemporal,MCAR,lightgbm,20,14,22.923434211239723,12.352005748069736,0.9220492663493296,3.931484499975341
spatiotemporal,MCAR,lightgbm,20,15,22.962642017116394,12.403150515199735,0.9217823874075484,3.8956161999958567
spatiotemporal,MCAR,lightgbm,20,16,23.01585176940476,12.391429110616675,0.921419470816674,3.886466099997051
spatiotemporal,MCAR,lightgbm,20,17,22.98674913855812,12.397358244792285,0.921618069096524,3.635565400007181
spatiotemporal,MCAR,lightgbm,20,18,23.03006636806317,12.409470753437857,0.9213223781152756,3.4446547999978065
spatiotemporal,MCAR,lightgbm,20,19,22.942542878067105,12.374583489080306,0.9219192548150574,4.065816099988297
spatiotemporal,MCAR,lightgbm,20,20,23.16100485693532,12.41858487198322,0.9204251844385376,3.448902299976908
spatiotemporal,MCAR,lightgbm,20,21,23.0002624459719,12.371346221365416,0.9215258846419668,4.355200100020738
spatiotemporal,MCAR,lightgbm,20,22,23.03493466077528,12.404893651222926,0.9212891115001708,3.9643633000086993
spatiotemporal,MCAR,lightgbm,20,23,23.143847357426992,12.45025007425942,0.9205430376287146,3.6115731000027154
spatiotemporal,MCAR,lightgbm,20,24,23.12407174033944,12.399829971648831,0.9206787660686162,4.000675799994497
spatiotemporal,MCAR,lightgbm,20,25,22.953933491588785,12.37711646249898,0.921841703832141,4.09877760001109
spatiotemporal,MCAR,lightgbm,20,26,23.05387091114718,12.41373884703411,0.9211596471231942,3.960461700015003
spatiotemporal,MCAR,lightgbm,20,27,22.9391414704323,12.371825161729154,0.9219424052353704,3.7121351000096174
spatiotemporal,MCAR,lightgbm,20,28,22.981305612312795,12.37997503916236,0.9216551881841162,3.77189490001183
spatiotemporal,MCAR,lightgbm,20,29,23.026149019778824,12.388597429094949,0.9213491415148736,3.4253495000011758
spatiotemporal,MCAR,lightgbm,20,30,23.082129464218276,12.422876286622415,0.9209662496889356,3.7007549999980256
spatiotemporal,MCAR,lightgbm,30,1,23.138377434755505,12.456395947801534,0.9205805916336928,5.03777729999274
spatiotemporal,MCAR,lightgbm,30,2,23.07335321325941,12.439373848038498,0.9210263384397996,4.848013300012099
spatiotemporal,MCAR,lightgbm,30,3,23.088812026935777,12.474168637356854,0.9209204805629312,4.563470400025835
spatiotemporal,MCAR,lightgbm,30,4,23.06373256861704,12.46119589146109,0.9210921822838978,3.401569699984975
spatiotemporal,MCAR,lightgbm,30,5,23.019682806025944,12.452483648863234,0.921393308852928,3.910239500022726
spatiotemporal,MCAR,lightgbm,30,6,23.10707801357724,12.4507771818139,0.9207953085258732,3.58631049998803
spatiotemporal,MCAR,lightgbm,30,7,23.26238800332247,12.498078058499235,0.9197270107331172,3.646448000014061
spatiotemporal,MCAR,lightgbm,30,8,23.060984111255927,12.440682628661431,0.9211109877265594,3.3807856000203174
spatiotemporal,MCAR,lightgbm,30,9,23.163461445301813,12.456353580285178,0.9204083032251033,3.8174447000201326
spatiotemporal,MCAR,lightgbm,30,10,23.12788931926212,12.481396625129204,0.9206525734438727,4.087372599984519
spatiotemporal,MCAR,lightgbm,30,11,23.064272698417955,12.455022326210749,0.9210884863545584,5.248986299993703
spatiotemporal,MCAR,lightgbm,30,12,23.06413387805625,12.421186538249671,0.921089436264581,4.170302699989406
spatiotemporal,MCAR,lightgbm,30,13,23.163021214440008,12.459951689305315,0.920411328540502,3.390096699993592
spatiotemporal,MCAR,lightgbm,30,14,23.0395742948864,12.444948299283809,0.9212574008392688,3.600356800016016
spatiotemporal,MCAR,lightgbm,30,15,23.003018093825084,12.463338565273748,0.9215070796407424,3.6008297000080347
spatiotemporal,MCAR,lightgbm,30,16,23.033986297620206,12.429189115618206,0.9212955925231068,3.5283488999994006
spatiotemporal,MCAR,lightgbm,30,17,23.135116408949123,12.473130823166995,0.9206029761323936,3.910740999999689
spatiotemporal,MCAR,lightgbm,30,18,23.17093442667569,12.462897503693412,0.9203569392945554,3.398358999984339
spatiotemporal,MCAR,lightgbm,30,19,23.12311131307856,12.453915451977371,0.9206853549336071,3.4842901999945752
spatiotemporal,MCAR,lightgbm,30,20,23.193333655749683,12.477960972497486,0.9202028837530224,3.41635790001601
spatiotemporal,MCAR,lightgbm,30,21,23.101220761135018,12.45717502106674,0.9208354575290606,4.350813600001857
spatiotemporal,MCAR,lightgbm,30,22,23.02774315598711,12.474271940084224,0.9213382508947052,4.454344900004799
spatiotemporal,MCAR,lightgbm,30,23,23.301281460054696,12.519297587655435,0.9194583621299988,3.402666199981468
spatiotemporal,MCAR,lightgbm,30,24,23.06372826625484,12.457115790449697,0.92109221172319,3.86210349999601
spatiotemporal,MCAR,lightgbm,30,25,23.07341144779813,12.45267228961637,0.921025939798084,3.373470400023507
spatiotemporal,MCAR,lightgbm,30,26,23.0598261679208,12.436405827795271,0.9211189099134112,4.142472799983807
spatiotemporal,MCAR,lightgbm,30,27,23.017888137459824,12.454243266088271,0.92140556509987,3.84760219999589
spatiotemporal,MCAR,lightgbm,30,28,23.05273526337142,12.430989244908684,0.9211674143798478,3.4206782999972347
spatiotemporal,MCAR,lightgbm,30,29,23.22281656855907,12.46704995114156,0.9199998817371878,3.6347300999914296
spatiotemporal,MCAR,lightgbm,30,30,23.06647875574908,12.496477655140804,0.9210733901361908,3.379470500018215
spatiotemporal,MCAR,lightgbm,40,1,23.120365822377444,12.64550830978568,0.9207041884452372,4.420067899976857
spatiotemporal,MCAR,lightgbm,40,2,23.2173327605386,12.636464750146857,0.9200376595399968,4.611187300004531
spatiotemporal,MCAR,lightgbm,40,3,23.21273240652404,12.673527227517846,0.9200693443707888,3.359494900010759
spatiotemporal,MCAR,lightgbm,40,4,23.19813036137055,12.65802938502479,0.9201698740216824,3.603502299985848
spatiotemporal,MCAR,lightgbm,40,5,23.25137995636879,12.668245922602829,0.9198029650812356,3.588432599994121
spatiotemporal,MCAR,lightgbm,40,6,23.33005930212829,12.683045563500992,0.9192592961835876,3.4311108000110835
spatiotemporal,MCAR,lightgbm,40,7,23.31358925693784,12.702163919937966,0.919373255057906,3.5487747000006493
spatiotemporal,MCAR,lightgbm,40,8,23.40516792477336,12.679300246678473,0.9187385872822448,3.636207799980184
spatiotemporal,MCAR,lightgbm,40,9,23.300793484500808,12.666163663113544,0.919461735501449,3.333353299996816
spatiotemporal,MCAR,lightgbm,40,10,23.39921158382375,12.714399323089353,0.9187799421738616,3.3777402999985497
spatiotemporal,MCAR,lightgbm,40,11,23.232584738710614,12.667391750543969,0.9199325669809472,4.351033600018127
spatiotemporal,MCAR,lightgbm,40,12,23.307104050180204,12.654487737579846,0.9194181051562524,4.697010500007309
spatiotemporal,MCAR,lightgbm,40,13,23.22919263404786,12.671978453603538,0.9199559459797528,3.802006399986567
spatiotemporal,MCAR,lightgbm,40,14,23.19159099617137,12.665612154595308,0.9202148746109836,3.423575199994957
spatiotemporal,MCAR,lightgbm,40,15,23.26125444017878,12.691598581243202,0.9197348338581548,3.632353900000453
spatiotemporal,MCAR,lightgbm,40,16,23.179686457674283,12.670010219739536,0.9202967630267748,3.6655033999995794
spatiotemporal,MCAR,lightgbm,40,17,23.29105628185837,12.696029538157392,0.919529033942898,3.859231499984162
spatiotemporal,MCAR,lightgbm,40,18,23.266351732179523,12.667013448984497,0.9196996526242528,3.5931891000072937
spatiotemporal,MCAR,lightgbm,40,19,23.156585659651427,12.660933695963973,0.9204555478240918,4.132970499980729
spatiotemporal,MCAR,lightgbm,40,20,23.34363686737481,12.713886480511691,0.9191652903210414,3.3744921000034083
spatiotemporal,MCAR,lightgbm,40,21,23.21901435026959,12.651408755489536,0.920026076062992,4.470284199982416
spatiotemporal,MCAR,lightgbm,40,22,23.248367525281058,12.668023613381306,0.9198237442686736,3.9771955999895
spatiotemporal,MCAR,lightgbm,40,23,23.408244912558345,12.734830736880292,0.9187172196243796,3.454957399982959
spatiotemporal,MCAR,lightgbm,40,24,23.227271618940726,12.671750220740767,0.9199691844492376,3.609028400009265
spatiotemporal,MCAR,lightgbm,40,25,23.20245920200941,12.65580356536635,0.9201400781605046,3.3633291000151075
spatiotemporal,MCAR,lightgbm,40,26,23.24031670495347,12.67459292262497,0.9198792641123192,4.181905699981144
spatiotemporal,MCAR,lightgbm,40,27,23.229636798003817,12.679045244304364,0.9199528849156732,3.44525980000617
spatiotemporal,MCAR,lightgbm,40,28,23.23541787547153,12.658946499457358,0.9199130378737296,3.4680299000174277
spatiotemporal,MCAR,lightgbm,40,29,23.378364863455637,12.674124043855247,0.9189245981244436,3.837592600000789
spatiotemporal,MCAR,lightgbm,40,30,23.26760458299684,12.696794153229886,0.9196910043354553,3.4843556999985594
spatiotemporal,MCAR,lightgbm,50,1,23.484504269630783,12.834339604722398,0.9181867510268842,4.2956787000002805
spatiotemporal,MCAR,lightgbm,50,2,23.492872812329946,12.80670594019589,0.9181284334532136,3.687868699984392
spatiotemporal,MCAR,lightgbm,50,3,23.51841951699321,12.84236958150194,0.9179502784912942,3.656691800017143
spatiotemporal,MCAR,lightgbm,50,4,23.49044510446676,12.81804666428196,0.9181453534763812,3.3519108000036795
spatiotemporal,MCAR,lightgbm,50,5,23.39925111267701,12.795933456916057,0.9187796677596192,4.12913970000227
spatiotemporal,MCAR,lightgbm,50,6,23.38663333640272,12.791880516246492,0.9188672383972452,3.9462539000087418
spatiotemporal,MCAR,lightgbm,50,7,23.56717085964628,12.865914469603013,0.917609764119466,3.796145400003297
spatiotemporal,MCAR,lightgbm,50,8,23.535219493265487,12.82743488974363,0.9178330150243748,3.618744900013553
spatiotemporal,MCAR,lightgbm,50,9,23.45649069697233,12.792182627209437,0.9183818170524546,3.3311928000184707
spatiotemporal,MCAR,lightgbm,50,10,23.57381246092981,12.842569312682368,0.9175633198343308,3.401748999982374
spatiotemporal,MCAR,lightgbm,50,11,23.46646564720216,12.800763797112346,0.9183123854882396,4.40742269999464
spatiotemporal,MCAR,lightgbm,50,12,23.533326663876476,12.8142618385035,0.9178462311177966,4.536224500014214
spatiotemporal,MCAR,lightgbm,50,13,23.479639698478927,12.825048768681397,0.9182206410461798,3.459009599988349
spatiotemporal,MCAR,lightgbm,50,14,23.4698372427111,12.818425792797209,0.9182889105104584,3.646559199987678
spatiotemporal,MCAR,lightgbm,50,15,23.553407685207336,12.822051897527173,0.9177059674425356,4.177644199982751
spatiotemporal,MCAR,lightgbm,50,16,23.48362425213658,12.81808544995705,0.9181928823669868,3.5722901000117417
spatiotemporal,MCAR,lightgbm,50,17,23.52855755649427,12.844689257562957,0.9178795252161144,4.4310601000033785
spatiotemporal,MCAR,lightgbm,50,18,23.565214409394763,12.8334779516365,0.9176234429532898,3.60809789999621
spatiotemporal,MCAR,lightgbm,50,19,23.571209071062025,12.828947360620823,0.9175815267296022,3.3898952000017744
spatiotemporal,MCAR,lightgbm,50,20,23.587012050382757,12.839361200443818,0.917470977115302,3.608770500024548
spatiotemporal,MCAR,lightgbm,50,21,23.61933742163629,12.821330570148463,0.9172446144577668,4.355818900017766
spatiotemporal,MCAR,lightgbm,50,22,23.537135373889136,12.835043058625766,0.9178196369004168,3.95518390001962
spatiotemporal,MCAR,lightgbm,50,23,23.761369479049264,12.857440286725302,0.9162463427578996,3.4551969000021927
spatiotemporal,MCAR,lightgbm,50,24,23.481339605342335,12.800559887218023,0.9182087990990524,3.616089199989801
spatiotemporal,MCAR,lightgbm,50,25,23.44135268259902,12.804749418378638,0.91848713020913,3.634588100016117
spatiotemporal,MCAR,lightgbm,50,26,23.576161746209777,12.823176909886218,0.9175468883021236,3.582350199983921
spatiotemporal,MCAR,lightgbm,50,27,23.469506221461323,12.812198646522187,0.918291215419175,3.4109281999990344
spatiotemporal,MCAR,lightgbm,50,28,23.46210697808407,12.804058716401949,0.9183427280393248,3.68063039999106
spatiotemporal,MCAR,lightgbm,50,29,23.5432243815342,12.800853072534196,0.9177771116247578,3.494421500014141
spatiotemporal,MCAR,lightgbm,50,30,23.55453558720506,12.866419010897223,0.9176980856254,3.4785055000102147
spatiotemporal,MCAR,xgboost,10,1,23.06762738784956,12.213700097480226,0.9210655293876256,7.952728600008413
spatiotemporal,MCAR,xgboost,10,2,23.03364761563931,12.194112597824873,0.9212979069786524,8.679289599996991
spatiotemporal,MCAR,xgboost,10,3,23.02921994835018,12.215666142536662,0.9213281612567834,7.803797000000486
spatiotemporal,MCAR,xgboost,10,4,23.207491263659104,12.240335605107182,0.9201054349682912,7.375618599995505
spatiotemporal,MCAR,xgboost,10,5,23.145245913348635,12.28826583961395,0.9205334343539348,7.379366599983768
spatiotemporal,MCAR,xgboost,10,6,23.02959302908991,12.21020146105684,0.9213256122181614,7.557923899992602
spatiotemporal,MCAR,xgboost,10,7,23.14916424700652,12.239437474109469,0.9205065257717592,7.42172969999956
spatiotemporal,MCAR,xgboost,10,8,23.22367220215643,12.234705177884196,0.919993986496204,7.281100899999728
spatiotemporal,MCAR,xgboost,10,9,23.150852403878183,12.246204862172398,0.9204949311978448,7.247964400012279
spatiotemporal,MCAR,xgboost,10,10,22.92134839256745,12.222074613525466,0.9220634512831516,7.7336113000055775
spatiotemporal,MCAR,xgboost,10,11,23.16188298968338,12.273937504824136,0.9204191502809896,8.179671199992299
spatiotemporal,MCAR,xgboost,10,12,23.03032777763816,12.22101417120454,0.921320591997937,8.015808199997991
spatiotemporal,MCAR,xgboost,10,13,23.051206046922445,12.233707690143753,0.9211778728427436,7.48842930002138
spatiotemporal,MCAR,xgboost,10,14,23.2132863984825,12.23475881904304,0.9200655290966472,7.286406800005352
spatiotemporal,MCAR,xgboost,10,15,23.11601624606503,12.208806749818288,0.9207340210822618,7.264180199999828
spatiotemporal,MCAR,xgboost,10,16,23.210166412830077,12.237552929125718,0.9200870148645924,7.147047799982829
spatiotemporal,MCAR,xgboost,10,17,23.06973877119625,12.191304925331988,0.9210510789587908,8.805908799986355
spatiotemporal,MCAR,xgboost,10,18,23.143541853285427,12.248849055839434,0.9205451353154552,7.282794099999592
spatiotemporal,MCAR,xgboost,10,19,23.14214012729662,12.236990945419816,0.9205547596483858,7.710148999991361
spatiotemporal,MCAR,xgboost,10,20,23.001519329813654,12.22247746193201,0.9215173077361344,7.244475699990289
spatiotemporal,MCAR,xgboost,10,21,23.13876581036845,12.234617598855715,0.9205779255158671,8.46390010000323
spatiotemporal,MCAR,xgboost,10,22,23.23932864195464,12.274319954309622,0.9198860766401118,8.188970899995184
spatiotemporal,MCAR,xgboost,10,23,23.203983512123752,12.24261562018731,0.9201295848516564,7.264998200000264
spatiotemporal,MCAR,xgboost,10,24,23.20804673121744,12.246362231050464,0.9201016103954788,7.268350600003032
spatiotemporal,MCAR,xgboost,10,25,23.259749690231548,12.259460837970082,0.9197452180872844,7.677635200001532
spatiotemporal,MCAR,xgboost,10,26,23.158195327866512,12.235394711152686,0.9204444887993788,7.451972500013653
spatiotemporal,MCAR,xgboost,10,27,23.06125093571156,12.225008453107812,0.9211091621635714,7.269984799990198
spatiotemporal,MCAR,xgboost,10,28,23.174229674914557,12.22173664077971,0.9203342848506412,7.781147300003795
spatiotemporal,MCAR,xgboost,10,29,23.090102027816418,12.240133192839036,0.920911643772248,7.498222499998519
spatiotemporal,MCAR,xgboost,10,30,23.27545944483659,12.257860529935924,0.9196367724921112,7.272855799994431
spatiotemporal,MCAR,xgboost,20,1,23.173940227272745,12.33667221280136,0.9203362748981812,8.50048450002214
spatiotemporal,MCAR,xgboost,20,2,23.022083434520805,12.290994731525918,0.9213769128579088,8.077894700021716
spatiotemporal,MCAR,xgboost,20,3,23.06805107977312,12.32654147875381,0.9210626297218504,7.873752800020156
spatiotemporal,MCAR,xgboost,20,4,23.01748837823458,12.326708962931123,0.9214082950269064,7.341923900006805
spatiotemporal,MCAR,xgboost,20,5,23.058017848370948,12.36166620711191,0.9211312809194524,7.572558300016681
spatiotemporal,MCAR,xgboost,20,6,23.018643615760404,12.314589257350375,0.9214004058633524,7.547064700018382
spatiotemporal,MCAR,xgboost,20,7,23.07457119267104,12.357595399987002,0.9210180006111612,8.103892600018298
spatiotemporal,MCAR,xgboost,20,8,23.180278697150676,12.35057178332478,0.9202926901497372,7.350492400000803
spatiotemporal,MCAR,xgboost,20,9,23.1150453588721,12.339024464777006,0.9207406793841766,7.290691699978197
spatiotemporal,MCAR,xgboost,20,10,23.23491545405425,12.363306318652931,0.9199165012906738,7.47377250000136
spatiotemporal,MCAR,xgboost,20,11,23.12042775907713,12.3701297954278,0.920703763596644,8.75012759998208
spatiotemporal,MCAR,xgboost,20,12,23.064887445190557,12.32968658401746,0.9210842797406787,8.035639700014144
spatiotemporal,MCAR,xgboost,20,13,23.172701330516052,12.3737312368224,0.9203447924391368,7.443321600003401
spatiotemporal,MCAR,xgboost,20,14,23.20636848089178,12.360388529929567,0.9201131654092808,7.294595699990168
spatiotemporal,MCAR,xgboost,20,15,23.19750293642846,12.326881542908067,0.9201741921916424,7.278139499976531
spatiotemporal,MCAR,xgboost,20,16,23.05337371147226,12.324422195168388,0.9211630477646976,7.24779789999593
spatiotemporal,MCAR,xgboost,20,17,23.10666351596377,12.312703612425684,0.9207981500674232,7.322169599996414
spatiotemporal,MCAR,xgboost,20,18,23.193944432166663,12.358386249697531,0.9201986809213633,7.501342900010059
spatiotemporal,MCAR,xgboost,20,19,23.24488969704677,12.37511453224714,0.9198477303304208,7.978890900005354
spatiotemporal,MCAR,xgboost,20,20,23.072678589663607,12.315646863906636,0.9210309564696258,7.649124599993229
spatiotemporal,MCAR,xgboost,20,21,23.079366698722467,12.320436466012737,0.9209851681038188,8.263643300015246
spatiotemporal,MCAR,xgboost,20,22,23.0959784166726,12.341872328013054,0.920871382964899,7.855708699993556
spatiotemporal,MCAR,xgboost,20,23,23.032149868924638,12.322286585810565,0.9213081417422324,7.545836800010875
spatiotemporal,MCAR,xgboost,20,24,23.09074170192868,12.30051738556097,0.9209072616803224,7.191375499998685
spatiotemporal,MCAR,xgboost,20,25,23.161829562012105,12.357143879362454,0.9204195174199288,7.220771399996011
spatiotemporal,MCAR,xgboost,20,26,23.069825408521904,12.32740500664075,0.9210504859797116,7.29463229997782
spatiotemporal,MCAR,xgboost,20,27,22.941488863040195,12.293718356499062,0.9219264289446838,7.955994600022677
spatiotemporal,MCAR,xgboost,20,28,23.153206858811732,12.336541542233254,0.920478758953563,7.869409400009317
spatiotemporal,MCAR,xgboost,20,29,22.977129800306717,12.323351582753125,0.9216836568437016,7.763359100004891
spatiotemporal,MCAR,xgboost,20,30,23.10940892959384,12.321750440374643,0.9207793282452388,7.272334900015267
spatiotemporal,MCAR,xgboost,30,1,23.05298596408201,12.396272095082152,0.9211656997466408,8.506449699983932
spatiotemporal,MCAR,xgboost,30,2,23.11043854057608,12.389189393323074,0.9207722689309176,8.155651800014311
spatiotemporal,MCAR,xgboost,30,3,22.90533450649275,12.368916675753582,0.9221723132063626,7.908079699991504
spatiotemporal,MCAR,xgboost,30,4,23.089112033168185,12.390557961483454,0.920918425498098,8.065184800012503
spatiotemporal,MCAR,xgboost,30,5,23.196605716044854,12.449127336493811,0.9201803669904588,7.902158899989445
spatiotemporal,MCAR,xgboost,30,6,23.11464818936985,12.384772563655922,0.9207434030746549,8.08871470001759
spatiotemporal,MCAR,xgboost,30,7,23.110989303774375,12.395789456191777,0.920768492608072,8.358603100001346
spatiotemporal,MCAR,xgboost,30,8,23.075095485757828,12.378103892038196,0.9210144113625148,7.710364099999424
spatiotemporal,MCAR,xgboost,30,9,23.186378101328927,12.414691806886792,0.9202507380172864,7.63826879998669
spatiotemporal,MCAR,xgboost,30,10,23.114447735792517,12.409512043646243,0.9207447777180724,7.370363699999871
spatiotemporal,MCAR,xgboost,30,11,23.21189602495074,12.436343181656078,0.9200751042548,8.22868520001066
spatiotemporal,MCAR,xgboost,30,12,23.08605666036287,12.380850221610274,0.9209393537784756,8.216873600002145
spatiotemporal,MCAR,xgboost,30,13,23.09767930680318,12.403446979947736,0.9208597277721896,7.32918490000884
spatiotemporal,MCAR,xgboost,30,14,23.224126313904637,12.398122269181687,0.9199908576175708,7.644021600019187
spatiotemporal,MCAR,xgboost,30,15,23.044955222111376,12.379235947456246,0.9212206156392464,7.611178999999538
spatiotemporal,MCAR,xgboost,30,16,23.139067807225167,12.400266048256292,0.9205758523393144,7.947196500026621
spatiotemporal,MCAR,xgboost,30,17,23.151753949013408,12.369104903560409,0.9204887388726214,7.502216399996541
spatiotemporal,MCAR,xgboost,30,18,23.18402540139365,12.413536246440716,0.9202669213611068,7.30058559999452
spatiotemporal,MCAR,xgboost,30,19,23.223111494954487,12.403104669063614,0.919997849744534,7.30042479999247
spatiotemporal,MCAR,xgboost,30,20,23.0076496098792,12.386464444089825,0.9214754683262888,7.917579600005411
spatiotemporal,MCAR,xgboost,30,21,23.089766731096976,12.395926114082966,0.9209139406762478,8.318095199996606
spatiotemporal,MCAR,xgboost,30,22,23.11251321780852,12.41495220272702,0.9207580433810594,7.868920399982016
spatiotemporal,MCAR,xgboost,30,23,23.06290460889752,12.402913511642716,0.9210978475700132,7.646016000013333
spatiotemporal,MCAR,xgboost,30,24,23.17771513169173,12.37885050776902,0.92031031923954,7.458449700003257
spatiotemporal,MCAR,xgboost,30,25,23.238095046937072,12.40936464972224,0.9198945816632308,7.970707100001164
spatiotemporal,MCAR,xgboost,30,26,23.11431817751596,12.388820162878126,0.9207456661789474,7.37548919999972
spatiotemporal,MCAR,xgboost,30,27,23.085966459240083,12.38518159399115,0.9209399715838662,7.518563100020401
spatiotemporal,MCAR,xgboost,30,28,23.10217647853024,12.37328654661684,0.9208289071829864,7.8999549000000115
spatiotemporal,MCAR,xgboost,30,29,23.01265337800922,12.377886667914524,0.9214413091416532,7.688553500018315
spatiotemporal,MCAR,xgboost,30,30,23.045824062748164,12.398223868958796,0.92121467524838,7.566386000020429
spatiotemporal,MCAR,xgboost,40,1,23.28603126841496,12.573608359235326,0.9195637531982604,8.356497300002957
spatiotemporal,MCAR,xgboost,40,2,23.286507998712025,12.590035403429903,0.91956045965391,8.212047100008931
spatiotemporal,MCAR,xgboost,40,3,23.37822543035745,12.623509932517216,0.918925565220374,7.289499499980593
spatiotemporal,MCAR,xgboost,40,4,23.25862681569018,12.589850971271806,0.9197529665693132,7.518844400008675
spatiotemporal,MCAR,xgboost,40,5,23.41411543123766,12.660896862441092,0.9186764449386292,7.357352199993329
spatiotemporal,MCAR,xgboost,40,6,23.233020733212985,12.585158075417432,0.9199295617804008,7.658573399996385
spatiotemporal,MCAR,xgboost,40,7,23.340477264489977,12.598783323880566,0.9191871710843986,7.762336500018137
spatiotemporal,MCAR,xgboost,40,8,23.3157897540621,12.598293278894802,0.919358034124618,7.639695399993798
spatiotemporal,MCAR,xgboost,40,9,23.408941425808028,12.6258394636982,0.9187123824077494,7.489366699999664
spatiotemporal,MCAR,xgboost,40,10,23.303628292256025,12.609771367230463,0.9194421375091976,7.3300048999954015
spatiotemporal,MCAR,xgboost,40,11,23.361016565455888,12.644376991764076,0.9190448801351596,8.386497900006361
spatiotemporal,MCAR,xgboost,40,12,23.379415686088866,12.625378940965916,0.9189173095238508,7.940439099998912
spatiotemporal,MCAR,xgboost,40,13,23.395869574728163,12.635838146294908,0.9188031411424976,8.221310399996582
spatiotemporal,MCAR,xgboost,40,14,23.2751169165133,12.589054628101191,0.9196391377712234,7.6940332999802195
spatiotemporal,MCAR,xgboost,40,15,23.326290642593317,12.57521580245048,0.9192853792417428,7.5828235000080895
spatiotemporal,MCAR,xgboost,40,16,23.368107204875358,12.606533421888225,0.9189957289625126,7.352339899982326
spatiotemporal,MCAR,xgboost,40,17,23.368168231406717,12.603410194902676,0.918995305871665,7.683093100000406
spatiotemporal,MCAR,xgboost,40,18,23.40689094333017,12.631632758746274,0.918726622396861,7.449149700027192
spatiotemporal,MCAR,xgboost,40,19,23.318075939560774,12.58096387185402,0.919342218959567,7.458701199997449
spatiotemporal,MCAR,xgboost,40,20,23.37002797291844,12.606221363457353,0.9189824119395922,11.322758800000884
spatiotemporal,MCAR,xgboost,40,21,23.282184747895407,12.596528385150524,0.919590324846822,15.785574800014729
spatiotemporal,MCAR,xgboost,40,22,23.393240611804707,12.62287102108813,0.9188213880845444,13.76537589999498
spatiotemporal,MCAR,xgboost,40,23,23.3649797678837,12.614414694293137,0.919017409691644,8.858485899982043
spatiotemporal,MCAR,xgboost,40,24,23.30633969556462,12.58957885368252,0.9194233904231952,8.358269499993185
spatiotemporal,MCAR,xgboost,40,25,23.39850316061417,12.592124145468524,0.918784860057769,8.563796100002946
spatiotemporal,MCAR,xgboost,40,26,23.384968004518814,12.599726959523815,0.918878792703688,7.799776200001361
spatiotemporal,MCAR,xgboost,40,27,23.34274763365086,12.591195140716351,0.9191714487085484,9.074283499998272
spatiotemporal,MCAR,xgboost,40,28,23.168437488486333,12.57704888928159,0.9203741033053964,9.122085399983916
spatiotemporal,MCAR,xgboost,40,29,23.43518754598333,12.620356141689983,0.9185300007636246,9.053857000020798
spatiotemporal,MCAR,xgboost,40,30,23.158180430806095,12.572839600553031,0.9204445911512986,7.872083599999314
spatiotemporal,MCAR,xgboost,50,1,23.422598906891604,12.736952285397436,0.9186175034521566,9.014518899988616
spatiotemporal,MCAR,xgboost,50,2,23.45786966187332,12.730060583892818,0.9183722203980116,8.358487699995749
spatiotemporal,MCAR,xgboost,50,3,23.59968082440129,12.77709207717937,0.9173822993020164,9.077899399999296
spatiotemporal,MCAR,xgboost,50,4,23.57413772845921,12.755846042814138,0.9175610449235312,10.806515199976277
spatiotemporal,MCAR,xgboost,50,5,23.613625778106677,12.816096093414464,0.9172846335407192,9.19172250002157
spatiotemporal,MCAR,xgboost,50,6,23.578725945158507,12.75710086949764,0.9175289517370272,12.53853920000256
spatiotemporal,MCAR,xgboost,50,7,23.60761800565976,12.763891305401405,0.9173267170300716,14.160980799992103
spatiotemporal,MCAR,xgboost,50,8,23.45467670194297,12.743996369139555,0.9183944403604514,8.963268499996047
spatiotemporal,MCAR,xgboost,50,9,23.59394596158693,12.76857610597144,0.9174224476086662,11.19724359997781
spatiotemporal,MCAR,xgboost,50,10,23.488663014526384,12.750226630563132,0.9181577727224388,11.178802000009457
spatiotemporal,MCAR,xgboost,50,11,23.554910502498995,12.775912214136667,0.9176954656211234,13.416316600021672
spatiotemporal,MCAR,xgboost,50,12,23.505408716023386,12.748736447812345,0.9180410360616792,8.827752400015015
spatiotemporal,MCAR,xgboost,50,13,23.576022892998584,12.774244462091648,0.9175478595243048,9.636995199980449
spatiotemporal,MCAR,xgboost,50,14,23.49701068166989,12.741330347286562,0.9180995903498304,10.036818700027652
spatiotemporal,MCAR,xgboost,50,15,23.59310768939933,12.7538856804319,0.9174283153203152,9.12677370000165
spatiotemporal,MCAR,xgboost,50,16,23.67120972326284,12.772686434947062,0.9168807239703686,8.389952600002289
spatiotemporal,MCAR,xgboost,50,17,23.588349733904312,12.74900241909284,0.9174616159597472,8.910105599992676
spatiotemporal,MCAR,xgboost,50,18,23.671314872982204,12.788758858295774,0.9168799855215894,10.33996810001554
spatiotemporal,MCAR,xgboost,50,19,23.570732393786862,12.763457265627924,0.9175848601704872,10.002131599991117
spatiotemporal,MCAR,xgboost,50,20,23.51757908963612,12.747632586876264,0.91795614245664,9.774340400006622
spatiotemporal,MCAR,xgboost,50,21,23.637667713277043,12.76735712761093,0.9171161164438002,9.716976499999872
spatiotemporal,MCAR,xgboost,50,22,23.67351118285994,12.784821446795648,0.9168645604572042,9.660525600018444
spatiotemporal,MCAR,xgboost,50,23,23.647319875926488,12.777284345132095,0.917048413312352,10.079397000023164
spatiotemporal,MCAR,xgboost,50,24,23.47762783455708,12.743327166053216,0.9182346550510856,9.4320251000172
spatiotemporal,MCAR,xgboost,50,25,23.62208661933934,12.7793105731628,0.9172253485357408,13.732336899993244
spatiotemporal,MCAR,xgboost,50,26,23.513924152531644,12.741455050328186,0.9179816418361908,8.928386299987324
spatiotemporal,MCAR,xgboost,50,27,23.384674625390264,12.714970792705031,0.9188808281240324,11.50857210002141
spatiotemporal,MCAR,xgboost,50,28,23.500781967387457,12.724602007420131,0.9180732981004656,7.596736100007547
spatiotemporal,MCAR,xgboost,50,29,23.67040865152896,12.78463118840994,0.9168863496546223,7.556786900007864
spatiotemporal,MCAR,xgboost,50,30,23.539724057878267,12.762261407896569,0.9178015590259744,7.382898100011516
temporal,MAR,lightgbm,10,1,22.63833459008611,12.098957357263371,0.9239761614014104,5.3025122999970336
temporal,MAR,lightgbm,10,2,22.573229909682816,12.084765134195631,0.9244128004703978,8.27905969999847
temporal,MAR,lightgbm,10,3,22.761015888594045,12.129522507230076,0.9231499544417364,5.180800200003432
temporal,MAR,lightgbm,10,4,22.65206060866971,12.127584808397126,0.9238839442849252,4.7468482999829575
temporal,MAR,lightgbm,10,5,22.68524131413872,12.120554954274294,0.9236607915920196,8.111637499998324
temporal,MAR,lightgbm,10,6,22.590921740280475,12.094526367449934,0.9242942706913972,5.14299399999436
temporal,MAR,lightgbm,10,7,22.776199371358803,12.16560250650983,0.9230473895526152,5.189103499986231
temporal,MAR,lightgbm,10,8,22.52017366135147,12.083654007298936,0.9247677040657524,4.796820999996271
temporal,MAR,lightgbm,10,9,22.63289825980166,12.108507325861272,0.9240126694820744,5.378826300002402
temporal,MAR,lightgbm,10,10,22.766368529667336,12.135920870887652,0.9231138049938892,5.43709220000892
temporal,MAR,lightgbm,10,11,22.62595878277284,12.107221840599223,0.9240592593168268,5.286665499996161
temporal,MAR,lightgbm,10,12,22.678884078776036,12.138455843495224,0.9237035716804683,8.188226199999917
temporal,MAR,lightgbm,10,13,22.61363909371273,12.12834295324395,0.9241419352923532,5.176594399992609
temporal,MAR,lightgbm,10,14,22.659261866652407,12.114611575876904,0.9238355408755567,7.832538099988596
temporal,MAR,lightgbm,10,15,22.63007588993386,12.099120447084225,0.9240316198593042,7.780128999991575
temporal,MAR,lightgbm,10,16,22.64839464763659,12.099875042077365,0.9239085792106012,7.803022000007331
temporal,MAR,lightgbm,10,17,22.746346658287905,12.138027411902948,0.9232489805789246,7.053143999975873
temporal,MAR,lightgbm,10,18,22.659914013156104,12.125156661890866,0.9238311566991624,5.158209599991096
temporal,MAR,lightgbm,10,19,22.683346181464856,12.113038403513038,0.9236735458654376,5.1870111000025645
temporal,MAR,lightgbm,10,20,22.63904820951084,12.145081218690663,0.92397136838602,5.3388157000008505
temporal,MAR,lightgbm,10,21,22.58806440242456,12.12119288075247,0.9243134202567572,4.554400099994382
temporal,MAR,lightgbm,10,22,22.804226789911493,12.171880116131693,0.922857883831393,8.19305189998704
temporal,MAR,lightgbm,10,23,22.664547357905644,12.16231866690947,0.9238000045428956,5.121949000022141
temporal,MAR,lightgbm,10,24,22.65677581697615,12.093146371706244,0.923852252650452,5.001878400013084
temporal,MAR,lightgbm,10,25,22.63007868721581,12.10928895547231,0.924031601078546,7.873082000005525
temporal,MAR,lightgbm,10,26,22.60967019219937,12.120588429559865,0.9241685605308664,5.133182699995814
temporal,MAR,lightgbm,10,27,22.59271071539687,12.138072534083566,0.9242822799430752,4.994387500017183
temporal,MAR,lightgbm,10,28,22.6992222696084,12.128157968265455,0.9235666666103624,5.362866599985864
temporal,MAR,lightgbm,10,29,22.744106875761517,12.144505613616392,0.9232640948415516,4.98624640001799
temporal,MAR,lightgbm,10,30,22.655099601354262,12.137412455104098,0.9238635195070528,5.423207100015134
temporal,MAR,lightgbm,20,1,22.636028725870933,12.045665830613512,0.9239916476749666,5.470691900001839
temporal,MAR,lightgbm,20,2,22.531074632248554,12.002958941003367,0.9246948535124452,5.421169100009138
temporal,MAR,lightgbm,20,3,22.620886335545038,12.001897881449256,0.9240933053631598,5.265712899999926
temporal,MAR,lightgbm,20,4,22.626673222010155,12.031691405349845,0.924054463418279,8.085993499989854
temporal,MAR,lightgbm,20,5,22.528787468996036,12.00370257198012,0.9247101414136802,5.000873600016348
temporal,MAR,lightgbm,20,6,22.53976237453732,12.004184788412031,0.9246367685920616,8.463484299980337
temporal,MAR,lightgbm,20,7,22.594152991879582,12.047552617348664,0.92427261227866,8.034186999982921
temporal,MAR,lightgbm,20,8,22.50399478361308,12.004650384195628,0.9248757615716,5.339424900012091
temporal,MAR,lightgbm,20,9,22.582596089519303,12.013590905455862,0.924350061537376,5.014287600002717
temporal,MAR,lightgbm,20,10,22.6542045546938,12.038664697908573,0.9238695353143256,5.154988299997058
temporal,MAR,lightgbm,20,11,22.515979597483447,11.994357141205546,0.9247957233588022,5.380655200016918
temporal,MAR,lightgbm,20,12,22.502359002601253,12.00792138475344,0.92488668250699,8.012833499989938
temporal,MAR,lightgbm,20,13,22.454988704657456,11.98943620374159,0.925202595613013,5.106950499990489
temporal,MAR,lightgbm,20,14,22.47955549835357,11.987483093426333,0.9250388424622654,4.75280620000558
temporal,MAR,lightgbm,20,15,22.566142977149934,12.007092550230563,0.924460254671341,5.166931299987482
temporal,MAR,lightgbm,20,16,22.5896339872108,12.002241949756778,0.9243029013712613,5.037277099996572
temporal,MAR,lightgbm,20,17,22.511858558734264,12.029150010071051,0.9248232497095804,7.95621829997981
temporal,MAR,lightgbm,20,18,22.59476548370357,12.041565622062956,0.9242685065231112,5.02684850001242
temporal,MAR,lightgbm,20,19,22.532390533563287,11.98821291093081,0.924686057035879,5.379844600014621
temporal,MAR,lightgbm,20,20,22.56303448938161,12.027938193266978,0.9244810644483388,5.021886700007599
temporal,MAR,lightgbm,20,21,22.430712816447905,11.98099164343869,0.9253642338077942,5.335663500009105
temporal,MAR,lightgbm,20,22,22.61650687706054,12.034575213710331,0.9241226939585736,4.446993299992755
temporal,MAR,lightgbm,20,23,22.60830271189205,12.050944735464812,0.9241777331427032,8.188188900006935
temporal,MAR,lightgbm,20,24,22.69999189360293,12.037285689071126,0.923561483531938,5.825190999981714
temporal,MAR,lightgbm,20,25,22.499012395707734,12.003399430241975,0.9249090229250369,5.0120784000027925
temporal,MAR,lightgbm,20,26,22.554272180341705,12.009925691467627,0.9245397083123204,4.970018099993467
temporal,MAR,lightgbm,20,27,22.502288384540204,12.00864233814896,0.9248871539552072,7.963185500004329
temporal,MAR,lightgbm,20,28,22.63102320115736,12.029804620536042,0.9240252595443184,4.758455400005914
temporal,MAR,lightgbm,20,29,22.58276482773072,12.031715241741082,0.9243489310134144,5.349833000014769
temporal,MAR,lightgbm,20,30,22.615265047562577,12.039666338786638,0.9241310262877416,5.542175200011116
temporal,MAR,lightgbm,30,1,22.321143739225164,11.91827650167137,0.9260916113807932,5.53177770000184
temporal,MAR,lightgbm,30,2,22.32707271241762,11.908465366269931,0.926052342868597,5.38315850001527
temporal,MAR,lightgbm,30,3,22.284768238165363,11.901526321969367,0.9263323037117006,5.197428899991792
temporal,MAR,lightgbm,30,4,22.321644708035716,11.94727276832675,0.9260882937897714,5.158613299980061
temporal,MAR,lightgbm,30,5,22.3243692168201,11.922916163626915,0.926070249834234,4.9612023000081535
temporal,MAR,lightgbm,30,6,22.326818080399903,11.936506367472798,0.9260540295504124,7.114375700009987
temporal,MAR,lightgbm,30,7,22.36741578755082,11.96714696408192,0.9257848674869524,8.258334999991348
temporal,MAR,lightgbm,30,8,22.318324715746545,11.91190781724271,0.9261102785538188,5.26992390002124
temporal,MAR,lightgbm,30,9,22.361459875152786,11.921156058984137,0.9258243856845384,5.032583000021987
temporal,MAR,lightgbm,30,10,22.3539355950962,11.930102992777764,0.9258742951447978,5.338388299976941
temporal,MAR,lightgbm,30,11,22.31632516367327,11.904564801313802,0.926123517874343,5.265158199996222
temporal,MAR,lightgbm,30,12,22.314888568501065,11.889087576862194,0.926133029044372,8.21169130000635
temporal,MAR,lightgbm,30,13,22.250461978809263,11.918313015234675,0.9265589444173156,8.642828699987149
temporal,MAR,lightgbm,30,14,22.27563817920704,11.910675325200414,0.9263926545866358,8.011430599988671
temporal,MAR,lightgbm,30,15,22.263544702542863,11.906749345054816,0.926472555963194,4.902470600005472
temporal,MAR,lightgbm,30,16,22.323171846516697,11.941465001806694,0.9260781800841418,5.068563999986509
temporal,MAR,lightgbm,30,17,22.282356410805104,11.913449128191273,0.9263482486072429,5.118498199997703
temporal,MAR,lightgbm,30,18,22.394202998907915,11.947375418540757,0.9256070009972868,5.129986799991457
temporal,MAR,lightgbm,30,19,22.328370162460747,11.926093586003294,0.9260437482642028,8.216033600008814
temporal,MAR,lightgbm,30,20,22.381381621155857,11.940260131451476,0.9256921612234712,4.940302600007271
temporal,MAR,lightgbm,30,21,22.28617998671377,11.921675177728984,0.9263229696628636,5.256402400002116
temporal,MAR,lightgbm,30,22,22.34449063851769,11.937113795673744,0.92593692090974,5.647897099988768
temporal,MAR,lightgbm,30,23,22.471894970491547,11.954618329332709,0.925089923916392,7.5031105000234675
temporal,MAR,lightgbm,30,24,22.38728457006012,11.945126326991309,0.9256529596025368,4.964057799981674
temporal,MAR,lightgbm,30,25,22.287072584332343,11.901400363002097,0.9263170677757894,5.012400700012222
temporal,MAR,lightgbm,30,26,22.41795417735803,11.954329701702116,0.925449115638403,5.1844800999970175
temporal,MAR,lightgbm,30,27,22.24344103525052,11.921246105773156,0.92660528450284,4.7815879000118
temporal,MAR,lightgbm,30,28,22.31501477471178,11.914385129294798,0.926132193503846,5.240691499988316
temporal,MAR,lightgbm,30,29,22.32978221269688,11.917287468985585,0.9260343939545016,5.125518600019859
temporal,MAR,lightgbm,30,30,22.3441256812849,11.93553586921563,0.9259393402654632,5.453666599991266
temporal,MAR,lightgbm,40,1,22.316076922385875,11.85862735384445,0.9261251614326704,7.979691700020339
temporal,MAR,lightgbm,40,2,22.36460741612027,11.87760965103759,0.9258035026815932,8.044152399990708
temporal,MAR,lightgbm,40,3,22.377689014593283,11.867849548574176,0.9257166786534126,5.262006000004476
temporal,MAR,lightgbm,40,4,22.38783873442834,11.895265294826546,0.9256492788532732,8.43153080000775
temporal,MAR,lightgbm,40,5,22.305577106157067,11.844883603674589,0.9261946619773156,5.1248217999818735
temporal,MAR,lightgbm,40,6,22.237037415457404,11.851684021565148,0.9266475373358988,5.433598700008588
temporal,MAR,lightgbm,40,7,22.460419594262884,11.910092717771782,0.925166410730052,5.111954799998784
temporal,MAR,lightgbm,40,8,22.357355618012363,11.866306328067315,0.925851611801088,5.201154300011694
temporal,MAR,lightgbm,40,9,22.354966795749974,11.863101890081012,0.925867456059299,5.052050300000701
temporal,MAR,lightgbm,40,10,22.38244346362106,11.875211837772536,0.925685110265514,5.276559499994619
temporal,MAR,lightgbm,40,11,22.32580193381003,11.851420329706333,0.9260607603111988,5.300317999994149
temporal,MAR,lightgbm,40,12,22.377441064452103,11.886716882249615,0.925718324798192,5.462091800000053
temporal,MAR,lightgbm,40,13,22.22009985409356,11.861700127108218,0.9267592373481536,8.220124499988742
temporal,MAR,lightgbm,40,14,22.226379353357835,11.838466644420762,0.9267178351667714,5.179720599990105
temporal,MAR,lightgbm,40,15,22.36971468677864,11.84762205658512,0.9257696111980572,8.064969800005201
temporal,MAR,lightgbm,40,16,22.353800251512443,11.869561700277792,0.925875192741387,8.520110300014494
temporal,MAR,lightgbm,40,17,22.31662533628725,11.869830834875994,0.9261215304641642,6.856285299989395
temporal,MAR,lightgbm,40,18,22.41416334212652,11.888329749597968,0.9254743263442788,8.137076699989848
temporal,MAR,lightgbm,40,19,22.25463620547684,11.849436451146923,0.9265313864844902,5.474848399986513
temporal,MAR,lightgbm,40,20,22.455333978110147,11.885514802360117,0.9252002953885992,5.066102699987823
temporal,MAR,lightgbm,40,21,22.406012692309364,11.870797615368293,0.9255285172784816,5.9191474999825004
temporal,MAR,lightgbm,40,22,22.3470934238672,11.908025268989444,0.92591966551308,4.568344800005434
temporal,MAR,lightgbm,40,23,22.491768097009437,11.919294632265135,0.9249573711708644,5.2356968999956734
temporal,MAR,lightgbm,40,24,22.50574429616188,11.898590132664236,0.9248640804538272,5.232042399991769
temporal,MAR,lightgbm,40,25,22.23065635358823,11.83804061854339,0.9266896292239865,7.900678900012281
temporal,MAR,lightgbm,40,26,22.27756726933612,11.862080212492888,0.9263799051111076,5.213850600004662
temporal,MAR,lightgbm,40,27,22.340810117183555,11.888916858540558,0.9259613178223288,7.89881020001485
temporal,MAR,lightgbm,40,28,22.46362257035871,11.871640685242523,0.9251450658671796,5.047292800009018
temporal,MAR,lightgbm,40,29,22.377882742075307,11.87627668909281,0.9257153924810037,5.401034900016384
temporal,MAR,lightgbm,40,30,22.42685230514495,11.89800060890932,0.9253899224630212,5.173580700007733
temporal,MAR,lightgbm,50,1,22.15312260616276,11.83051370540828,0.9272001058922188,5.399637199996505
temporal,MAR,lightgbm,50,2,22.171519262766584,11.84584503242902,0.9270791449997414,5.415974200004712
temporal,MAR,lightgbm,50,3,22.13720813786377,11.82209242782755,0.9273046650080938,8.000864000001457
temporal,MAR,lightgbm,50,4,22.188056445998885,11.839787857361095,0.9269703247376988,4.963231200003065
temporal,MAR,lightgbm,50,5,22.05967348719358,11.80796273684283,0.9278129980126596,7.821346199983964
temporal,MAR,lightgbm,50,6,22.16839540401173,11.84667602490108,0.9270996919366512,8.388851199997589
temporal,MAR,lightgbm,50,7,22.12498505063282,11.841091442483648,0.9273849204861292,5.12460270000156
temporal,MAR,lightgbm,50,8,22.21574148833864,11.835190705952812,0.92678796617729,5.238549100002274
temporal,MAR,lightgbm,50,9,22.058338094674056,11.808108577274584,0.9278217374951157,8.071003799996106
temporal,MAR,lightgbm,50,10,22.18574814273057,11.846734351544889,0.9269855190265532,5.850903699989431
temporal,MAR,lightgbm,50,11,22.15876352054923,11.819970178150236,0.9271630266722072,5.215655499981949
temporal,MAR,lightgbm,50,12,22.23477722210421,11.836126447168084,0.9266624478044015,5.60431769999559
temporal,MAR,lightgbm,50,13,22.166757067112165,11.849379029758683,0.927110466812246,8.003500199993141
temporal,MAR,lightgbm,50,14,22.03970291597497,11.796878418844887,0.9279436403015788,5.197736600006465
temporal,MAR,lightgbm,50,15,22.22615855088446,11.829290964935884,0.9267192911666552,5.061843999981647
temporal,MAR,lightgbm,50,16,22.06596761490753,11.82482759278014,0.9277717989415252,5.721253900002921
temporal,MAR,lightgbm,50,17,22.20448154278108,11.835736036566988,0.9268621617293964,5.13430679999874
temporal,MAR,lightgbm,50,18,22.151336557545115,11.844829125315568,0.9272118440937432,5.055600899999263
temporal,MAR,lightgbm,50,19,22.09939428994316,11.807807799440887,0.9275528031251844,6.131522400013637
temporal,MAR,lightgbm,50,20,22.181220393672,11.859904688084873,0.927015318112996,5.428368299995782
temporal,MAR,lightgbm,50,21,22.07490293341641,11.809475350016497,0.9277132914097052,6.07775669998955
temporal,MAR,lightgbm,50,22,22.140442094662244,11.82818511266258,0.9272834237798956,5.686311799974646
temporal,MAR,lightgbm,50,23,22.211341821463,11.861165812132027,0.926816961533096,5.3743228999956045
temporal,MAR,lightgbm,50,24,22.13906348509038,11.820664349636107,0.9272924791227418,5.047049499989953
temporal,MAR,lightgbm,50,25,22.24747131386733,11.854327985194969,0.926578685385372,5.66433609998785
temporal,MAR,lightgbm,50,26,22.14150088695763,11.820241651177351,0.9272764687614496,8.43933009999455
temporal,MAR,lightgbm,50,27,22.08952304932029,11.829546270054369,0.9276175093325234,5.167557799984934
temporal,MAR,lightgbm,50,28,22.1165336259606,11.820721190049191,0.9274403857134044,7.923474199982593
temporal,MAR,lightgbm,50,29,22.179354375642585,11.835284846228504,0.9270275974196583,8.271894000004977
temporal,MAR,lightgbm,50,30,22.18353064874953,11.836892854467925,0.9270001140791548,5.4492884000064805
temporal,MAR,xgboost,10,1,22.647386312650134,12.017601625671055,0.9239153544310954,8.058219999977155
temporal,MAR,xgboost,10,2,22.70911984494868,12.037339312803663,0.9234999974005836,7.563841800001683
temporal,MAR,xgboost,10,3,22.697095465219107,12.05593346292866,0.9235809887868264,7.537929899990559
temporal,MAR,xgboost,10,4,22.779056054663545,12.039783556533092,0.9230280849250192,7.311995500000194
temporal,MAR,xgboost,10,5,22.873527296442905,12.094797295956772,0.922388312043434,7.328019499982474
temporal,MAR,xgboost,10,6,22.76201361325955,12.037006318694422,0.9231432168807332,7.6482580000010785
temporal,MAR,xgboost,10,7,22.81970723151312,12.072878061614588,0.9227531138368436,7.716294400015613
temporal,MAR,xgboost,10,8,22.8334072736768,12.060025054796242,0.9226603340949352,7.343147399980808
temporal,MAR,xgboost,10,9,22.832397962213086,12.054295458188973,0.9226671712774208,7.4309282999893185
temporal,MAR,xgboost,10,10,22.86668566601443,12.0878002233787,0.9224347334866668,7.512896200001705
temporal,MAR,xgboost,10,11,22.771952012944837,12.075658276433291,0.923076087478612,7.733181899995543
temporal,MAR,xgboost,10,12,22.75566559619788,12.06575199002231,0.9231860795330572,7.469614600006025
temporal,MAR,xgboost,10,13,22.70153103597936,12.053289909117614,0.9235511175592118,7.547984299977543
temporal,MAR,xgboost,10,14,22.767328244408837,12.031002253285454,0.9231073225924512,7.442031099984888
temporal,MAR,xgboost,10,15,22.75174393779663,12.034027940405249,0.9232125531159048,7.665460999996867
temporal,MAR,xgboost,10,16,22.718246575796524,12.030663632228284,0.9234384947761196,7.389160999999149
temporal,MAR,xgboost,10,17,22.75499776765893,12.02276392555198,0.9231905881048068,7.309417700016638
temporal,MAR,xgboost,10,18,22.868462610821023,12.063238837254245,0.9224226779964402,7.366810499981511
temporal,MAR,xgboost,10,19,22.78693950867624,12.056626782855636,0.92297479829595,8.427598099980969
temporal,MAR,xgboost,10,20,22.72526080306328,12.041316734756244,0.9233912109597568,7.2896477000031155
temporal,MAR,xgboost,10,21,22.703483824042447,12.041422580800813,0.9235379647118788,7.867628700012574
temporal,MAR,xgboost,10,22,22.739902673419973,12.048440191690348,0.9232924611745718,7.986848100001225
temporal,MAR,xgboost,10,23,22.5527021979524,12.042988710406163,0.9245502133913364,7.8037355999986175
temporal,MAR,xgboost,10,24,22.78741706932249,12.05969533775388,0.922971569728064,7.1990366999816615
temporal,MAR,xgboost,10,25,22.79549888915425,12.05598899345694,0.9229169219996984,7.451020400010748
temporal,MAR,xgboost,10,26,22.67684912435525,12.037890621562436,0.9237172630762094,7.297789099975489
temporal,MAR,xgboost,10,27,22.669139014766493,12.038296043724412,0.9237691263904848,7.177542999997968
temporal,MAR,xgboost,10,28,22.675599708892776,12.022043873226096,0.9237256686712652,7.337118399998872
temporal,MAR,xgboost,10,29,22.63013473867088,12.011881072523794,0.9240312247524508,7.291063600016059
temporal,MAR,xgboost,10,30,22.6810739322498,12.04645087299382,0.9236888367345631,7.774450400000205
temporal,MAR,xgboost,20,1,22.558145706076807,11.93786862809104,0.9245137866173594,8.66542100001243
temporal,MAR,xgboost,20,2,22.502192407814587,11.918217215336234,0.9248877946962304,7.404849500017008
temporal,MAR,xgboost,20,3,22.67238850016014,11.949038068381348,0.9237472703452128,7.509651600004872
temporal,MAR,xgboost,20,4,22.596342674632197,11.94120403123489,0.92425793352616,7.751292800006922
temporal,MAR,xgboost,20,5,22.861161005461145,11.99837283217059,0.92247220896592,7.248132400010945
temporal,MAR,xgboost,20,6,22.648632069435,11.953933943348584,0.9239069838783986,7.364881099987542
temporal,MAR,xgboost,20,7,22.56352724463972,11.942143614208796,0.9244777658885692,7.435973399988143
temporal,MAR,xgboost,20,8,22.619969371750383,11.946513551830618,0.924099459169778,7.589116499992087
temporal,MAR,xgboost,20,9,22.68839523088971,11.936518120584775,0.9236395633192664,8.077410099998815
temporal,MAR,xgboost,20,10,22.580900686991946,11.946981557520536,0.9243614200438884,7.960753499995917
temporal,MAR,xgboost,20,11,22.60559538159804,11.964932821257744,0.9241958913947228,7.558633000007831
temporal,MAR,xgboost,20,12,22.47200829072176,11.929729753816996,0.9250891684083692,7.479088799998863
temporal,MAR,xgboost,20,13,22.71657649595197,11.967473779220704,0.9234497508496468,7.517714899993734
temporal,MAR,xgboost,20,14,22.52479289102067,11.933258760081449,0.9247368383274136,7.676827799994498
temporal,MAR,xgboost,20,15,22.566179023668337,11.900438598644834,0.9244600133410438,7.515109600004507
temporal,MAR,xgboost,20,16,22.68570716077861,11.938862547856546,0.9236576562734768,7.27541570001631
temporal,MAR,xgboost,20,17,22.57494084285329,11.925972730535015,0.9244013418046664,7.578454600006808
temporal,MAR,xgboost,20,18,22.68551587370658,11.948243631103932,0.9236589437133376,7.456147899996722
temporal,MAR,xgboost,20,19,22.59110289289996,11.95189092784515,0.9242930565447308,7.582129900023574
temporal,MAR,xgboost,20,20,22.590386793162203,11.929836791039705,0.924297856032686,7.306172199983848
temporal,MAR,xgboost,20,21,22.693960558839443,11.943153427698096,0.9236020972058993,7.750915899989195
temporal,MAR,xgboost,20,22,22.70930869852214,11.95053409103545,0.9234987250167102,7.52399190000142
temporal,MAR,xgboost,20,23,22.66560310533719,11.934415268801812,0.92379290536532,8.17177289997926
temporal,MAR,xgboost,20,24,22.63645943249744,11.931351650398057,0.9239887551523543,9.531786100007594
temporal,MAR,xgboost,20,25,22.53284121260625,11.928419252395154,0.9246830442392444,9.6929021999822
temporal,MAR,xgboost,20,26,22.497917542162515,11.919484159670466,0.9249163309455548,10.00832259998424
temporal,MAR,xgboost,20,27,22.69596504131404,11.947754430221392,0.923588600661746,8.464657599979546
temporal,MAR,xgboost,20,28,22.612613051653703,11.938317668491088,0.924148818907929,9.568784599978244
temporal,MAR,xgboost,20,29,22.394921430043112,11.921953769447176,0.9256022276991228,8.4042560000089
temporal,MAR,xgboost,20,30,22.5533622854672,11.937442665844005,0.9245457966974486,7.967838100012159
temporal,MAR,xgboost,30,1,22.46951282362042,11.84828402523194,0.9251058048508136,8.374039199989056
temporal,MAR,xgboost,30,2,22.34488974483411,11.827318916184348,0.9259342751294318,7.4580981000035536
temporal,MAR,xgboost,30,3,22.42589673499084,11.84437767399515,0.925396280345388,8.030912399990484
temporal,MAR,xgboost,30,4,22.67720468351493,11.869106023180931,0.9237148709239024,7.65196340001421
temporal,MAR,xgboost,30,5,22.64045363546986,11.90052933129,0.9239619284194456,7.374516000010772
temporal,MAR,xgboost,30,6,22.46608977608223,11.842501857401809,0.925128622155726,7.337666499981424
temporal,MAR,xgboost,30,7,22.57088149018314,11.866156785053509,0.9244285271714776,7.293968000012683
temporal,MAR,xgboost,30,8,22.507172121804487,11.863254183175105,0.9248545464971362,7.797081400000025
temporal,MAR,xgboost,30,9,22.663361956544247,11.88074214782242,0.9238079751601568,7.618597799999407
temporal,MAR,xgboost,30,10,22.55799557286635,11.87218034346995,0.9245147913940812,7.490705300006084
temporal,MAR,xgboost,30,11,22.42071531487063,11.866725841702388,0.9254307501873558,7.640719799994258
temporal,MAR,xgboost,30,12,22.620034597010815,11.869455723101025,0.924099021446844,7.591260800021701
temporal,MAR,xgboost,30,13,22.50526428112568,11.865774844589096,0.9248672855010404,7.588472500006901
temporal,MAR,xgboost,30,14,22.6158739367461,11.858456734291188,0.924126940868513,7.569495400006417
temporal,MAR,xgboost,30,15,22.52218495673894,11.839212368073149,0.9247542653481756,7.33268130000215
temporal,MAR,xgboost,30,16,22.39016490380137,11.823460159576014,0.925633827486341,7.443172800005414
temporal,MAR,xgboost,30,17,22.48679120977391,11.841162158145332,0.9249905777537356,7.650823800009675
temporal,MAR,xgboost,30,18,22.5045792574317,11.847245505654284,0.9248718592670432,7.579313599999295
temporal,MAR,xgboost,30,19,22.418391945099817,11.84875524231198,0.9254462040175936,7.357199699996272
temporal,MAR,xgboost,30,20,22.613077999753656,11.876703171223008,0.9241456996554112,7.686345299996901
temporal,MAR,xgboost,30,21,22.50402942064566,11.855900460371842,0.9248755303164188,7.550581099989358
temporal,MAR,xgboost,30,22,22.608454396372867,11.85711085143854,0.9241767157200412,7.6233280999877024
temporal,MAR,xgboost,30,23,22.397989833274927,11.845631673873797,0.9255818393262902,7.801867400004994
temporal,MAR,xgboost,30,24,22.48709396472374,11.848421133950556,0.9249885579344972,7.567925099981949
temporal,MAR,xgboost,30,25,22.57081908270326,11.865527090363337,0.9244289450743984,7.6206583000021055
temporal,MAR,xgboost,30,26,22.39970438665685,11.85092167676978,0.9255704455544717,7.566984300006879
temporal,MAR,xgboost,30,27,22.48405558332406,11.863094741838651,0.925008827158546,7.154753699986031
temporal,MAR,xgboost,30,28,22.394068352704377,11.82576230866355,0.9256078955774398,7.296838500013109
temporal,MAR,xgboost,30,29,22.45789146680972,11.841391724773302,0.9251832562037692,7.310403399984352
temporal,MAR,xgboost,30,30,22.427749593000367,11.85135587848327,0.9253839521150824,7.368631999997888
temporal,MAR,xgboost,40,1,22.56742259692765,11.788529422176016,0.92445168742147,8.000419899995904
temporal,MAR,xgboost,40,2,22.442386546184665,11.778069666828369,0.9252865274511474,7.92767079998157
temporal,MAR,xgboost,40,3,22.50987730519506,11.785277514623305,0.9248364816378062,7.674140899995109
temporal,MAR,xgboost,40,4,22.477475972896904,11.787877407657184,0.9250527107458422,7.325757499987958
temporal,MAR,xgboost,40,5,22.554600936703338,11.84208332934164,0.9245375084424644,7.424128399987239
temporal,MAR,xgboost,40,6,22.529654472686936,11.7990868194008,0.924704346353344,7.466798400011612
temporal,MAR,xgboost,40,7,22.39274437927559,11.788495636138604,0.925616691679736,7.377317400008906
temporal,MAR,xgboost,40,8,22.48820952202207,11.792391166791838,0.9249811152976314,7.372797699994408
temporal,MAR,xgboost,40,9,22.47312506019652,11.79626058124034,0.9250817226823168,7.396409700013464
temporal,MAR,xgboost,40,10,22.48424560332018,11.818153589810182,0.9250075596040752,7.685127200005809
temporal,MAR,xgboost,40,11,22.65557129704925,11.834546476162211,0.9238603490399544,7.913922700012335
temporal,MAR,xgboost,40,12,22.47198711273601,11.810819719467831,0.9250893096026724,7.617537399986759
temporal,MAR,xgboost,40,13,22.6233119339744,11.822235649658122,0.9240770258038228,7.650909499992849
temporal,MAR,xgboost,40,14,22.38207910252146,11.782148751778015,0.9256875297720872,7.338875999994343
temporal,MAR,xgboost,40,15,22.563585144292368,11.777968205421413,0.9244773782969764,7.672712599975057
temporal,MAR,xgboost,40,16,22.57681940578257,11.811904682365642,0.9243887594686409,7.270475500001339
temporal,MAR,xgboost,40,17,22.65049541510092,11.7900153060094,0.9238944627315206,7.469494200020563
temporal,MAR,xgboost,40,18,22.59621497211576,11.82164611975342,0.9242587896315304,7.402639899984933
temporal,MAR,xgboost,40,19,22.52616377125177,11.789514525534148,0.9247276768740156,7.523241000017151
temporal,MAR,xgboost,40,20,22.47179159225457,11.785763754286462,0.9250906131376434,7.550215199997183
temporal,MAR,xgboost,40,21,22.52911852653242,11.78814268292028,0.9247079286484996,7.506759699987015
temporal,MAR,xgboost,40,22,22.61225668316888,11.828313383372029,0.9241512096760738,7.983659499994246
temporal,MAR,xgboost,40,23,22.580433036677363,11.82449141798364,0.9243645529604996,7.461601999995764
temporal,MAR,xgboost,40,24,22.52145720565825,11.77980146918278,0.9247591280451204,7.200851800007513
temporal,MAR,xgboost,40,25,22.634030060586564,11.80596576281577,0.9240050695123584,7.260417600016808
temporal,MAR,xgboost,40,26,22.717036418755768,11.828417846678146,0.9234466511253876,7.604113599983975
temporal,MAR,xgboost,40,27,22.47879928362479,11.785404166499063,0.925043885780666,8.039653899992118
temporal,MAR,xgboost,40,28,22.471991693953985,11.80141683745738,0.925089279059558,7.190238100010902
temporal,MAR,xgboost,40,29,22.504558736980044,11.790214048343628,0.9248719962758412,7.399872200010577
temporal,MAR,xgboost,40,30,22.503285482423795,11.78293396673586,0.9248804971638735,7.370460699981777
temporal,MAR,xgboost,50,1,22.112092047886563,11.721604226840668,0.9274695265214786,7.981295100005809
temporal,MAR,xgboost,50,2,22.29375457213156,11.734328550761823,0.9262728787277325,7.750877100013895
temporal,MAR,xgboost,50,3,22.26283610023074,11.743620101669284,0.9264772363398728,7.654006400000071
temporal,MAR,xgboost,50,4,22.52494661590471,11.776225064207129,0.9247358110273768,7.843324699992081
temporal,MAR,xgboost,50,5,22.37998776971533,11.784624732322738,0.9257014163145748,7.589028799993684
temporal,MAR,xgboost,50,6,22.507780425050967,11.769608649643642,0.9248504845171772,7.345635199977551
temporal,MAR,xgboost,50,7,22.12631303357817,11.718679786804532,0.9273762032390034,7.548469200002728
temporal,MAR,xgboost,50,8,22.37628878706442,11.755522945225614,0.9257259745460512,7.463486499997089
temporal,MAR,xgboost,50,9,22.43815152835471,11.747147861763024,0.925314722583888,7.190706399996998
temporal,MAR,xgboost,50,10,22.267233464386287,11.764011372274382,0.9264481889809576,7.163956599979429
temporal,MAR,xgboost,50,11,22.27327540458544,11.78193372925064,0.9264082688054156,7.770266100007575
temporal,MAR,xgboost,50,12,22.525373529986872,11.7865771666397,0.9247329580442204,7.894366300024558
temporal,MAR,xgboost,50,13,22.252089329822688,11.76596463817103,0.9265482013822404,7.961868299986236
temporal,MAR,xgboost,50,14,22.35767891011135,11.746483544473373,0.925849467382778,7.560490100004245
temporal,MAR,xgboost,50,15,22.3124830082131,11.754059044375506,0.9261489540061972,7.328262399998493
temporal,MAR,xgboost,50,16,22.221400692614136,11.73044689550328,0.926750661581636,7.361126200004946
temporal,MAR,xgboost,50,17,22.3826366289024,11.75650403657214,0.925683827553146,8.008608000003733
temporal,MAR,xgboost,50,18,22.347277577502293,11.767108714203392,0.925918444574067,8.266103300004033
temporal,MAR,xgboost,50,19,22.25974327903327,11.758417359410052,0.926497662934748,7.844619800016517
temporal,MAR,xgboost,50,20,22.62357040838691,11.772010970703985,0.9240752909333216,7.191996400011703
temporal,MAR,xgboost,50,21,22.25314833830515,11.737766170647747,0.9265412098653888,7.701551199977985
temporal,MAR,xgboost,50,22,22.150599954772407,11.727903010254538,0.9272166848911254,7.722896499995841
temporal,MAR,xgboost,50,23,22.27351726697453,11.754600029231083,0.9264066705520616,7.5723311999754515
temporal,MAR,xgboost,50,24,22.529667237514744,11.78068974405696,0.9247042610314562,7.2968760000076145
temporal,MAR,xgboost,50,25,22.153500790786964,11.720869548743456,0.9271976202800468,7.291734300000826
temporal,MAR,xgboost,50,26,22.49689295687596,11.781677684233362,0.9249231696114616,7.144224599993322
temporal,MAR,xgboost,50,27,22.27516744051971,11.744712713372836,0.9263957655600464,7.468959299993003
temporal,MAR,xgboost,50,28,22.21664315406137,11.732949898349712,0.9267820231732228,7.519971499976236
temporal,MAR,xgboost,50,29,22.218673214644813,11.757282115533972,0.9267686418789718,7.506332699995255
temporal,MAR,xgboost,50,30,22.31635143248661,11.750116320686203,0.9261233439524588,7.500175900000613
temporal,MCAR,lightgbm,10,1,22.614921330021517,12.087187277639131,0.924133332455621,4.937942799995653
temporal,MCAR,lightgbm,10,2,22.482813044561656,12.053148858374598,0.9250171154198924,3.642006600013701
temporal,MCAR,lightgbm,10,3,22.542867454743902,12.08140787267876,0.9246160030673142,3.549305100023048
temporal,MCAR,lightgbm,10,4,22.54972345814431,12.082498297543248,0.9245701427495868,3.8485189999919385
temporal,MCAR,lightgbm,10,5,22.497103258832205,12.06430569029202,0.9249217659617998,3.57410249998793
temporal,MCAR,lightgbm,10,6,22.551615992435924,12.065223026526692,0.9245574809905924,3.713926700002048
temporal,MCAR,lightgbm,10,7,22.624345156624912,12.098003877205818,0.9240700907336448,3.5202372999920044
temporal,MCAR,lightgbm,10,8,22.595531525845647,12.086334054277533,0.9242633713072612,3.402422300016042
temporal,MCAR,lightgbm,10,9,22.575106190276077,12.080078465675944,0.9244002343741607,4.044210299995029
temporal,MCAR,lightgbm,10,10,22.67280247630716,12.094148406844784,0.9237444857158464,3.695861399988644
temporal,MCAR,lightgbm,10,11,22.55690096191742,12.079566040059964,0.9245221169501884,3.901125400007004
temporal,MCAR,lightgbm,10,12,22.501346819499663,12.056238222168227,0.924893439729265,3.6555705000064336
temporal,MCAR,lightgbm,10,13,22.672141748141428,12.126069739045516,0.9237489301096956,3.453754600021057
temporal,MCAR,lightgbm,10,14,22.57103234279685,12.050156717950514,0.9244275170033722,3.628916899993783
temporal,MCAR,lightgbm,10,15,22.596807031212347,12.08449761929418,0.9242548204835888,3.487240999995265
temporal,MCAR,lightgbm,10,16,22.532328573820838,12.068241056685975,0.9246864712330398,3.6870043000089936
temporal,MCAR,lightgbm,10,17,22.66726170794225,12.111243803903704,0.9237817517322322,3.4882373999862466
temporal,MCAR,lightgbm,10,18,22.56057637993329,12.113932020184288,0.9244975182367012,3.4585045000130776
temporal,MCAR,lightgbm,10,19,22.585402334108284,12.0877863395668,0.9243312589674716,3.4415818999987096
temporal,MCAR,lightgbm,10,20,22.65760047162448,12.10150211212356,0.9238467093430436,3.8417706999753136
temporal,MCAR,lightgbm,10,21,22.693391964730008,12.092905314360074,0.9236059254361636,3.609058500005631
temporal,MCAR,lightgbm,10,22,22.67031133861787,12.118414119410602,0.923761241699136,4.563962099986384
temporal,MCAR,lightgbm,10,23,22.72906406446376,12.169635903956804,0.9233655665780398,3.437060099997325
temporal,MCAR,lightgbm,10,24,22.509925885622373,12.052505623547807,0.9248361572042492,3.5663012999866623
temporal,MCAR,lightgbm,10,25,22.51337417309662,12.073363324052943,0.9248131267961268,3.416824199986877
temporal,MCAR,lightgbm,10,26,22.655236443809525,12.10960811153148,0.9238625997375904,3.601112900010776
temporal,MCAR,lightgbm,10,27,22.554466480479824,12.092412981624532,0.9245384081587944,3.599449999979697
temporal,MCAR,lightgbm,10,28,22.550749102529775,12.072160336728038,0.9245632809386972,3.459246299986262
temporal,MCAR,lightgbm,10,29,22.60446542345667,12.091784974396392,0.9242034694591308,3.927608500001952
temporal,MCAR,lightgbm,10,30,22.70153366713615,12.12208454251654,0.9235510998380276,3.4605522000056226
temporal,MCAR,lightgbm,20,1,22.331067985990547,11.979626107511082,0.9260258756682,3.8268879000097513
temporal,MCAR,lightgbm,20,2,22.29405429956002,11.932582049696643,0.926270896272158,3.67026550002629
temporal,MCAR,lightgbm,20,3,22.44798254306432,11.968242418452114,0.925249263278334,3.425622700015083
temporal,MCAR,lightgbm,20,4,22.40202849566161,11.975760487328376,0.9255549996924438,3.792977000004612
temporal,MCAR,lightgbm,20,5,22.38504499495553,11.951507126109764,0.9256678338899312,3.4860724000027403
temporal,MCAR,lightgbm,20,6,22.379509586390604,11.939102037583163,0.92570459129077,3.836707300011767
temporal,MCAR,lightgbm,20,7,22.4751706397189,11.987744882703632,0.9250680834338147,3.802838199975668
temporal,MCAR,lightgbm,20,8,22.362317347313784,11.95229981953864,0.9258186969017732,3.42781609998201
temporal,MCAR,lightgbm,20,9,22.42795815425253,11.941817424405492,0.9253825643620516,3.4805508999852464
temporal,MCAR,lightgbm,20,10,22.455258593494225,11.99392031392852,0.9252007976066952,3.4188781999982893
temporal,MCAR,lightgbm,20,11,22.484039150020987,11.96112384423195,0.9250089367786468,4.100746000010986
temporal,MCAR,lightgbm,20,12,22.403885253301315,11.970250401753686,0.9255426586625748,4.395725400012452
temporal,MCAR,lightgbm,20,13,22.419529369579493,11.984323451880485,0.9254386386699976,3.434039300016593
temporal,MCAR,lightgbm,20,14,22.42140515133965,11.95929950997723,0.9254261614506788,3.623079300014069
temporal,MCAR,lightgbm,20,15,22.466373905705293,11.961814500306035,0.9251267283405497,3.443578200007323
temporal,MCAR,lightgbm,20,16,22.35181990699969,11.943185412755255,0.9258883257345614,3.5940391999902204
temporal,MCAR,lightgbm,20,17,22.50042221181885,11.986334112074813,0.924899612042086,3.465838000003714
temporal,MCAR,lightgbm,20,18,22.429976972602663,11.994170811566736,0.9253691306087832,3.4668636999849696
temporal,MCAR,lightgbm,20,19,22.30558921892719,11.923358369347286,0.9261945818191264,3.992748000018764
temporal,MCAR,lightgbm,20,20,22.50161026249886,12.000620226725545,0.924891681042242,3.647211399977096
temporal,MCAR,lightgbm,20,21,22.34996884011508,11.954316549467332,0.925900600348982,4.378739899984794
temporal,MCAR,lightgbm,20,22,22.47180417476937,11.976997416393472,0.9250905292503636,3.619324800005416
temporal,MCAR,lightgbm,20,23,22.5448482052457,12.009387114083056,0.9246027551120584,3.66098659997806
temporal,MCAR,lightgbm,20,24,22.427210266946357,11.950944232562858,0.9253875406957952,3.3891505999781657
temporal,MCAR,lightgbm,20,25,22.391421396638407,11.938443521266992,0.9256254806800236,3.598220199986826
temporal,MCAR,lightgbm,20,26,22.448663275127625,11.96361745784006,0.9252447295974396,3.9997391999932006
temporal,MCAR,lightgbm,20,27,22.41916018215616,11.973970131128343,0.9254410942871312,3.5724118999787606
temporal,MCAR,lightgbm,20,28,22.429233620699247,11.953496620343689,0.9253740772103426,3.4890644999977667
temporal,MCAR,lightgbm,20,29,22.54155282678254,12.00964643534135,0.9246247951183478,3.46860100000049
temporal,MCAR,lightgbm,20,30,22.413182428395256,11.960364648730698,0.9254808491536196,3.4642866000067443
temporal,MCAR,lightgbm,30,1,22.214379539008508,11.825942966486789,0.9267969425172472,3.872562499978813
temporal,MCAR,lightgbm,30,2,22.081906267931625,11.804288489186186,0.9276674177488156,4.376946099975612
temporal,MCAR,lightgbm,30,3,22.206771178452183,11.802980815300591,0.9268470775999216,3.473495000012917
temporal,MCAR,lightgbm,30,4,22.2118321889483,11.823379854069932,0.926813730122858,3.6037502999824937
temporal,MCAR,lightgbm,30,5,22.036074615386408,11.793359619105834,0.9279673629999527,3.9594051000021855
temporal,MCAR,lightgbm,30,6,22.02103731004293,11.807182174623687,0.9280656388679562,3.828090700000757
temporal,MCAR,lightgbm,30,7,22.19613596002346,11.855545647957536,0.926917129297558,3.4390786000003573
temporal,MCAR,lightgbm,30,8,22.06645620195416,11.79486192863074,0.9277686003368004,3.4154735000047367
temporal,MCAR,lightgbm,30,9,22.018986239403176,11.788342234386429,0.9280790383806924,3.715202299994417
temporal,MCAR,lightgbm,30,10,22.24800006524581,11.83220379048479,0.926575195363329,3.6998277999809934
temporal,MCAR,lightgbm,30,11,22.1498315322526,11.801245904603142,0.9272217346295896,3.86752030000207
temporal,MCAR,lightgbm,30,12,22.10699758892561,11.791760712368324,0.9275029436178208,3.652987099980237
temporal,MCAR,lightgbm,30,13,22.130912711226653,11.815422416517247,0.9273460056389424,3.4491202000062917
temporal,MCAR,lightgbm,30,14,22.07171978626348,11.797124197067763,0.9277341370407338,3.617127500008792
temporal,MCAR,lightgbm,30,15,22.057579696781847,11.81508927942012,0.927826700598038,3.476384999987204
temporal,MCAR,lightgbm,30,16,22.13441795927391,11.81049946459164,0.9273229889253156,3.607791499991436
temporal,MCAR,lightgbm,30,17,22.11720762800951,11.80435549954827,0.9274359631330198,3.47783379998873
temporal,MCAR,lightgbm,30,18,22.170845758508204,11.834778438930291,0.9270835751661942,3.6219440000131726
temporal,MCAR,lightgbm,30,19,22.00970075721817,11.781580076598765,0.9281396842241858,4.750646000000415
temporal,MCAR,lightgbm,30,20,22.061135245196827,11.810568757697478,0.9278034309241874,3.7970054000034
temporal,MCAR,lightgbm,30,21,22.03947763887941,11.76684959167681,0.9279451133309145,5.112524099997245
temporal,MCAR,lightgbm,30,22,22.134338562875783,11.823115900213264,0.92732351031084,5.129142199992202
temporal,MCAR,lightgbm,30,23,22.24483176684045,11.854158491277325,0.9265961064678264,3.716005599999335
temporal,MCAR,lightgbm,30,24,21.97537121654585,11.773279942241048,0.9283636770687124,3.9802127000002656
temporal,MCAR,lightgbm,30,25,22.088089107942302,11.819613399537614,0.9276269064461996,3.59106399997836
temporal,MCAR,lightgbm,30,26,22.09414931708259,11.80592115316356,0.9275871876413058,3.463284700002987
temporal,MCAR,lightgbm,30,27,22.018847901718605,11.817078666148364,0.9280799420869704,3.816564200009452
temporal,MCAR,lightgbm,30,28,22.19779216264008,11.794818908357996,0.9269062224840736,3.473272500006715
temporal,MCAR,lightgbm,30,29,22.056278503307908,11.82480562855741,0.9278352154629972,3.521613899996737
temporal,MCAR,lightgbm,30,30,22.23606769007278,11.840419988175832,0.92665393478829,3.7513295999960974
temporal,MCAR,lightgbm,40,1,21.89971207230716,11.640408132071911,0.9288561022166912,4.4137401999905705
temporal,MCAR,lightgbm,40,2,21.916234636700217,11.634833808779025,0.9287487105708572,4.206508700008271
temporal,MCAR,lightgbm,40,3,21.900743939247192,11.642581587255927,0.9288493977663907,4.0375048000132665
temporal,MCAR,lightgbm,40,4,21.85045066215828,11.6238006319413,0.9291758056924704,4.169114099990111
temporal,MCAR,lightgbm,40,5,21.833033555803453,11.613462441694365,0.9292886693499108,3.5538570000207983
temporal,MCAR,lightgbm,40,6,21.85133633943972,11.62760281410094,0.9291700640579268,3.74516359998961
temporal,MCAR,lightgbm,40,7,21.830961326957667,11.628713776673967,0.9293020914980472,4.407925600011367
temporal,MCAR,lightgbm,40,8,21.878068779608373,11.62677314527204,0.928996654505124,3.484602599986829
temporal,MCAR,lightgbm,40,9,21.808001829042205,11.601934501654108,0.9294507184787404,4.406514999980573
temporal,MCAR,lightgbm,40,10,21.984055738852515,11.642279199957745,0.928307045472492,3.811175999988336
temporal,MCAR,lightgbm,40,11,21.851176209861386,11.633464414510792,0.92917110215702,3.825325800018618
temporal,MCAR,lightgbm,40,12,21.90327836009116,11.611704111957753,0.9288329292844272,3.836298300011549
temporal,MCAR,lightgbm,40,13,21.87650941461287,11.629151271475973,0.9290067757079452,3.37952960000257
temporal,MCAR,lightgbm,40,14,21.785685680316337,11.60707501674394,0.9295950308953274,3.735029600007693
temporal,MCAR,lightgbm,40,15,21.78412987010337,11.604995599089245,0.929605086384086,3.4066489999822807
temporal,MCAR,lightgbm,40,16,21.83692800484133,11.608671906243618,0.929263440951539,3.645374000014272
temporal,MCAR,lightgbm,40,17,21.8686152995993,11.612170007162884,0.9290580021218195,3.42456260000472
temporal,MCAR,lightgbm,40,18,21.78603561932836,11.62926626363518,0.9295927690759322,3.485782699979609
temporal,MCAR,lightgbm,40,19,21.879429956087684,11.629359398495463,0.9289878190734994,3.449142199999187
temporal,MCAR,lightgbm,40,20,21.90143259403808,11.640706363702336,0.9288449231262964,3.4277108999958728
temporal,MCAR,lightgbm,40,21,21.863183387933173,11.608432927890233,0.92909324009206,3.961135199991986
temporal,MCAR,lightgbm,40,22,21.9196009099665,11.64423492634252,0.928726820886336,3.767883599997731
temporal,MCAR,lightgbm,40,23,21.960506092149245,11.663462721286132,0.9284605603180548,3.580840699985856
temporal,MCAR,lightgbm,40,24,21.8501114926126,11.607219207232518,0.9291780043861032,3.674595599994064
temporal,MCAR,lightgbm,40,25,21.836888914648185,11.613385712656914,0.9292636942017471,3.483965499995975
temporal,MCAR,lightgbm,40,26,21.899065977346467,11.64616367507784,0.9288602999920446,3.736720200016862
temporal,MCAR,lightgbm,40,27,21.85662518975372,11.612716415856138,0.9291357728587164,3.5202725999988616
temporal,MCAR,lightgbm,40,28,21.990327077303142,11.629061037849905,0.9282661362865438,3.5085381000244524
temporal,MCAR,lightgbm,40,29,21.86920252894826,11.616209778160789,0.92905419211538,3.9738342000055127
temporal,MCAR,lightgbm,40,30,21.910314678062583,11.647280915587784,0.928787197813294,3.794010699988576
temporal,MCAR,lightgbm,50,1,21.572397783604437,11.41309373817829,0.9309668509072988,3.9296295999956783
temporal,MCAR,lightgbm,50,2,21.56439244418253,11.412499383391546,0.9310180766687062,3.754752200009534
temporal,MCAR,lightgbm,50,3,21.635209468331865,11.410827471712306,0.9305642622783036,3.972206300008111
temporal,MCAR,lightgbm,50,4,21.503120999333905,11.419073942834132,0.931409519879414,3.665085899992846
temporal,MCAR,lightgbm,50,5,21.56483578140993,11.42620455067269,0.931015240273563,3.7557093999930657
temporal,MCAR,lightgbm,50,6,21.445413272857312,11.40641213225566,0.9317771771485708,3.735434400005033
temporal,MCAR,lightgbm,50,7,21.564112405027476,11.428439384767284,0.9310198682808876,3.549606299988227
temporal,MCAR,lightgbm,50,8,21.480169419000664,11.403465617648752,0.9315558632649408,3.561571800004458
temporal,MCAR,lightgbm,50,9,21.57197674488512,11.433962077278816,0.9309695455864284,3.762843799981056
temporal,MCAR,lightgbm,50,10,21.510169455342307,11.418120952309568,0.9313645462946644,3.7827495000092313
temporal,MCAR,lightgbm,50,11,21.58265194695493,11.414595685594373,0.9309012072607576,3.952486900001532
temporal,MCAR,lightgbm,50,12,21.44354422139005,11.419094172091231,0.931789068400928,4.052634299994679
temporal,MCAR,lightgbm,50,13,21.51261846187169,11.430109976869993,0.9313489166415968,3.4862264999828767
temporal,MCAR,lightgbm,50,14,21.57117667024548,11.424762166806303,0.9309746659787224,3.7738723999937065
temporal,MCAR,lightgbm,50,15,21.56231585614113,11.427567827140368,0.9310313615447162,3.687021900026594
temporal,MCAR,lightgbm,50,16,21.52220373751,11.430006934784526,0.9312877259355176,3.551223400019808
temporal,MCAR,lightgbm,50,17,21.475764015215823,11.412312306466168,0.9315839350304008,3.7491130999987945
temporal,MCAR,lightgbm,50,18,21.51928964256037,11.428107020520972,0.9313063318866068,3.7678206999844406
temporal,MCAR,lightgbm,50,19,21.5169034046642,11.419625796410523,0.931321565692966,3.475581599981524
temporal,MCAR,lightgbm,50,20,21.611080132016927,11.443992886704116,0.9307190566174152,3.5378664000018034
temporal,MCAR,lightgbm,50,21,21.470489019732387,11.410833157310371,0.9316175403643964,3.992977299989434
temporal,MCAR,lightgbm,50,22,21.50826342345785,11.427176282618111,0.9313767094314866,4.453732499998296
temporal,MCAR,lightgbm,50,23,21.5808731455904,11.434623437594976,0.9309125967750752,3.517446000012569
temporal,MCAR,lightgbm,50,24,21.421455346420547,11.412170144693905,0.9319295234209626,3.849346999981208
temporal,MCAR,lightgbm,50,25,21.476101029320624,11.39408007646546,0.9315817877391764,3.570422899996629
temporal,MCAR,lightgbm,50,26,21.542368336210107,11.408289005667058,0.9311589097113996,3.633998600009363
temporal,MCAR,lightgbm,50,27,21.535951348948544,11.42492159235696,0.9311999160296008,3.785715900012292
temporal,MCAR,lightgbm,50,28,21.52960454820506,11.41218212054548,0.9312404618196174,3.834245000005467
temporal,MCAR,lightgbm,50,29,21.545893263186905,11.424068304496728,0.9311363792574208,3.74347410001792
temporal,MCAR,lightgbm,50,30,21.4948947413896,11.411508888198426,0.93146198994209,3.6812570999900345
temporal,MCAR,xgboost,10,1,22.68770161593588,12.005658082219917,0.9236442321317252,8.071223000006285
temporal,MCAR,xgboost,10,2,22.7048940276347,12.006167060293508,0.9235284656952122,7.481220600020606
temporal,MCAR,xgboost,10,3,22.651327610471448,12.021011779821992,0.9238888702852536,7.619914700015215
temporal,MCAR,xgboost,10,4,22.6949710650312,12.01350794835615,0.9235952934333812,7.167909200012218
temporal,MCAR,xgboost,10,5,22.65596129376219,12.058392041707185,0.9238577276565612,7.050825300015276
temporal,MCAR,xgboost,10,6,22.629936754366337,11.99785352768869,0.9240325540029848,7.241690399998333
temporal,MCAR,xgboost,10,7,22.619322869404478,12.006745598126862,0.9241037977412112,7.388738300011028
temporal,MCAR,xgboost,10,8,22.586100420645067,11.995586371139572,0.9243265812429006,7.26041940000141
temporal,MCAR,xgboost,10,9,22.670392557879374,12.025861889494148,0.9237606954281434,7.135782900004415
temporal,MCAR,xgboost,10,10,22.701474609748004,12.030697702677378,0.9235514975967484,7.45876809998299
temporal,MCAR,xgboost,10,11,22.80544121106306,12.042815249992923,0.9228496673272404,7.359810900001321
temporal,MCAR,xgboost,10,12,22.65339403727908,12.026072558854793,0.92387498277671,7.410676100000273
temporal,MCAR,xgboost,10,13,22.654330440313547,12.016704951884051,0.9238686892234964,7.296194900001865
temporal,MCAR,xgboost,10,14,22.71087886616942,12.0107167977012,0.9234881457444644,7.54624049999984
temporal,MCAR,xgboost,10,15,22.561378095042144,11.979638683906572,0.924492152012462,7.481571400014218
temporal,MCAR,xgboost,10,16,22.68479753330517,12.004828384588356,0.9236637783397206,7.207970199990086
temporal,MCAR,xgboost,10,17,22.64937774791952,11.994502546593248,0.9239019732571097,7.08441790001234
temporal,MCAR,xgboost,10,18,22.7158062755352,12.02476625938002,0.9234549417343972,7.195247199997539
temporal,MCAR,xgboost,10,19,22.674846724231436,12.00731869194645,0.923730734243836,7.146504000003915
temporal,MCAR,xgboost,10,20,22.6347271529375,12.008293156005724,0.9240003883927884,7.187128300021868
temporal,MCAR,xgboost,10,21,22.557388889276726,11.975178710941911,0.9245188515971564,7.806702700007008
temporal,MCAR,xgboost,10,22,22.77227930196522,12.019074107030438,0.9230738762906664,7.719501999992644
temporal,MCAR,xgboost,10,23,22.65204417886486,12.028828674464796,0.9238840547006184,7.560695399995893
temporal,MCAR,xgboost,10,24,22.699067918267517,11.995192021405211,0.9235677060774636,7.324342299980344
temporal,MCAR,xgboost,10,25,22.696107965824837,12.017416439412033,0.9235876382795573,7.095270000019809
temporal,MCAR,xgboost,10,26,22.5943439216065,11.985304718026017,0.9242713324191713,7.183759500010638
temporal,MCAR,xgboost,10,27,22.58902435758867,11.985982318825142,0.9243069870125752,7.168836400000146
temporal,MCAR,xgboost,10,28,22.54970557222186,11.975546168423916,0.924570262407998,7.173384699999588
temporal,MCAR,xgboost,10,29,22.550873898660804,11.99312528669027,0.9245624460008705,7.087158999987878
temporal,MCAR,xgboost,10,30,22.554246207845427,11.996251856662392,0.9245398821056487,7.543817400000989
temporal,MCAR,xgboost,20,1,22.52857178982164,11.86446182549082,0.9247115829805496,7.930260399996769
temporal,MCAR,xgboost,20,2,22.535406355572924,11.871803454256684,0.92466589506978,7.23061980001512
temporal,MCAR,xgboost,20,3,22.766142818665354,11.926805970326306,0.9231153295210938,7.330511700012721
temporal,MCAR,xgboost,20,4,22.581889286635228,11.891545309965188,0.9243547969325197,7.333147199999075
temporal,MCAR,xgboost,20,5,22.79347681072298,11.959066455434042,0.9229305967270688,7.576831000013044
temporal,MCAR,xgboost,20,6,22.514634418381483,11.87128442365139,0.9248047089948892,7.1594116000051145
temporal,MCAR,xgboost,20,7,22.684315878839747,11.906924619225716,0.9236670199196066,7.206265100016026
temporal,MCAR,xgboost,20,8,22.635918706334785,11.896953334344357,0.9239923865310128,7.188733299990417
temporal,MCAR,xgboost,20,9,22.73792382107111,11.912503065738989,0.9233058109492795,7.230428499984555
temporal,MCAR,xgboost,20,10,22.67185209267617,11.908248506801929,0.923750878438908,7.5914774000120815
temporal,MCAR,xgboost,20,11,22.81650034806895,11.958097582967444,0.9227748235241332,7.315390999981901
temporal,MCAR,xgboost,20,12,22.631766150534627,11.920562306854109,0.9240202711430318,7.35551470000064
temporal,MCAR,xgboost,20,13,22.654389992075235,11.922610997242272,0.9238682889680444,7.484701700013829
temporal,MCAR,xgboost,20,14,22.470259562192265,11.86710424536724,0.9251008267888436,7.064803499990376
temporal,MCAR,xgboost,20,15,22.564113281674413,11.877797810388216,0.92447384279619,7.172458000015467
temporal,MCAR,xgboost,20,16,22.641171520927774,11.892550339640442,0.923957106299524,7.06363990000682
temporal,MCAR,xgboost,20,17,22.69264344796654,11.894307315836263,0.923610964903378,7.592438399995444
temporal,MCAR,xgboost,20,18,22.56326720050048,11.907894680868926,0.9244795066626053,7.426764500007266
temporal,MCAR,xgboost,20,19,22.62486706913795,11.907975589683945,0.924066587496174,7.112999100005254
temporal,MCAR,xgboost,20,20,22.59849244269657,11.894215197603932,0.9242435209618324,7.096087299985811
temporal,MCAR,xgboost,20,21,22.779028180456805,11.907700383251596,0.9230282733024264,7.398688799992669
temporal,MCAR,xgboost,20,22,22.633721423088428,11.892570409826952,0.9240071420310604,7.663953600014793
temporal,MCAR,xgboost,20,23,22.604691589561465,11.882852096093428,0.9242019527064445,7.338811399997212
temporal,MCAR,xgboost,20,24,22.694083938852195,11.8923586508803,0.9236012665003184,7.348377100017387
temporal,MCAR,xgboost,20,25,22.775736407244537,11.925299552901953,0.9230505179002796,7.157978400005959
temporal,MCAR,xgboost,20,26,22.520479974386024,11.879236494476846,0.9247656574749992,7.483739899995271
temporal,MCAR,xgboost,20,27,22.533859699595904,11.866632315822477,0.9246762354154078,7.094112699996913
temporal,MCAR,xgboost,20,28,22.67836570407009,11.893911372869914,0.9237070594787616,7.274962499999674
temporal,MCAR,xgboost,20,29,22.65062743727941,11.881409846657697,0.92389357554138,7.108305900008418
temporal,MCAR,xgboost,20,30,22.516191264424886,11.883937734027082,0.924794309399976,6.979228399985004
temporal,MCAR,xgboost,30,1,22.30384700830268,11.721484100212844,0.9262061107288356,7.73304520000238
temporal,MCAR,xgboost,30,2,22.037631449485,11.679579031654164,0.9279571845240798,7.581962900003418
temporal,MCAR,xgboost,30,3,22.103540222022115,11.704415161347285,0.9275256178251646,7.61803179999697
temporal,MCAR,xgboost,30,4,22.336894379695984,11.7406271846006,0.9259872694896684,7.369796600018162
temporal,MCAR,xgboost,30,5,22.331438285705943,11.759643495801596,0.926023422330606,7.513950099993963
temporal,MCAR,xgboost,30,6,22.244844861290584,11.710611041236293,0.9265960200491996,7.198165199981304
temporal,MCAR,xgboost,30,7,22.202425441676173,11.722610683291082,0.926875706006696,7.177371300000232
temporal,MCAR,xgboost,30,8,22.16025330681538,11.693930949606482,0.927153232337774,7.123022199986735
temporal,MCAR,xgboost,30,9,22.23791909404349,11.728547051437715,0.9266417205018954,7.306237099983264
temporal,MCAR,xgboost,30,10,22.15175474822668,11.733286957435691,0.9272090957615352,6.9884896999865305
temporal,MCAR,xgboost,30,11,22.305752657779024,11.751642798893084,0.926193500232186,7.793761500011897
temporal,MCAR,xgboost,30,12,22.20187278750171,11.71994381800142,0.9268793463245948,7.740820500010159
temporal,MCAR,xgboost,30,13,22.187007696128223,11.737714872943918,0.9269772282763308,7.075366000004578
temporal,MCAR,xgboost,30,14,22.211499650527696,11.70982205328746,0.9268159214832292,7.314269099995727
temporal,MCAR,xgboost,30,15,22.2019198147042,11.707832207202364,0.9268790365612284,7.388076100003673
temporal,MCAR,xgboost,30,16,22.37927753858893,11.733709155129343,0.9257061319855578,7.182028300012462
temporal,MCAR,xgboost,30,17,22.17923274881013,11.703444440239364,0.9270283977475396,7.132650100014871
temporal,MCAR,xgboost,30,18,22.34229441832477,11.746208612339904,0.9259514793831178,6.959437700017588
temporal,MCAR,xgboost,30,19,22.26632808678872,11.715551120219963,0.9264541700390228,7.266627699980745
temporal,MCAR,xgboost,30,20,22.35843547241864,11.733472268505784,0.925844448932746,7.237186200014548
temporal,MCAR,xgboost,30,21,22.262190115361868,11.72200033473368,0.9264815029933728,7.729341400001431
temporal,MCAR,xgboost,30,22,22.26081292836037,11.71765794304978,0.9264905987369804,7.67984019999858
temporal,MCAR,xgboost,30,23,22.34224592548261,11.731969045097664,0.9259518008200534,7.300482299993746
temporal,MCAR,xgboost,30,24,22.312533717602115,11.71722770840404,0.9261486183245364,7.61197609998635
temporal,MCAR,xgboost,30,25,22.33216499723765,11.721374100787594,0.9260186075483152,7.156590300000971
temporal,MCAR,xgboost,30,26,22.22230867013541,11.699993951706825,0.9267446754502988,7.195891000010306
temporal,MCAR,xgboost,30,27,22.227204113456256,11.718569869197449,0.9267123964647764,7.210934200003976
temporal,MCAR,xgboost,30,28,22.221310284700586,11.71189373397861,0.9267512576112452,7.235146599996369
temporal,MCAR,xgboost,30,29,22.12051031244025,11.701699653125589,0.9274142900527356,7.80399249997572
temporal,MCAR,xgboost,30,30,22.321039242359195,11.727153703957445,0.926092303386274,7.120202800026164
temporal,MCAR,xgboost,40,1,22.094119618518476,11.531939046062108,0.927587382313214,7.424695199995767
temporal,MCAR,xgboost,40,2,21.946471402959432,11.518930685387804,0.928551971050004,7.346255600015866
temporal,MCAR,xgboost,40,3,22.180092790610903,11.566648195890822,0.9270227384133588,7.40235419999226
temporal,MCAR,xgboost,40,4,22.08297588135803,11.537947853187848,0.92766041022202,7.296716000011656
temporal,MCAR,xgboost,40,5,22.209041852378355,11.575709545271843,0.926832116854436,7.086303799995221
temporal,MCAR,xgboost,40,6,21.93637065941489,11.511569072671277,0.9286177230453666,7.357371899997815
temporal,MCAR,xgboost,40,7,21.98839098505803,11.55577194036145,0.9282787670457782,7.70036980000441
temporal,MCAR,xgboost,40,8,22.13837781273924,11.549242387078408,0.9272969827246949,7.164010699983919
temporal,MCAR,xgboost,40,9,21.98589105247332,11.543670396620572,0.928295074565041,7.172851999988779
temporal,MCAR,xgboost,40,10,22.06377651815252,11.559065653856958,0.9277861423976886,7.197335099976044
temporal,MCAR,xgboost,40,11,22.09216332200208,11.568582241833928,0.9276002051169818,7.479537400009576
temporal,MCAR,xgboost,40,12,22.024808446003032,11.5335030182739,0.9280409990219513,7.375978700001724
temporal,MCAR,xgboost,40,13,22.08140409894902,11.547943079406874,0.927670707570426,7.366205500002252
temporal,MCAR,xgboost,40,14,22.04809806384117,11.531301156211786,0.9278887358405252,7.500294600002235
temporal,MCAR,xgboost,40,15,21.93234828461421,11.52813506269937,0.9286438987470778,7.482648699980928
temporal,MCAR,xgboost,40,16,21.957695246438035,11.522147887123094,0.928478872597134,7.329731600009836
temporal,MCAR,xgboost,40,17,22.008587242564268,11.533165750334431,0.9281469551536192,7.252221800008556
temporal,MCAR,xgboost,40,18,22.00962226911824,11.540129809408782,0.9281401967408848,7.210747600009199
temporal,MCAR,xgboost,40,19,22.07966292465763,11.544723429612686,0.92768211381422,7.202743600006215
temporal,MCAR,xgboost,40,20,22.05812403585417,11.53928584362683,0.9278231383548414,7.197967299987795
temporal,MCAR,xgboost,40,21,21.922145922398045,11.511986582742844,0.9287102693388888,7.492535900004441
temporal,MCAR,xgboost,40,22,21.992241015034875,11.53869673199067,0.9282536489667644,7.687970999977551
temporal,MCAR,xgboost,40,23,22.039520359368872,11.534016047330631,0.9279448339937122,7.629938699974446
temporal,MCAR,xgboost,40,24,21.96847466017574,11.525245373713778,0.9284086334347444,7.215328299993416
temporal,MCAR,xgboost,40,25,21.996848749919444,11.537470839682152,0.9282235817447756,7.390674199996283
temporal,MCAR,xgboost,40,26,21.955959592511032,11.511779268028985,0.928490178976794,7.181749500014121
temporal,MCAR,xgboost,40,27,21.96801075482369,11.518752779054184,0.9284116569735162,8.072971099987626
temporal,MCAR,xgboost,40,28,21.87889308763096,11.515281844680246,0.9289913039661424,7.426129300001776
temporal,MCAR,xgboost,40,29,21.854561502876816,11.511903341087034,0.9291491541259806,8.08679899998242
temporal,MCAR,xgboost,40,30,21.90129071837034,11.514755037829667,0.9288458449967087,8.649636999994982
temporal,MCAR,xgboost,50,1,21.597414047965074,11.306500269500498,0.9308066505579758,8.957890299992869
temporal,MCAR,xgboost,50,2,21.616109453717108,11.307971324242292,0.9306868067998408,9.660880500014173
temporal,MCAR,xgboost,50,3,21.61997423438988,11.319018866578466,0.930662019338674,10.479183800023748
temporal,MCAR,xgboost,50,4,21.585081314601084,11.317891424914054,0.9308856507091812,7.445175300003029
temporal,MCAR,xgboost,50,5,21.696268048849447,11.349394044605663,0.9301717881379212,7.091820000001462
temporal,MCAR,xgboost,50,6,21.66480787648724,11.31556486086416,0.9303741468902132,7.528868800000055
temporal,MCAR,xgboost,50,7,21.482567810162493,11.28785645908453,0.93154057800588,7.2959448999899905
temporal,MCAR,xgboost,50,8,21.59749038471594,11.315001737773258,0.9308061614248972,8.013688699982595
temporal,MCAR,xgboost,50,9,21.676364283176817,11.324036646715587,0.9302998476598644,7.176273299992317
temporal,MCAR,xgboost,50,10,21.63332716214029,11.327897835374674,0.9305763438468848,7.048952800018014
temporal,MCAR,xgboost,50,11,21.69510425796028,11.325753143594364,0.9301792791273432,7.409190400008811
temporal,MCAR,xgboost,50,12,21.53716819025739,11.32209401560076,0.9311921410167358,7.2899073000007775
temporal,MCAR,xgboost,50,13,21.67601674188447,11.337674440980646,0.9303020826736804,7.386540800012881
temporal,MCAR,xgboost,50,14,21.55253931891863,11.308103946471114,0.9310938892995878,7.415524300013203
temporal,MCAR,xgboost,50,15,21.63875742388455,11.322857082714943,0.9305414868934456,7.369857799989404
temporal,MCAR,xgboost,50,16,21.739577195716475,11.326477871195436,0.9298927338171752,7.408958999993047
temporal,MCAR,xgboost,50,17,21.73700276827873,11.334152209910403,0.9299093372111904,7.209914600010961
temporal,MCAR,xgboost,50,18,21.652529333568555,11.317752965250266,0.930453045514364,7.273173800000222
temporal,MCAR,xgboost,50,19,21.696542474124985,11.346104619058917,0.9301700216822868,7.096771099983016
temporal,MCAR,xgboost,50,20,21.642381935802096,11.314271232481255,0.9305182162140768,7.06463970002369
temporal,MCAR,xgboost,50,21,21.674592124510184,11.329487611361907,0.9303112439141644,7.882941199990455
temporal,MCAR,xgboost,50,22,21.68685912312457,11.315465214819431,0.9302323391964202,9.151887899992287
temporal,MCAR,xgboost,50,23,21.657982735419807,11.328161335674888,0.9304180089377484,8.013625499996124
temporal,MCAR,xgboost,50,24,21.64100397654453,11.317745536335044,0.9305270636708426,9.21725129999686
temporal,MCAR,xgboost,50,25,21.618620446208304,11.3195717972596,0.9306707026052512,7.495236499991734
temporal,MCAR,xgboost,50,26,21.6248358653266,11.321465618249762,0.9306308321069816,7.611837499978719
temporal,MCAR,xgboost,50,27,21.638634114077384,11.302153081367152,0.9305422785185178,7.401092799991602
temporal,MCAR,xgboost,50,28,21.601837665458078,11.32236150721551,0.930778303066307,7.253559100005077
temporal,MCAR,xgboost,50,29,21.628711271836742,11.326088100571187,0.9306059664557,7.298608599987347
temporal,MCAR,xgboost,50,30,21.57623072065104,11.299136569342188,0.9309423174062936,7.252859100000933
